Volume Type,,,,concatenated,,, ,,,,,,,,,,,,,,raid-1,,,,,,,,,,,,,,,raid-10,,,,,,,,,,,,,,,ec,,,,,,,,,,,,,,,,,,,,,,,,,,,,,ec-6D-2P,,,,,,,,,,,,,,,,,,,,,,,,,,,,
Test Program,,,,,,, ,DD,,FIO,,,,,,,,,,,,,DD,,FIO,,,,,,,,,,,,,DD,,FIO,,,,,,,,,,,,,DD,,FIO,,,,,,,,,,,,,,,,,,,,,,,,,,,DD,,FIO,,,,,,,,,,,,,,,,,,,,,,,,
Serial / Random,,,,,,, ,Serial,Serial,Serial,Serial,Random,Random,Random,Random,Random,Random,Random,Random,Random,,,Serial,Serial,Serial,Serial,Random,Random,Random,Random,Random,Random,Random,,Random,,,Serial,Serial,Serial,Serial,Random,Random,Random,Random,Random,Random,Random,,Random,,,Serial,Serial,Serial,Serial,Random,Random,Random,Random,Random,Random,Random,Random,Random,Serial,Serial,Random,Random,Random,Random,Serial,Serial,Serial,Random,Random,Random,Random,Serial,,,Serial,Serial,Serial,Serial,Random,Random,Random,Random,Random,Random,Random,Random,Random,Serial,Serial,Random,Random,Random,Random,Serial,Serial,Serial,Random,Random,Random,Random,Serial
Read / Write,,,,,,, ,Write,Write,Write,Read,Write,Write,Read,Write,Read,Read,Write,Write,Write,,,Write,Write,Write,Read,Write,Write,Read,Write,Read,Read,Write,,Write,,,Write,Write,Write,Read,Write,Write,Read,Write,Read,Read,Write,,Write,,,Write,Write,Write,Read,Write,Write,Read,Write,Read,Read,Write,Write,Write,Write,read,Write,Read,Write,Read,Write,Write,read,Write,Read,read,write,Write,,,Write,Write,Write,Read,Write,Write,Read,Write,Read,Read,Write,Write,Write,Write,read,Write,Read,Write,Read,Write,Write,read,Write,Read,read,write,Write
Block Size,,,,,,, ,16M,1M,1M,1M,4K,32K,4K,4K,4K,16K,32K,32K,1M,,,16M,1M,1M,1M,4K,32K,4K,4K,4K,16K,32K,,1M,,,16M,1M,1M,1M,4K,32K,4K,4K,4K,16K,32K,,1M,,,16M,1M,1M,1M,4K,32K,4K,4K,4K,16K,32K,32K,1M,128K,128K,128K,128K,128K,128K,128K,132K,132K,132K,132K,132k,132K,132K,,,16M,1M,1M,1M,4K,32K,4K,4K,4K,16K,32K,32K,1M,128K,128K,128K,128K,128K,128K,128K,132K,132K,132K,132K,132k,132K,132K
Depth,,,,,,, ,1,1,32,32,1,1,1,32,32,32,32,32,4,,,1,1,32,32,1,1,1,32,32,32,32,,4,,,1,1,32,32,1,1,1,32,32,32,32,,4,,,1,1,32,32,1,1,1,32,32,32,32,32,4,32,32,1,1,32,32,32,32,32,1,1,32,32,32,,,1,1,32,32,1,1,1,32,32,32,32,32,4,32,32,1,1,32,32,32,32,32,1,1,32,32,32
Jobs,,,,,,, ,,,8,8,1,1,1,24,24,24,24,24,12,,,,,8,8,1,1,1,24,24,24,24,,12,,,,,8,8,1,1,1,24,24,24,24,,12,,,,,8,8,1,1,1,24,24,24,24,24,12,8,8,1,1,24,24,8,8,8,1,1,24,24,8,,,,,8,8,1,1,1,24,24,24,24,24,12,8,8,1,1,24,24,8,8,8,1,1,24,24,8
Number of clients,,,,,,, ,1,1,1,all,1,1,all,1,all,all,1,all,all,,,1,1,1,all,1,1,all,1,all,all,1,all,all,,,1,1,1,all,1,1,all,1,all,all,1,all,all,,,1,1,1,all,1,1,all,1,all,all,1,all,all,1,all,1,all,1,all,all,1,all,1,all,all,1,all,,,1,1,1,all,1,1,all,1,all,all,1,all,all,1,all,1,all,1,all,all,1,all,1,all,all,1,all
Commit ID,Core build,Mgmt Node,Mgmt build,Date & Time,Exec ID,Protocol,IOMMU,MB/s,MB/s,MB/s,MB/s,usec,usec,usec,IO/s,IO/s,IO/s,IO/s,IO/s,MB/s,Date & Time,Exec ID,MB/s,MB/s,MB/s,MB/s,usec,usec,usec,IO/s,IO/s,IO/s,IO/s,,MB/s,Date & Time,Exec ID,MB/s,MB/s,MB/s,MB/s,usec,usec,usec,IO/s,IO/s,IO/s,IO/s,,MB/s,Date & Time,Exec ID,MB/s,MB/s,MB/s,MB/s,usec,usec,usec,IO/s,IO/s,IO/s,IO/s,,MB/s,MB/s,MB/s,usec,usec,IO/s,IO/s,MB/s,MB/s,MB/s,usec,usec,IO/s,IO/s,MB/s,Date & Time,Exec ID,MB/s,MB/s,MB/s,MB/s,usec,usec,usec,IO/s,IO/s,IO/s,IO/s,,MB/s,MB/s,MB/s,usec,usec,IO/s,IO/s,MB/s,MB/s,MB/s,usec,usec,IO/s,IO/s,MB/s
efd66d651eb3a8af198a1660bd4f558aed76ff9e,master,,master,26/09/2019 12:44,136,, ,1228,1126,1163,3549,26,,91,267791,572941,179186,35550,,,26/09/2019 12:49,136,1126,1126,1142,7097,37,,93,255919,959563,324466,34797,,,26/09/2019 12:38,136,2252,2150,2304,12332,47,,120,395835,979789,496879,67097,,,26/09/2019 12:55,136,196,248,1109,12219,275,,149,122864,1009863,413966,49907,,,,,,,,,,,,,,,,,,,,,,,,,,,,,,,,,,,,,,,,,,,,,
2aac586180554ab6f2c9275c2d54f753938bae77,SCQ branch,,master,02/10/2019 22:12,159,, ,1228,1228,1165,3550,27,,94,267764,585786,179077,35493,,,02/10/2019 22:18,159,1126,1126,1142,7098,38,,99,226409,971007,327128,34737,,,02/10/2019 22:07,159,2252,2150,2304,12347,48,,121,314516,925756,500189,67207,,,02/10/2019 22:24,159,227,262,944,12287,244,,147,112333,1163721,368859,38488,,,,,,,,,,,,,,,,,,,,,,,,,,,,,,,,,,,,,,,,,,,,,
18d33525920ca426eb507fdc9fc46fd28da75cca,,,,14/10/2019 23:10,172,, ,1228,1126,1161,3549,26,,91,267413,566546,179323,35425,,,14/10/2019 23:15,172,1126,1126,1140,7098,38,,95,254651,936716,325379,34720,,,14/10/2019 23:04,172,2252,2150,2300,12329,66,,116,378082,739119,496486,67087,,,14/10/2019 23:21,172,195,243,1106,12239,273,,149,120244,1046328,502786,49046,,,,,,,,,,,,,,,,,,,,,,,,,,,,,,,,,,,,,,,,,,,,,
127c56268e4019d137f30c4817801ec754a5000c,,,,16/10/2019 22:12,174,, ,1228,1126,1162,3545,25,,91,267652,559365,179051,35492,,,16/10/2019 22:17,174,1126,1126,1138,7092,38,,93,255005,928886,324254,34742,,,16/10/2019 22:06,174,2252,2150,2297,12324,73,,122,374124,1271448,496413,66613,,,16/10/2019 22:23,174,194,248,1134,12236,294,,155,127975,1144139,481845,46479,,,,,,,,,,,,,,,,,,,,,,,,,,,,,,,,,,,,,,,,,,,,,
9b077bdc2a45688dd6e1aee7e43b5dbb0c918d8e,,,,23/10/2019 12:12,180,, ,1126,1126,1153,3549,25,,91,271377,556202,179097,35151,,,23/10/2019 12:18,180,1126,1126,1142,7096,38,,94,254986,914613,324631,34835,,,23/10/2019 12:07,180,2252,2150,2291,12331,78,,122,369826,1236702,496152,67065,,,23/10/2019 12:24,180,193,249,1086,12209,291,,158,126029,1047953,456906,50443,,,,,,,,,,,,,,,,,,,,,,,,,,,,,,,,,,,,,,,,,,,,,
ed0202569b4717f3bde3c4b1873fe38206ebedda,master,,master,23/10/2019 22:11,181,, ,1126,1126,1149,3548,25,,91,270702,559368,179070,35098,,,23/10/2019 22:17,181,1126,1126,1139,7097,38,,94,250597,887942,325128,34697,,,23/10/2019 22:06,181,2252,2150,2287,12322,79,,123,367068,1248409,497306,66972,,,23/10/2019 22:23,181,194,233,1094,12237,291,,159,126996,1063032,463120,49489,,,,,,,,,,,,,,,,,,,,,,,,,,,,,,,,,,,,,,,,,,,,,
8eb8129f14ea3c86099177f46cb4e5c07b729f38,,,,24/10/2019 22:05,182,, ,,,,,,,,,,,,,,24/10/2019 22:05,182,,,,,,,,,,,,,,24/10/2019 22:05,182,,,,,,,,,,,,,,24/10/2019 22:05,182,,,,,,,,,,,,,,,,,,,,,,,,,,,,,,,,,,,,,,,,,,,,,,,,,,,,,,,,
9b81a53a33dfc25a23685510c8070d13e4dcedf3,,,,26/10/2019 22:08,184,, ,,,,,,,,,,,,,,26/10/2019 22:08,184,,,,,,,,,,,,,,26/10/2019 22:08,184,,,,,,,,,,,,,,26/10/2019 22:08,184,,,,,,,,,,,,,,,,,,,,,,,,,,,,,,,,,,,,,,,,,,,,,,,,,,,,,,,,
cf6cd1a5a4334f75fed5fdfa63ee229c4c3fb463,,,,27/10/2019 22:12,185,, ,1228,1228,1163,3272,26,,90,267201,517636,179190,35416,,,27/10/2019 22:18,185,1126,1126,1141,6544,38,,94,242651,845703,325853,34791,,,27/10/2019 22:07,185,2252,2150,2283,12330,66,,122,334757,1137731,500094,66752,,,27/10/2019 22:24,185,192,225,1090,12282,295,,143,118194,1052052,429012,45260,,,,,,,,,,,,,,,,,,,,,,,,,,,,,,,,,,,,,,,,,,,,,
acec25e0e7dad97a1e402d5371d223cc8ea36d4a,,,,28/10/2019 22:15,186,, ,1228,1228,1161,3272,26,,90,267534,516422,179241,35521,,,28/10/2019 22:21,186,1126,1126,1137,6544,38,,93,242847,838340,326171,34839,,,28/10/2019 22:10,186,2252,2150,2292,12332,66,,124,336476,1176562,499542,66767,,,28/10/2019 22:26,186,192,205,1085,12264,294,,145,117249,1050737,421026,39417,,,,,,,,,,,,,,,,,,,,,,,,,,,,,,,,,,,,,,,,,,,,,
df35257f8064ff1a8237b5d37632070edc87f5c5,,,,29/10/2019 22:13,187,, ,1228,1228,1164,3272,26,,90,267808,519766,179231,35558,,,29/10/2019 22:19,187,1126,1126,1139,6544,38,,94,243481,850132,325580,34771,,,29/10/2019 22:08,187,2252,2150,2289,12321,69,,123,328971,1183716,500016,66777,,,29/10/2019 22:25,187,193,235,1086,12272,283,,145,117933,1087526,430940,42251,,,,,,,,,,,,,,,,,,,,,,,,,,,,,,,,,,,,,,,,,,,,,
57fab30d247c92fe32a52c1692a8a607d4160343,,,,30/10/2019 22:15,188,, ,1228,1228,1168,3272,28,,96,268222,584438,179245,35551,,,30/10/2019 22:21,188,1126,1126,1139,6543,42,,99,210624,748456,330240,34839,,,30/10/2019 22:10,188,2252,2150,2280,12347,88,,135,273015,542372,23,67191,,,30/10/2019 22:27,188,220,220,780,12288,291,,158,117058,1124423,528632,30067,,,,,,,,,,,,,,,,,,,,,,,,,,,,,,,,,,,,,,,,,,,,,
187262058cb851f940aa54b9c3da0abd35d95db9,,,,03/11/2019 22:12,191,, ,1228,1228,1165,3272,28,,96,268043,594270,179200,35518,,,03/11/2019 22:18,191,1126,1126,1141,6543,42,,102,196353,880175,332237,34781,,,03/11/2019 22:07,191,2252,2150,2282,12345,86,,126,192682,1135680,519849,66847,,,03/11/2019 22:24,191,229,224,869,12284,300,,156,106149,1138349,518666,25666,,,,,,,,,,,,,,,,,,,,,,,,,,,,,,,,,,,,,,,,,,,,,
1afa6f18cab1360bdfb31ad0d31110576fa9283a,,,,09/11/2019 22:12,197,, ,1126,1126,1157,3538,33,,127,265865,586443,179319,35357,,,09/11/2019 22:18,197,1126,1126,1140,6530,66,,149,199333,932988,332150,34820,,,09/11/2019 22:07,197,2252,2150,2272,12347,134,,100,249655,1279991,509255,67597,,,09/11/2019 22:24,197,,,,,,,,,,,,,,,,,,,,,,,,,,,,,,,,,,,,,,,,,,,,,,,,,,,,,,,,
f8d89a27cbaf6542be14395743d4c4e0e7f859ed,,,,11/11/2019 22:12,199,, ,1228,1228,1165,3548,28,,96,268170,610996,179307,35611,,,11/11/2019 22:18,199,1126,1126,1142,7099,43,,99,202788,925669,331100,34876,,,11/11/2019 22:07,199,2252,2150,2279,12348,90,,126,286363,1259650,504503,66764,,,11/11/2019 22:24,199,221,226,1000,12287,286,,153,107474,1123505,517671,25972,,,,,,,,,,,,,,,,,,,,,,,,,,,,,,,,,,,,,,,,,,,,,
ef5983fe1e66756f526b1cd931777a909b73213d,,,,13/11/2019 22:14,202,, ,1228,1228,1166,635,29,,100,268232,126819,31416,35468,,,13/11/2019 22:20,202,1126,1126,1141,1906,43,,102,210558,283096,94104,34862,,,13/11/2019 22:08,202,2252,2150,2272,2383,188,,154,297068,528684,124095,66871,,,13/11/2019 22:26,202,221,227,971,4277,301,,124,110241,920338,310862,28155,,,,,,,,,,,,,,,,,,,,,,,,,,,,,,,,,,,,,,,,,,,,,
d66a3d782da2bb8e8ed4b4283253e98ab3276ea1,,,,16/11/2019 22:13,205,, ,1228,1228,1167,583,29,,99,267946,153862,37797,35504,,,16/11/2019 22:19,205,1126,1126,1137,1157,42,,101,197854,239167,49668,34797,,,16/11/2019 22:07,205,2252,2150,2271,2440,193,,176,308934,467924,81256,66712,,,16/11/2019 22:25,205,219,236,960,5246,279,,120,112966,296724,359929,31597,,,,,,,,,,,,,,,,,,,,,,,,,,,,,,,,,,,,,,,,,,,,,
8db07b5476668febdd111985d9f4fe62b233d373,,,,17/11/2019 22:13,206,, ,1228,1228,1166,379,28,,99,268085,124989,33319,35480,,,17/11/2019 22:19,206,1126,1126,1141,1775,42,,102,197997,276199,55842,34864,,,17/11/2019 22:07,206,2252,2150,2269,3416,191,,183,282172,439595,109255,66780,,,17/11/2019 22:26,206,219,237,1019,5598,285,,120,97612,394946,372487,27214,,,,,,,,,,,,,,,,,,,,,,,,,,,,,,,,,,,,,,,,,,,,,
845580043424952c1efad6fa03f64cd51d14d9ca,,,,18/11/2019 22:46,207,, ,1228,1228,1165,1583,29,,98,268260,308546,72885,35552,,,18/11/2019 22:59,207,1126,1126,1140,2465,42,,100,199599,503110,148690,34851,,,18/11/2019 22:32,207,2252,2150,2283,5406,52,,110,287559,771173,206319,66856,,,18/11/2019 23:13,207,224,233,949,8495,295,,135,109980,710604,422281,30646,,,,,,,,,,,,,,,,,,,,,,,,,,,,,,,,,,,,,,,,,,,,,
171c1210184f11635d7e772f23e87c309904a280,,,,19/11/2019 22:13,208,, ,1228,1228,1164,825,29,,99,268222,138063,34706,35565,,,19/11/2019 22:19,208,1126,1126,1141,1087,42,,102,199685,240087,56251,34859,,,19/11/2019 22:07,208,2252,2150,2270,2532,195,,128,297407,542980,111716,66880,,,19/11/2019 22:25,208,217,235,968,7001,301,,120,108103,572630,314949,27639,,,,,,,,,,,,,,,,,,,,,,,,,,,,,,,,,,,,,,,,,,,,,
d1ceed391cca1b6699dbf265f3e16212ca09cb62,,,,20/11/2019 22:15,209,, ,1228,1228,1164,607,29,,99,268116,153852,36441,35625,,,20/11/2019 22:21,209,1126,1126,1142,1564,42,,101,198130,232456,69706,34809,,,20/11/2019 22:09,209,2252,2150,2273,1524,206,,136,296345,429634,94327,66845,,,20/11/2019 22:27,209,215,232,918,5767,305,,124,109021,309487,327032,33155,,,,,,,,,,,,,,,,,,,,,,,,,,,,,,,,,,,,,,,,,,,,,
6d7afe271f318eeed0ee5dbbff55d69150c90316,,,,23/11/2019 22:13,212,, ,1228,1228,1164,543,28,,99,268254,113203,28121,35608,,,23/11/2019 22:19,212,1126,1126,1141,1767,59,,103,196278,320743,57309,34752,,,23/11/2019 22:07,212,2252,2150,2271,3478,196,,134,313261,474028,99725,66719,,,23/11/2019 22:25,212,,,,,,,,,,,,,,,,,,,,,,,,,,,,,,,,,,,,,,,,,,,,,,,,,,,,,,,,
b277fd9df6e01f6d82024acc089d5450de73be4a,,,,24/11/2019 22:13,213,, ,1228,1228,1164,695,28,,100,268014,107979,27861,35587,,,24/11/2019 22:19,213,1126,1126,1142,1696,42,,101,201309,195894,63770,34798,,,24/11/2019 22:07,213,2252,2150,2273,2651,135,,103,299388,742773,122784,66923,,,24/11/2019 22:25,213,217,238,921,7747,282,,123,119358,352778,144815,29841,,,,,,,,,,,,,,,,,,,,,,,,,,,,,,,,,,,,,,,,,,,,,
3654e20ab65d15f0deb9615e76566ec6c67884b1,,,,25/11/2019 22:14,214,, ,1228,1228,1164,411,28,,99,268371,132997,31330,35513,,,25/11/2019 22:21,214,1126,1126,1140,1872,43,,102,206347,300524,64316,34837,,,25/11/2019 22:09,214,2252,2150,2283,3246,54,,103,292014,472860,120131,66822,,,25/11/2019 22:27,214,219,234,956,5986,306,,119,117340,730277,374768,33973,,,,,,,,,,,,,,,,,,,,,,,,,,,,,,,,,,,,,,,,,,,,,
c8784d29c1,,,,,,, ,,,,,,,,,,,,,,,,,,,,,,,,,,,,,02/12/2019 13:08,for_omri,,,2285,12924,57,,100,186721,2077472,553718,64652,,,,,,,,,,,,,,,,,,,,,,,,,,,,,,,,,,,,,,,,,,,,,,,,,,,,,,,,,,,,
e7ce090,,,,05/12/2019 13:25,,, ,1228,1228,1159,3280,28,,99,258059,691846,179518,35322,,,05/12/2019 13:34,,1126,1126,1141,6561,47,,99,201233,1319164,338248,34783,,,05/12/2019 13:44,,2252,2150,2285,13920,71,,104,308324,2083872,549819,64532,,,05/12/2019 13:52,,213,228,715,33308,277,,107,68610,2641479,382864,31510,,,,,,,,,,,,,,,,,,,,,,,,,,,,,,,,,,,,,,,,,,,,,
test,,,,05/12/2019 9:20,test,, ,1228,1228,1157,3284,27,,98,258153,686826,178671,35273,,,05/12/2019 9:43,test,1126,1126,1140,6553,53,,99,182990,1318022,338612,34773,,,05/12/2019 9:57,test,2252,2150,2288,13964,74,,102,265253,2093758,547532,64637,,,05/12/2019 10:09,test,216,225,715,31886,300,,111,78512,4019763,1171031,22397,,,,,,,,,,,,,,,,,,,,,,,,,,,,,,,,,,,,,,,,,,,,,
test_1,,,,05/12/2019 11:08,test,, ,1228,1228,1157,3277,29,,98,258301,686807,178355,35284,,,05/12/2019 11:17,test,1126,1126,1141,6449,47,,99,215911,1312285,337383,34782,,,05/12/2019 11:26,test,2252,2150,2283,13889,64,,103,285289,2050545,544459,64579,,,05/12/2019 11:35,test,223,222,840,38070,283,,111,91566,3289510,1091183,25686,,,,,,,,,,,,,,,,,,,,,,,,,,,,,,,,,,,,,,,,,,,,,
a5e9bb0,,,,25/12/2019 10:44,,, ,1126,1126,1150,3280,74,,96,257038,1076986,179712,35193,,,25/12/2019 10:54,,1126,1126,1141,6619,45,,95,153656,939023,346063,34770,,,25/12/2019 11:04,,2252,2150,2284,13276,46,,94,92047,924183,557258,64431,,,25/12/2019 11:13,,385,199,518,7786,241,,98,16542,188332,92814,15782,,,,,,,,,,,,,,,,,,,,,,,,,,,,,,,,,,,,,,,,,,,,,
95db5bc,ofer/master_select,,,29/12/2019 23:10,,, ,1126,1126,1152,3292,77,,98,257794,686654,186389,35267,,,29/12/2019 23:20,,1126,1126,1140,6578,58,,95,208659,688000,338827,34803,,,29/12/2019 23:29,,2252,2150,2279,13790,64,,97,278206,1664271,562031,64369,,,29/12/2019 23:38,,482,201,554,31631,296,,109,86059,sl,,,,,,,,,,,,,,,,,,,,,,,,,,,,,,,,,,,,,,,,,,,,,,,
463dd09,omril/ofer_master_select,,,29/12/2019 15:37,,, ,1126,1126,1150,3381,79,,97,257665,sl,,,,,,,,,,,,,,,,,,,,,,,,,,,,,,,,,,,,,,,,,,,,,,,,,,,,,,,,,,,,,,,,,,,,,,,,,,,,,,,,,,,,,,,,,,,,
312f9d,,,,31/12/2019 10:10,,, ,1126,1126,1151,3284,75,,99,257565,sl,,,,,,,,,,,,,,,,,,,,,,,,,,,,,,,,,,,,,,,,,,,,,,,,,,,,,,,,,,,,,,,,,,,,,,,,,,,,,,,,,,,,,,,,,,,,
9ab95d,ofer/master_select,,,01/01/2020 23:10,,, ,1126,1126,1149,3335,76,,98,257626,689616,179730,35250,,,01/01/2020 23:20,,1126,1126,1141,6578,49,,95,208087,1321650,339247,34755,,,01/01/2020 23:29,,2252,2150,2278,13928,58,,97,296393,2098667,548631,64438,,,01/01/2020 23:37,,475,215,548,31769,288,,110,111596,3883003,1312917,43102,,,,,,,,,,,,,,,,,,,,,,,,,,,,,,,,,,,,,,,,,,,,,
49fb3c5,,,,11/01/2020 23:10,,, ,1126,1126,sl,3335,67,,96,257783,690329,180205,35246,,,05/01/2020 23:19,,1126,1126,1141,6586,44,,95,217596,1322693,338586,34798,,,05/01/2020 23:28,,2252,2150,2278,13913,75,,97,286285,2091846,549609,64523,,,05/01/2020 23:37,,444,222,543,32315,290,,110,110936,3933928,1316553,43375,,,,,,,,,,,,,,,,,,,,,,,,,,,,,,,,,,,,,,,,,,,,,
e3a0edd,,,,12/01/2020 23:11,,, ,1126,1126,sl,,,,,,,,,,,,,,,,,,,,,,,,,,,,,,,,,,,,,,,,,,,,,,,,,,,,,,,,,,,,,,,,,,,,,,,,,,,,,,,,,,,,,,,,,,,,,,,,,,
bc216fa,,,,13/01/2020 23:10,,, ,1126,1126,sl,,,,,,,,,,,,,,,,,,,,,,,,,,,,,,,,,,,,,,,,,,,,,,,,,,,,,,,,,,,,,,,,,,,,,,,,,,,,,,,,,,,,,,,,,,,,,,,,,,
4782110,,,,15/01/2020 14:27,,, ,1126,1126,1150,3398,54,46,97,257709,686121,179362,35294,,,15/01/2020 14:38,,1126,1126,1138,6905,57,74,97,194553,1322154,339977,34733,,,15/01/2020 14:48,,2252,2150,2282,13154,55,79,99,249921,2093794,550555,64501,,,15/01/2020 14:58,,442,209,530,31938,326,172,119,108774,3330635,1306723,40224,,,,,,,,,,,,,,,,,,,,,,,,,,,,,,,,,,,,,,,,,,,,,
2275892,,,,15/01/2020 23:11,,, ,1126,1126,1151,3281,44,43,98,257781,690601,179787,35263,,,15/01/2020 23:21,,1126,1126,1147,6978,62,105,97,194808,1324363,340250,34795,,,15/01/2020 23:31,,2252,2150,2289,13160,46,68,98,257587,2086418,552535,64550,,,15/01/2020 23:40,,431,210,542,31770,328,162,119,109002,3185041,1272021,41951,,,,,,,,,,,,,,,,,,,,,,,,,,,,,,,,,,,,,,,,,,,,,
faecc05,,,,18/01/2020 23:12,,, ,1126,1126,1150,3363,62,44,98,257446,690437,178935,35280,,,18/01/2020 23:22,,1126,1126,1141,6925,58,115,96,202929,1326531,339941,34732,,,18/01/2020 23:32,,2252,2150,2287,13149,52,74,98,253189,2092485,553122,64731,,,18/01/2020 23:41,,437,220,540,32096,301,165,119,107782,3269043,1272400,41722,,,,,,,,,,,,,,,,,,,,,,,,,,,,,,,,,,,,,,,,,,,,,
e89ec5b,,,,19/01/2020 23:11,,, ,1126,1126,1154,3283,60,43,98,257649,687878,179825,35264,,,19/01/2020 23:21,,1126,1126,1141,6770,59,84,97,190504,1323746,340273,34747,,,19/01/2020 23:31,,2252,2150,2288,13151,50,70,98,151848,2095808,559425,64651,,,19/01/2020 23:40,,470,208,526,32511,302,160,118,106679,3291221,1309158,39671,,,,,,,,,,,,,,,,,,,,,,,,,,,,,,,,,,,,,,,,,,,,,
7b871b9,,,,20/01/2020 23:11,,, ,1126,1126,1150,3319,61,44,97,257516,690334,179943,35281,,,20/01/2020 23:21,,1126,1126,1141,6794,61,86,96,181927,1328611,342044,34819,,,20/01/2020 23:31,,2252,2150,2289,13157,57,81,98,218368,2092330,553250,64640,,,20/01/2020 23:41,,434,223,540,32657,342,166,117,107269,3147679,1285505,41411,,,,,,,,,,,,,,,,,,,,,,,,,,,,,,,,,,,,,,,,,,,,,
a812627,,,,21/01/2020 23:11,,, ,1126,1126,1150,3288,54,43,98,257551,690401,179803,35277,,,21/01/2020 23:21,,1126,1126,1142,6808,67,109,97,212026,1324635,338860,34651,,,21/01/2020 23:31,,2252,2150,2290,13158,47,70,98,276772,2092347,551082,64679,,,21/01/2020 23:41,,464,227,542,32774,336,160,118,111749,3307918,1311496,45927,,,,,,,,,,,,,,,,,,,,,,,,,,,,,,,,,,,,,,,,,,,,,
94c1d85,1.3,,,23/01/2020 14:53,,, ,1126,1126,1150,3289,76,43,95,257800,688519,179714,35288,,,23/01/2020 15:04,,1126,1126,1144,6567,61,76,96,243956,1326994,337161,34767,,,23/01/2020 15:15,,2252,2150,2283,13661,50,79,98,360182,2061234,547735,64537,,,,,,,,,,,,,,,,,,,,,,,,,,,,,,,,,,,,,,,,,,,,,,,,,,,,,,,,,,,,
11f0988,,,,25/01/2020 23:08,,, ,1126,1126,1150,3284,29,43,98,257776,691181,179946,35295,,,25/01/2020 23:19,,1126,1126,1140,6995,64,100,97,202153,1325583,339964,34733,,,25/01/2020 23:29,,2252,2150,2285,13159,58,83,99,258993,2095199,550711,64731,,,25/01/2020 23:39,,441,216,557,32277,330,158,119,112388,3336003,1331013,43615,,,,,,,,,,,,,,,,,,,,,,,,,,,,,,,,,,,,,,,,,,,,,
b37f313,scq,,,26/01/2020 10:28,,, ,1126,1126,1150,3281,44,45,100,258110,688582,179676,35255,,,26/01/2020 10:39,,1126,1126,1141,7003,72,112,102,116892,1319670,349900,34805,,,26/01/2020 10:49,,2252,2150,2288,13159,54,77,104,171160,2091644,557902,64566,,,26/01/2020 10:59,,500,240,569,32755,283,155,120,107490,3243782,1192051,37367,,,,,,,,,,,,,,,,,,,,,,,,,,,,,,,,,,,,,,,,,,,,,
65be0b7,,,,26/01/2020 23:08,,, ,1126,1126,1153,3279,50,43,98,258194,690350,179542,35344,,,26/01/2020 23:18,,1126,1126,1142,6911,66,106,97,198334,1330818,339636,34811,,,26/01/2020 23:29,,2252,2150,2293,13174,54,78,99,264336,2053534,552225,64767,,,26/01/2020 23:39,,473,230,550,32379,331,163,120,110896,3288299,1294062,41757,,,,,,,,,,,,,,,,,,,,,,,,,,,,,,,,,,,,,,,,,,,,,
8f97937,scq,,,27/01/2020 12:11,,, ,1126,1126,1152,3288,54,46,99,258214,689687,179721,35364,,,27/01/2020 12:21,,1126,1126,1142,6937,49,76,103,106751,1322183,353127,34804,,,27/01/2020 12:32,,2252,2150,2292,13150,49,71,104,133535,2096010,560616,64738,,,27/01/2020 12:42,,503,242,566,32770,276,156,120,108182,3016253,1084279,43634,,,,,,,,,,,,,,,,,,,,,,,,,,,,,,,,,,,,,,,,,,,,,
9b05222,,,,27/01/2020 23:08,,, ,1126,1126,1152,3280,58,43,97,258250,690434,179689,35334,,,27/01/2020 23:18,,1126,1126,1143,6934,61,90,96,198764,1328995,339324,34781,,,27/01/2020 23:29,,2252,2150,2295,13190,49,75,98,274750,2093913,551739,64789,,,27/01/2020 23:39,,470,225,552,32526,306,165,119,106792,3308811,1292119,43751,,,,,,,,,,,,,,,,,,,,,,,,,,,,,,,,,,,,,,,,,,,,,
67d9fbc,,,,28/01/2020 23:08,,, ,1126,1126,1157,3283,45,43,96,258230,690600,179863,35317,,,28/01/2020 23:18,,1126,1126,1141,6957,69,115,96,197423,1325727,339755,34742,,,28/01/2020 23:29,,2252,2150,2290,13161,46,69,99,250471,2097491,547433,64644,,,28/01/2020 23:39,,471,225,540,32145,325,160,119,109719,3285518,1282063,43954,,,,,,,,,,,,,,,,,,,,,,,,,,,,,,,,,,,,,,,,,,,,,
c1aead3,1.4,,,29/01/2020 11:48,,, ,1126,1126,1151,3283,76,44,97,257569,687464,179629,35290,,,29/01/2020 11:58,,1126,1126,1142,6615,40,64,95,139926,1321597,345278,34726,,,29/01/2020 12:09,,2252,2150,2284,13639,69,108,100,272197,2088106,546795,64404,,,,,,,,,,,,,,,,,,,,,,,,,,,,,,,,,,,,,,,,,,,,,,,,,,,,,,,,,,,,
67d9fbc14,master,,,30/01/2020 17:09,test_cpu_load,, ,1126,1126,1148/1%,3280/1%,26/0.13%,44/0.12%,96/0.10%,253179/0.08%,693750/0.08%,180262/0.08%,34862/0.07%,,,30/01/2020 17:11,test_cpu_load,1126,1126,1142/1%,6887/1%,53/0.05%,81/0.05%,97/0.04%,209929/0.03%,1321571/0.03%,338794/0.04%,34837/0.04%,,,30/01/2020 15:32,,2252,2252,2300/0.03%,13159/0.03%,46/0.03%,70/0.03%,98/0.03%,261164/0.02%,2089255/0.02%,548109/0.02%,65230/0.02%,,,30/01/2020 15:43,,439,225,545/0.02%,32294/0.02%,308/0.02%,165/0.02%,119/0.02%,112190/0.01%,3331922/0.01%,1311065/0.01%,43815/0.01%,,,,,,,,,,,,,,,,,,,,,,,,,,,,,,,,,,,,,,,,,,,,,
b44d84b,master,,,01/02/2020 23:12,,, ,1126,1126,1149/0.07,3281/0.06,26/0.06,43/0.06,97/0.05,258153/0.04,688927/0.04,179804/0.04,35247/0.04,,,01/02/2020 23:24,,1126,1126,1141/0.04,6828/0.03,62/0.03,106/0.03,96/0.03,204647/0.02,1325343/0.02,339133/0.03,34718/0.03,,,01/02/2020 23:35,,2252,2048,2291/0.02,13159/0.02,52/0.02,75/0.02,99/0.02,262036/0.01,2077848/0.01,550735/0.02,64648/0.02,,,01/02/2020 23:46,,472,229,545/0.02,31787/0.02,323/0.02,164/0.02,118/0.02,110270/0.01,3293643/0.00,1283484/0.01,47320/0.01,,,,,,,,,,,,,,,,,,,,,,,,,,,,,,,,,,,,,,,,,,,,,
620742a,master,,,02/02/2020 23:12,,, ,1126,1126,1151,3346,28,43,97,257806,690683,179789,35227,,,02/02/2020 23:23,,1126,1126,1141,7020,71,116,97,189781,1323430,341040,34734,,,02/02/2020 23:35,,2252,2150,2285,13161,58,78,100,249159,2079246,552115,64625,,,02/02/2020 23:46,,439,227,552,32212,326,161,118,110415,3231387,1290394,43650,,,,,,,,,,,,,,,,,,,,,,,,,,,,,,,,,,,,,,,,,,,,,
de96735,master,,,03/02/2020 23:12,,, ,1228,1126,174,2760,306392,139203,53501,7486,75572,92289,15785,,,03/02/2020 23:27,,1126,1126,170,5308,479377,298105,85447,9642,140889,171644,15935,,,03/02/2020 23:43,,2252,2150,348,10369,59417,89490,30322,18656,318745,370118,26960,,,03/02/2020 23:58,,476,217,543,9820,84094,40848,14170,27551,552353,509569,32760,,,,,,,,,,,,,,,,,,,,,,,,,,,,,,,,,,,,,,,,,,,,,
b53f666,master,,,05/02/2020 23:12,,, ,1126,1126,1151,3285,37,43,99,257868,689456,179713,35274,,,05/02/2020 23:23,,1126,1126,1142,6921,71,117,98,186837,1325129,340575,34705,,,05/02/2020 23:34,,2252,2150,2288,13158,56,78,99,264397,2062614,549060,64587,,,05/02/2020 23:44,,455,216,526,32369,330,170,119,110893,3202097,1299575,44630,,,,,,,,,,,,,,,,,,,,,,,,,,,,,,,,,,,,,,,,,,,,,
071fe83,,,,08/02/2020 23:14,,, ,1126,1126,1150,3347,27,44,98,257885,689972,180141,35224,,,08/02/2020 23:26,,1126,1126,1140,6564,47,76,97,193097,1353346,339766,34745,,,08/02/2020 23:37,,2252,2150,2297,14246,49,71,97,263407,2064097,549129,65007,,,08/02/2020 23:47,,459,219,522,32170,314,166,120,108603,3399428,1308722,43967,,,,,,,,,,,,,,,,,,,,,,,,,,,,,,,,,,,,,,,,,,,,,
test_cpu_load_1,test_cpu_load_1,,,09/02/2020 11:23,,, ,1126,1126,196/99%,2667/97%,103163/98%,135273/98%,83126/97%,7400/93%,76969/96%,93005/96%,15066/96%,,,09/02/2020 11:39,,1126,1126,157/98%,5473/97%,112379/98%,75061/98%,66231/97%,9039/90%,142891/93%,182680/94%,15173/96%,,,09/02/2020 11:54,,2252,2150,315/95%,9910/96%,129849/98%,92160/98%,25215/95%,15959/86%,335227/89%,375314/90%,25493/94%,,,09/02/2020 12:09,,427,209,416/84%,15286/89%,31876/86%,36130/85%,10525/89%,25925/72%,628978/71%,560378/66%,30072/69%,,,,,,,,,,,,,,,,,,,,,,,,,,,,,,,,,,,,,,,,,,,,,
cb75330,master,,,09/02/2020 23:11,,, ,1126,1126,1150,3281,37,44,97,257951,690305,179650,35236,,,09/02/2020 23:23,,1126,1126,1140,6869,69,124,97,198413,1327528,339945,34745,,,09/02/2020 23:34,,2252,2150,2290,13145,50,72,99,259853,2084348,551277,64644,,,09/02/2020 23:44,,434,223,533,31914,321,169,119,110012,3362531,1316870,41236,,,,,,,,,,,,,,,,,,,,,,,,,,,,,,,,,,,,,,,,,,,,,
54ff876,,,,10/02/2020 23:11,,, ,1126,1126,1151,3326,37,43,98,257954,690319,179890,35267,,,10/02/2020 23:23,,1126,1126,1141,6909,49,71,99,191813,1324596,341355,34747,,,10/02/2020 23:34,,2252,2048,2289,13145,56,79,99,260797,2091957,552050,64746,,,10/02/2020 23:44,,428,209,532,32479,327,165,118,109426,3252797,1269670,42344,,,,,,,,,,,,,,,,,,,,,,,,,,,,,,,,,,,,,,,,,,,,,
124ce89,,,,11/02/2020 23:12,,, ,1126,1126,1151,3283,29,44,98,257575,688851,179812,35253,,,11/02/2020 23:24,,1126,1126,1141,6909,65,103,98,186461,1325960,340817,34751,,,11/02/2020 23:35,,2252,2150,2289,13179,54,77,100,256899,2090140,551270,64626,,,11/02/2020 23:45,,434,211,494,32680,323,168,121,107420,3362225,1324095,42948,,,,,,,,,,,,,,,,,,,,,,,,,,,,,,,,,,,,,,,,,,,,,
7d009f9,,,,12/02/2020 23:11,,, ,1126,1126,1150,3280,38,44,98,257813,689925,179590,35278,,,12/02/2020 23:23,,1126,1126,1141,6568,47,78,99,194603,1326616,339605,34758,,,12/02/2020 23:34,,2252,2048,2282,13904,78,105,102,202553,2096599,553412,64507,,,12/02/2020 23:44,,407,212,490,32437,304,166,121,108823,3269156,1258821,40967,,,,,,,,,,,,,,,,,,,,,,,,,,,,,,,,,,,,,,,,,,,,,
b8000f5,,,,15/02/2020 23:12,,, ,1126,1126,1150,3282,43,44,97,257605,689752,179825,35190,,,15/02/2020 23:23,,1126,1126,1139,6572,48,74,98,188794,1323025,340859,34778,,,15/02/2020 23:34,,2252,2048,2284,13858,73,99,102,247982,2095868,550874,64440,,,15/02/2020 23:45,,434,202,496,31835,338,171,120,105670,3319898,1309219,41655,,,,,,,,,,,,,,,,,,,,,,,,,,,,,,,,,,,,,,,,,,,,,
f48ad30,omril perf,,,16/02/2020 13:43,,, ,1126,1126,1150,3329,41,44,98,257578,689986,179631,35308,,,16/02/2020 13:54,,1126,1126,1142,6897,61,95,97,245206,1325581,337204,34738,,,16/02/2020 14:05,,2252,2150,2283,13161,47,69,99,377147,2086152,547895,64606,,,16/02/2020 14:16,,411,213,490,32506,321,164,118,118808,3600303,1337309,43526,,,,,,,,,,,,,,,,,,,,,,,,,,,,,,,,,,,,,,,,,,,,,
b48e9dc,,,,17/02/2020 23:11,,, ,1126,1126,1151,3279,42,43,99,257402,690009,179781,35293,,,17/02/2020 23:22,,1126,1126,1139,6837,68,111,99,237786,1326010,338019,34783,,,17/02/2020 23:34,,2252,2150,2289,13149,54,79,100,327520,2085880,546129,64625,,,17/02/2020 23:44,,428,208,495,32655,305,162,118,98582,3274510,1250252,36312,,,,,,,,,,,,,,,,,,,,,,,,,,,,,,,,,,,,,,,,,,,,,
035481b,b8000f5+omril perf,,,17/02/2020 16:14,,, ,1126,1126,1151,3280,41,44,98,258041,688314,179614,35304,,,17/02/2020 16:26,,1126,1126,1141,6924,69,122,98,243058,1324941,338043,34744,,,17/02/2020 16:37,,2252,2150,2286,13161,53,74,99,373586,2092331,546964,64520,,,17/02/2020 16:47,,416,203,504,32080,320,164,118,120485,3514229,1315080,42203,,,,,,,,,,,,,,,,,,,,,,,,,,,,,,,,,,,,,,,,,,,,,
b48e9dc,master(test_comps_batch_nolock=0),,,17/02/2020 21:25,,, ,1126,1126,1151,3279,40,44,97,258208,690487,179777,35281,,,17/02/2020 21:36,,1126,1126,1141,6918,49,69,98,239825,1326153,337156,34726,,,17/02/2020 21:47,,2252,2150,2289,13154,51,76,99,353760,2091820,549686,64591,,,17/02/2020 21:58,,421,212,501,32484,308,164,119,118731,3351746,1306600,44716,,,,,,,,,,,,,,,,,,,,,,,,,,,,,,,,,,,,,,,,,,,,,
c0b329e,,,,19/02/2020 23:12,,, ,1126,1126,1150,3298,40,46,99,257875,689309,179389,35246,,,19/02/2020 23:23,,1126,1126,1140,6851,62,104,98,241788,1327646,337511,34718,,,19/02/2020 23:34,,2048,2048,2285,13172,54,79,101,363289,2094440,548616,64581,,,19/02/2020 23:45,,393,204,468,32544,317,169,120,101982,3446470,1287131,36678,,,,,,,,,,,,,,,,,,,,,,,,,,,,,,,,,,,,,,,,,,,,,
3493f48,,,,19/02/2020 9:32,,, ,1126,1126,1150,3278,36,46,99,257787,689537,179836,35261,,,19/02/2020 9:43,,1126,1126,1142,6897,64,98,98,215076,1322873,338581,34697,,,19/02/2020 9:54,,2252,2150,2286,13159,52,77,100,306266,2089999,548527,64713,,,19/02/2020 10:05,,394,205,470,31863,319,172,120,95619,3302194,1228838,33900,,,,,,,,,,,,,,,,,,,,,,,,,,,,,,,,,,,,,,,,,,,,,
12a5f4e,,,,22/02/2020 23:12,,, ,1126,1126,1151,3295,39,43,98,257722,689484,179518,35263,,,22/02/2020 23:23,,1126,1126,1141,6966,54,77,98,239159,1324228,337181,34656,,,22/02/2020 23:34,,2252,2150,2286,13160,56,79,102,341105,2069792,549541,64733,,,22/02/2020 23:45,,395,204,472,32410,313,174,119,102371,3504549,1336278,36187,,,,,,,,,,,,,,,,,,,,,,,,,,,,,,,,,,,,,,,,,,,,,
f9b322a,master+scq+mlnx_affinity,,,23/02/2020 23:11,,, ,1126,1126,1150,3287,40,43,101,258245,689572,179957,35303,,,23/02/2020 23:23,,1126,1126,1141,6921,59,107,99,233742,1304539,337722,34725,,,23/02/2020 23:34,,2252,2150,2290,13151,54,77,103,346172,2081925,550304,64768,,,23/02/2020 23:44,,393,200,460,32297,328,168,120,97209,3390637,1295663,34192,,,,,,,,,,,,,,,,,,,,,,,,,,,,,,,,,,,,,,,,,,,,,
f9b322a_irq_balance,master,,,23/02/2020 18:20,scq,, ,1228,1228,1165,3552,29,47,100,255872,688634,179089,35463,,,23/02/2020 18:31,scq,1126,1126,1142,6548,46,68,103,223550,1314316,336311,34818,,,23/02/2020 18:42,scq,2252,2150,2290,13101,63,88,107,355914,2077457,545777,64563,,,23/02/2020 18:52,scq,446,218,497,32675,276,164,117,108814,3197397,1191873,25815,,,,,,,,,,,,,,,,,,,,,,,,,,,,,,,,,,,,,,,,,,,,,
57658b4,romans/revert_4477_add_ci_defer_io_block_comp,,,24/02/2020 11:13,,, ,1228,1126,1159,3558,44,51,102,255637,692199,180168,35548,,,24/02/2020 11:24,,1126,1126,1141,6965,57,77,100,246254,1322497,337278,34726,,,24/02/2020 11:35,,2252,2150,2289,13081,55,81,103,242348,2074932,550490,65126,,,24/02/2020 11:46,,413,189,467,32655,319,174,123,62806,2098976,775922,31836,,,,,,,,,,,,,,,,,,,,,,,,,,,,,,,,,,,,,,,,,,,,,
df35257,master (old from Oct.),,,25/02/2020 16:32,,, ,1126,1126,1138,3486,46,62,93,250180,691868,179693,34776,,,25/02/2020 16:44,,1126,1126,1142,6550,40,64,93,245755,1314554,344147,34788,,,25/02/2020 16:55,,2252,2048,2291,13117,47,75,96,312014,2088097,546607,64666,,,25/02/2020 17:06,,191,216,1153,31570,305,154,116,122857,3656557,1345276,45931,,,,,,,,,,,,,,,,,,,,,,,,,,,,,,,,,,,,,,,,,,,,,
0d71936,pre gp tracer,,,25/02/2020 19:20,,, ,1126,1126,1138,3281,26,45,94,253384,693551,181161,34914,,,25/02/2020 19:31,,1126,1126,1141,7016,52,91,94,246117,1329970,338600,34811,,,25/02/2020 19:42,,2252,2150,2295,13189,52,76,96,314725,2094047,549049,65057,,,25/02/2020 19:53,,192,228,1162,32465,315,162,116,121555,3758089,1315327,45912,,,,,,,,,,,,,,,,,,,,,,,,,,,,,,,,,,,,,,,,,,,,,
18838a6317,pre c_net changes,,,25/02/2020 20:59,,, ,1126,1126,1150,3283,27,44,97,253460,696484,181577,34945,,,25/02/2020 21:10,,1126,1126,1147,6922,65,107,97,243343,1327437,339856,34773,,,25/02/2020 21:21,,2252,2150,2301,13172,44,65,99,331853,2094441,548671,65075,,,25/02/2020 21:32,,192,219,1139,32281,303,154,119,123453,3651502,1337780,47108,,,,,,,,,,,,,,,,,,,,,,,,,,,,,,,,,,,,,,,,,,,,,
57fab30,post c_net changes,,,26/02/2020 10:12,,, ,1228,1228,1159,3289,26,42,100,257835,698673,181408,35318,,,26/02/2020 10:24,,1126,1126,1140,6400,58,104,101,198583,1306354,341110,34708,,,26/02/2020 10:35,,2252,2150,2292,12783,56,84,105,294006,2101441,554757,64749,,,26/02/2020 10:45,,214,227,960,32473,311,158,117,112187,2589458,1349029,29840,,,,,,,,,,,,,,,,,,,,,,,,,,,,,,,,,,,,,,,,,,,,,
7814d2814d,Tighten poll loop (bad),,,26/02/2020 14:59,,, ,1228,1228,1158,3281,28,46,99,258128,692049,180379,35309,,,26/02/2020 15:10,,1126,1126,1143,6351,67,110,101,196961,1324767,341572,34781,,,26/02/2020 15:21,,2252,2150,2290,12931,51,80,105,297381,2098705,552550,64870,,,26/02/2020 15:32,,214,226,964,32455,307,160,118,105221,1225423,1381483,25892,,,,,,,,,,,,,,,,,,,,,,,,,,,,,,,,,,,,,,,,,,,,,
4d1c442,,,,03/03/2020 9:17,,, ,1126,1126,1136,3388,46,44,98,252853,693184,180719,34851,,,03/03/2020 9:28,,1126,1126,1144,6382,45,68,98,235110,1320406,336163,34914,,,03/03/2020 9:39,,2252,2048,2282,12671,59,98,102,353631,2099353,542605,64281,,,03/03/2020 9:50,,404,203,470,31373,329,164,118,118548,3469144,1326239,42896,,,,,,,,,,,,,,,,,,,,,,,,,,,,,,,,,,,,,,,,,,,,,
75e82ec,,,,05/03/2020 23:12,,, ,1126,1126,1149,3278,32,44,98,258134,690249,179823,35245,,,05/03/2020 23:23,,1126,1126,1142,6574,56,80,97,242260,1323757,337759,34713,,,05/03/2020 23:34,,2252,2150,2288,13710,63,99,102,360673,2093295,547544,64436,,,05/03/2020 23:45,,405,200,476,32194,306,162,119,115207,3386420,1310945,45960,,,,,,,,,,,,,,,,,,,,,,,,,,,,,,,,,,,,,,,,,,,,,
1ed7f6f,,,,08/03/2020 23:11,,, ,1126,1126,1150,3374,47,44,98,257558,690735,179885,35276,,,08/03/2020 23:22,,1126,1126,1141,6844,63,100,97,241706,1322356,338777,34739,,,08/03/2020 23:34,,2252,2150,2286,13171,53,79,101,351047,2096175,549964,64665,,,08/03/2020 23:44,,409,211,484,32107,314,165,118,118597,3458951,1341998,43743,,,,,,,,,,,,,,,,,,,,,,,,,,,,,,,,,,,,,,,,,,,,,
b28220c,mst_local_gen_rebase,,,08/03/2020 11:02,,, ,1126,1126,1150,3346,49,45,98,258016,686054,179316,35280,,,08/03/2020 11:13,,1126,1126,1138,6870,68,104,100,208175,1322412,338285,34730,,,08/03/2020 11:25,,2252,2150,2291,13141,54,77,100,312162,2096374,547430,64713,,,08/03/2020 11:35,,406,205,450,32873,326,169,118,97609,3317739,1278018,36550,,,,,,,,,,,,,,,,,,,,,,,,,,,,,,,,,,,,,,,,,,,,,
1ed7f6fee,master,,,08/03/2020 13:04,test_infra,, ,1228,1228,1157,3289,26,43,99,257694,686654,178909,35271,,,08/03/2020 13:14,test_infra,1126,1126,1140,6559,47,81,98,242788,1317881,335330,34881,,,08/03/2020 13:24,test_infra,2252,2150,2287,13839,69,92,103,359056,2082972,544021,64469,,,08/03/2020 13:34,test_infra,433,210,474,32434,310,159,119,119002,3465072,1324443,45292,,,,,,,,,,,,,,,,,,,,,,,,,,,,,,,,,,,,,,,,,,,,,
9bc34c4,,,,09/03/2020 23:12,,, ,1126,1126,1148,3284,57,44,99,257197,689659,179660,35217,,,09/03/2020 23:23,,1126,1126,1138,6569,54,80,98,242541,1323596,337726,34684,,,09/03/2020 23:34,,2252,2048,2282,13983,75,111,101,353054,2091925,548278,64474,,,09/03/2020 23:45,,407,200,479,32629,319,167,120,119227,3399042,1326159,46210,,,,,,,,,,,,,,,,,,,,,,,,,,,,,,,,,,,,,,,,,,,,,
39d8e18,master,,,11/03/2020 10:25,,, ,1126,1126,1149/98%,3309/98%,30/98%,44/99%,98/98%,257682/86%,686274/91%,178571/96%,35186/95%,,,11/03/2020 10:36,,1126,1126,1140/97%,6551/98%,54/98%,73/98%,98/98%,240777/68%,1316708/73%,335595/94%,34811/94%,,,11/03/2020 10:46,,2252,2048,2284/96%,13848/97%,70/98%,98/98%,103/98%,361071/44%,2071893/54%,542615/88%,64436/89%,,,11/03/2020 10:56,,443,214,499/86%,32194/88%,305/99%,160/97%,117/99%,114897/44%,3502812/24%,1308108/34%,43211/64%,,,,,,,,,,,,,,,,,,,,,,,,,,,,,,,,,,,,,,,,,,,,,
1f212d8,master,,,14/03/2020 23:11,,, ,1126,1126,1146,3280,47,44,98,257016,687127,178760,35157,,,14/03/2020 23:22,,1126,1126,1139,6554,44,65,99,240533,1317128,336263,34727,,,14/03/2020 23:32,,2252,2048,2278,13827,69,99,102,365489,2080818,545112,64397,,,14/03/2020 23:42,,409,216,501,31562,307,165,118,118491,3371307,1329692,43706,,,,,,,,,,,,,,,,,,,,,,,,,,,,,,,,,,,,,,,,,,,,,
46d8905,master,,,15/03/2020 23:12,,, ,1126,1126,1151,3275,42,43,98,257696,686727,178812,35232,,,15/03/2020 23:22,,1126,1126,1140,6965,62,108,98,242507,1319390,336227,34673,,,15/03/2020 23:32,,2252,2048,2282,13100,59,81,100,372799,2085936,544476,64587,,,15/03/2020 23:42,,440,212,512,32143,311,165,118,117432,3269656,1285202,44467,,,,,,,,,,,,,,,,,,,,,,,,,,,,,,,,,,,,,,,,,,,,,
7ad02d5,master,,,16/03/2020 23:11,,, ,1126,1126,1140,3593,55,64,98,252405,687898,179201,35041,,,16/03/2020 23:21,,1126,1126,1140,6569,46,69,98,241701,1314382,335697,34766,,,16/03/2020 23:32,,2252,2048,2281,13102,69,96,101,365044,2082145,544022,64587,,,16/03/2020 23:42,,418,216,510,31404,320,163,118,118134,3420826,1304488,43763,,,,,,,,,,,,,,,,,,,,,,,,,,,,,,,,,,,,,,,,,,,,,
902fe8c,#ci_scq_srv_enb,,,06/04/2020 17:17,,, ,1126,1126,1148,3282,39,41,92,252807,686412,179057,35167,,,06/04/2020 17:27,,1126,1126,1141,6932,40,59,100,247345,1315839,335767,34844,,,06/04/2020 17:38,,2252,2150,2269,13099,40,63,105,361410,2070686,542394,64021,,,06/04/2020 17:47,,370,234,390,32629,251,160,125,96464,4681045,1346099,36415,,,,,,,,,,,,,,,,,,,,,,,,,,,,,,,,,,,,,,,,,,,,,
b0861ba,t_no_panic_on_ec4937,,,07/04/2020 10:58,,, ,1126,1126,1144,3516,38,43,94,252917,688686,179323,35077,,,07/04/2020 11:08,,1126,1126,1141,7011,40,55,99,247298,1313462,335017,34822,,,07/04/2020 11:19,,2252,2150,2263,13100,44,66,103,355663,2074382,542052,64115,,,07/04/2020 11:29,,364,237,447,32657,277,168,125,94580,4849906,1284876,40925,,,,,,,,,,,,,,,,,,,,,,,,,,,,,,,,,,,,,,,,,,,,,
3cb07e0,master,,,30/04/2020 12:06,,, ,1126,1126,1153,3281,47,41,91,255040,685442,178941,35381,,,30/04/2020 12:17,,1126,1126,1142,6557,43,64,101,246251,1317387,333908,34839,,,30/04/2020 12:27,,2252,2150,2278,13126,46,67,108,325108,2070284,539496,64386,,,30/04/2020 12:37,,326,220,407,31620,281,183,129,81087,4880969,1329807,18291,,,,,,,,,,,,,,,,,,,,,,,,,,,,,,,,,,,,,,,,,,,,,
f7963c9,master_no_loc,,,01/05/2020 10:42,,, ,1228,1126,1153,3278,48,41,94,255109,686508,178974,35412,,,01/05/2020 10:52,,1126,1126,1145,6558,43,63,98,246901,1309752,334371,34803,,,01/05/2020 11:03,,2252,2150,2280,13122,44,66,108,320267,2084072,542945,64418,,,01/05/2020 11:13,,328,226,418,29549,280,176,127,79314,4113298,1312771,17167,,,,,,,,,,,,,,,,,,,,,,,,,,,,,,,,,,,,,,,,,,,,,
9847c7d,master_pre_loc,,,01/05/2020 17:53,,, ,1228,1126,1154,3279,47,41,92,254912,686795,179368,35381,,,01/05/2020 18:04,,1126,1126,1141,6558,40,59,98,249056,1313732,334884,34882,,,11/06/2020 18:10,,2252,2150,2280,13116,41,63,102,317838,2076412,541973,64187,,,09/06/2020 17:49,,382,236,451,30773,268,171,125,86384,3835279,997292,27074,,,,,,,,,,,,,,,,,,,,,,,,,,,,,,,,,,,,,,,,,,,,,
326736b,2.0.1,,,03/05/2020 12:59,,, ,1126,1126,1152,3531,24,45,90,260420,687896,178425,35131,,,03/05/2020 13:09,,1126,1126,1151,6584,41,59,97,249054,1317174,335481,35025,,,03/05/2020 13:20,,2252,2048,2294,12859,45,66,103,357872,2082953,546129,64936,,,08/06/2020 15:25,,360,231,422,31640,277,177,125,85089,3708648,982518,42151,,,,,,,,,,,,,,,,,,,,,,,,,,,,,,,,,,,,,,,,,,,,,
8c40c68,master,,,02/06/2020 23:12,,, ,1228,1126,sl,,,,,,,,,,,,,,,,,,,,,,,,,,,,,,,,,,,,,,,,,,,,,,,,,,,,,,,,,,,,,,,,,,,,,,,,,,,,,,,,,,,,,,,,,,,,,,,,,,
285a3d7,master,,,03/06/2020 19:34,,, ,1228,1126,sl,,,,,,,,,,,,,,,,,,,,,,,,,,,,,,,,,,,,,,,,,,,,,,,,,,,,,,,,,,,,,,,,,,,,,,,,,,,,,,,,,,,,,,,,,,,,,,,,,,
ba97fd8,master,,,07/06/2020 23:11,,, ,1228,1228,1155,3280,42,40,87,255293,680304,178837,35485,,,07/06/2020 23:21,,1126,1126,1146,6560,43,67,88,227260,1312326,333976,34804,,,07/06/2020 23:32,,2252,2150,2281,13108,41,60,89,289178,2081358,538905,64480,,,08/06/2020 10:53,,330,235,421,31513,229,161,94,76395,3554216,852226,21261,,,,,,,,,,,,,,,,,,,,,,,,,,,,,,,,,,,,,,,,,,,,,
a146dd5,2.0.1,,,10/06/2020 18:29,,, ,1126,1126,1154,3276,36,41,96,258169,686702,178961,35322,,,10/06/2020 18:40,,1126,1126,1141,6509,38,57,98,244913,1315104,335187,34801,,,10/06/2020 18:50,,2252,2150,2289,13781,43,62,105,316309,2081576,544316,64552,,,10/06/2020 19:00,,348,228,431,32656,254,169,130,80683,4947687,1334671,43116,,,,,,,,,,,,,,,,,,,,,,,,,,,,,,,,,,,,,,,,,,,,,
a32b87c,2.0.0,,,10/06/2020 17:33,,, ,1126,1126,1151,3348,28,41,98,258188,685095,178462,35287,,,10/06/2020 17:44,,1126,1126,1141,7006,38,58,103,243619,1315272,334897,34767,,,10/06/2020 17:54,,2252,2150,2284,12948,43,63,110,321769,2068895,546170,64743,,,10/06/2020 18:04,,386,225,423,33777,248,164,128,84105,4646313,1333069,46496,,,,,,,,,,,,,,,,,,,,,,,,,,,,,,,,,,,,,,,,,,,,,
df61a2d,master,,,,,, ,,,,,,,,,,,,,,,,,,,,,,,,,,,,,,,,,,,,,,,,,,,,08/06/2020 18:48,,,,,,,,,74059/56%,3519971/24%,858053/39%,23204/74%,,,,,,,,,,,,,,,,,,,,,,,,,,,,,,,,,,,,,,,,,,,,,
91d1a35,master,,,,,, ,,,,,,,,,,,,,,,,,,,,,,,,,,,,,,,,,,,,,,,,,,,,08/06/2020 19:01,,,,,,,,,78063/35%,3699664/21%,935929/38%,24777/55%,,,,,,,,,,,,,,,,,,,,,,,,,,,,,,,,,,,,,,,,,,,,,
877445b,master,,,,,, ,,,,,,,,,,,,,,,,,,,,,,,,,,,,,,,,,,,,,,,,,,,,09/06/2020 8:29,,,,,,,,,sl,,,,,,,,,,,,,,,,,,,,,,,,,,,,,,,,,,,,,,,,,,,,,,,,
13db1c4,master,,,,,, ,,,,,,,,,,,,,,,,,,,,,,,,,,,,,,,,,,,,,,,,,,,,09/06/2020 8:40,,,,,,,,,sl,,,,,,,,,,,,,,,,,,,,,,,,,,,,,,,,,,,,,,,,,,,,,,,,
4adbf30,master,,,,,, ,,,,,,,,,,,,,,,,,,,,,,,,,,,,,,,,,,,,,,,,,,,,09/06/2020 13:18,,,,,,,,,76832/54%,3535115/22%,916324/39%,20462/77%,,,,,,,,,,,,,,,,,,,,,,,,,,,,,,,,,,,,,,,,,,,,,
947adad,master,,,,,, ,,,,,,,,,,,,,,,,,,,,,,,,,,,,,,,,,,,,,,,,,,,,09/06/2020 13:32,,,,,,,,,83181/54%,3612466/22%,1027518/38%,20084/79%,,,,,,,,,,,,,,,,,,,,,,,,,,,,,,,,,,,,,,,,,,,,,
c35d1b4,master,,,,,, ,,,,,,,,,,,,,,,,,,,,,,,,,,,,,,,,,,,,,,,,,,,,09/06/2020 13:46,,,,,,,,,81301/55%,3598408/21%,959753/48%,23444/79%,,,,,,,,,,,,,,,,,,,,,,,,,,,,,,,,,,,,,,,,,,,,,
7aee6cf,master,,,,,, ,,,,,,,,,,,,,,,,,,,,,,,,,,,,,,,,,,,,,,,,,,,,09/06/2020 14:22,,,,,,,,,73457,3386220,925986,21365,,,,,,,,,,,,,,,,,,,,,,,,,,,,,,,,,,,,,,,,,,,,,
f5cfa6c,master,,,,,, ,,,,,,,,,,,,,,,,,,,,,,,,,,,,,,,,,,,,,,,,,,,,09/06/2020 14:42,,,,,,,,,72895,3504345,870150,21736,,,,,,,,,,,,,,,,,,,,,,,,,,,,,,,,,,,,,,,,,,,,,
563bc33,master,,,,,, ,,,,,,,,,,,,,,,,,,,,,,,,,,,,,,,,,,,,,,,,,,,,09/06/2020 14:54,,,,,,,,,60509,3366165,971879,23079,,,,,,,,,,,,,,,,,,,,,,,,,,,,,,,,,,,,,,,,,,,,,
c6d31e2,master,,,,,, ,,,,,,,,,,,,,,,,,,,,,,,,,,,,,,,,,,,,,,,,,,,,09/06/2020 15:43,,,,,,,,,84002,3865651,1015503,48883,,,,,,,,,,,,,,,,,,,,,,,,,,,,,,,,,,,,,,,,,,,,,
72400fa,master,,,,,, ,,,,,,,,,,,,,,,,,,,,,,,,,,,,,,,,,,,,,,,,,,,,09/06/2020 15:59,,,,,,,,,86073,3863779,1045153,48337,,,,,,,,,,,,,,,,,,,,,,,,,,,,,,,,,,,,,,,,,,,,,
336a89d,master,,,,,, ,,,,,,,,,,,,,,,,,,,,,,,,,,,,,,,,,,,,,,,,,,,,09/06/2020 16:12,,,,,,,,,82887,3771498,1008849,40677,,,,,,,,,,,,,,,,,,,,,,,,,,,,,,,,,,,,,,,,,,,,,
3728688,master,,,,,, ,,,,,,,,,,,,,,,,,,,,,,,,,,,,,,,,,,,,,,,,,,,,09/06/2020 16:35,,,,,,,,,82938,3742548,993981,48363,,,,,,,,,,,,,,,,,,,,,,,,,,,,,,,,,,,,,,,,,,,,,
2f9038d,master,,,,,, ,,,,,,,,,,,,,,,,,,,,,,,,,,,,,,,,,,,,,,,,,,,,10/06/2020 14:22,,,,,,,,,89734,3862946,1072289,23741,,,,,,,,,,,,,,,,,,,,,,,,,,,,,,,,,,,,,,,,,,,,,
bf34909,master,,,,,, ,,,,,,,,,,,,,,,,,,,,,,,,,,,,,,,,,,,,,,,,,,,,10/06/2020 14:49,,,,,,,,,88770,3884776,1081801,26428,,,,,,,,,,,,,,,,,,,,,,,,,,,,,,,,,,,,,,,,,,,,,
58b1a41,master,,,10/06/2020 16:35,,, ,1228,1228,1157,3270,24,42,93,258128,747111,178806,35319,,,10/06/2020 16:45,,1126,1126,1142,7028,44,61,100,231692,1315813,336115,34800,,,10/06/2020 16:56,,2252,2150,2282,12974,47,65,110,276581,2086363,547139,64735,,,10/06/2020 17:06,,327,220,422,32668,255,176,133,81754,4815755,1334794,39804,,,,,,,,,,,,,,,,,,,,,,,,,,,,,,,,,,,,,,,,,,,,,
7d92cd8,master,,,13/06/2020 23:12,,, ,1126,1126,1148,3258,43,42,92,257786,686120,179621,35267,,,13/06/2020 23:22,,1126,1126,1137,6510,42,63,102,227594,1318418,335298,34697,,,13/06/2020 23:33,,2252,2150,2281,13567,49,68,109,275910,2085249,546674,64476,,,13/06/2020 23:43,,319,223,422,32659,255,178,131,81999,4891582,1333653,40226,,,,,,,,,,,,,,,,,,,,,,,,,,,,,,,,,,,,,,,,,,,,,
c717939,master,,,,,, ,,,,,,,,,,,,,,,,,,,,,,,,,,,,,11/06/2020 17:52,,,,,,,,,272756,,,64163,,,,,,,,,,,,,,,,,,,,,,,,,,,,,,,,,,,,,,,,,,,,,,,,,,,,,,,,,,,,
e59874c,master,,,16/06/2020 12:46,,, ,1126,1126,1151,3266,40,41,90,258097,686047,179798,35315,,,16/06/2020 12:57,,1126,1126,1141,7056,40,59,98,244095,1315437,335028,34816,,,16/06/2020 13:07,,2252,2150,2289,13049,43,61,109,320716,2078592,544912,64856,,,16/06/2020 13:17,,338,229,420,32673,248,169,133,89164,4969946,1335765,43795,,,,,,,,,,,,,,,,,,,,,,,,,,,,,,,,,,,,,,,,,,,,,
e59874c,master,,,,,, ,,,,,,,,,,,,,,,,,,,,,,,,,,,,,,,,,,,,,,,,,,,,,,,,,,,,,,,,,,,,,,,,,,,,,,,,,,,,,,,,,,,,,,,,,,,,,,,,,,,,,
306f15f,master,,,15/06/2020 16:12,,, ,1126,1126,1152,3274,38,40,90,258474,686303,178521,35329,,,15/06/2020 16:22,,1126,1126,1141,7059,39,59,95,243946,1316365,335955,34758,,,15/06/2020 16:33,,2252,2150,2285,12991,42,61,104,312448,2080900,546259,64694,,,15/06/2020 16:43,,346,229,414,32677,247,169,127,90858,4974102,1333209,43786,,,,,,,,,,,,,,,,,,,,,,,,,,,,,,,,,,,,,,,,,,,,,
a00e7ac,master,,,17/06/2020 0:03,,, ,1228,1228,1156,3268,24,41,90,257828,687423,178853,35297,,,17/06/2020 0:13,,1126,1126,1141,7014,40,61,99,241580,1317391,336312,34739,,,17/06/2020 0:24,,2252,2150,2285,12989,44,63,107,317229,2083596,545439,64698,,,17/06/2020 0:33,,345,225,417,32675,246,167,128,87842,4972979,1330185,41353,,,,,,,,,,,,,,,,,,,,,,,,,,,,,,,,,,,,,,,,,,,,,
07fedd6,master,,,17/06/2020 23:11,,, ,1126,1126,1152,3267,39,41,91,258047,687197,179168,35328,,,17/06/2020 23:22,,1126,1126,1140,7000,39,57,99,243421,1315120,335087,34771,,,17/06/2020 23:32,,2252,2150,2289,13010,42,60,105,320336,2085802,548019,64694,,,17/06/2020 23:42,,346,232,421,32639,244,168,127,90186,4966006,1333488,42405,,,,,,,,,,,,,,,,,,,,,,,,,,,,,,,,,,,,,,,,,,,,,
7d36183,master,,,22/06/2020 0:08,,, ,1126,1126,1152,3268,41,41,90,258305,685358,179567,35369,,,22/06/2020 0:18,,1126,1126,1143,6514,38,58,97,243250,1316735,335604,34836,,,22/06/2020 0:29,,2048,2150,2296,13710,40,59,106,314146,2081132,543877,64963,,,22/06/2020 0:38,,341,225,416,32645,248,170,129,88695,4970509,1334302,43678,,,,,,,,,,,,,,,,,,,,,,,,,,,,,,,,,,,,,,,,,,,,,
dd31c6d,master,,,23/06/2020 0:06,,, ,1126,1126,1152,3269,41,41,90,257928,686056,179128,35310,,,23/06/2020 0:17,,1126,1126,1141,7027,41,59,99,242794,1319164,335703,34767,,,23/06/2020 0:27,,2252,2150,2289,12863,43,61,107,311311,2085306,547404,64663,,,23/06/2020 0:37,,342,229,422,32670,248,171,129,86745,4985204,1332529,42621,,,,,,,,,,,,,,,,,,,,,,,,,,,,,,,,,,,,,,,,,,,,,
0dac3b2,master,,,24/06/2020 0:07,,, ,1126,1126,1152,3268,42,41,90,258213,686534,178697,35320,,,24/06/2020 0:17,,1126,1126,1142,6523,41,60,95,244688,1318474,335548,34844,,,24/06/2020 0:27,,2252,2150,2285,13843,44,63,105,314115,2086747,544830,64642,,,24/06/2020 0:37,,341,230,425,32568,248,170,128,89116,4946881,1331361,40712,,,,,,,,,,,,,,,,,,,,,,,,,,,,,,,,,,,,,,,,,,,,,
ae74088,master,,,25/06/2020 0:06,,, ,1126,1126,1152,3274,43,42,95,257999,686651,178916,35328,,,25/06/2020 0:17,,1126,1126,1142,6503,40,61,96,242923,1314588,335064,34821,,,25/06/2020 0:27,,2252,2150,2284,14001,44,62,101,315297,2085463,545058,64682,,,25/06/2020 0:37,,344,230,421,32666,247,167,128,88818,4967421,1333854,41088,,,,,,,,,,,,,,,,,,,,,,,,,,,,,,,,,,,,,,,,,,,,,
84b0b49,master,,,28/06/2020 0:06,,, ,1126,1126,1148,3264,41,41,90,257316,685499,180376,35245,,,28/06/2020 0:16,,1126,1126,1139,7029,39,58,97,244292,1318883,335624,34739,,,28/06/2020 0:27,,2252,2150,2284,13029,44,63,104,317163,2088671,547789,64593,,,28/06/2020 0:37,,339,232,415,32680,245,169,129,89061,4963904,1332404,41583,,,,,,,,,,,,,,,,,,,,,,,,,,,,,,,,,,,,,,,,,,,,,
84b0b49,master,,,,,, ,,,,,,,,,,,,,,,,,,,,,,,,,,,,,,,,,,,,,,,,,,,,,,,,,,,,,,,,,,,,,,,,,,,,,,,,,,,,,,,,,,,,,,,,,,,,,,,,,,,,,
84b0b49,master,,,,,, ,,,,,,,,,,,,,,,,,,,,,,,,,,,,,,,,,,,,,,,,,,,,,,,,,,,,,,,,,,,,,,,,,,,,,,,,,,,,,,,,,,,,,,,,,,,,,,,,,,,,,
2622e1f,master,,,29/06/2020 0:07,,, ,1126,1126,1151,3263,41,41,91,257957,685522,179660,35334,,,29/06/2020 0:17,,1126,1126,1142,7031,39,59,98,242309,1317934,335651,34790,,,29/06/2020 0:28,,2252,2150,2288,13045,43,61,107,319634,2086325,547105,64605,,,29/06/2020 0:38,,342,223,417,32672,248,171,128,89029,4982853,1337127,41682,,,,,,,,,,,,,,,,,,,,,,,,,,,,,,,,,,,,,,,,,,,,,
50de492,master,,,30/06/2020 0:07,,, ,1126,1126,1152,3269,41,41,90,258051,687181,178747,35267,,,30/06/2020 0:17,,1126,1126,1147,6515,38,58,99,243798,1317109,335499,34807,,,30/06/2020 0:27,,2252,2150,2288,13814,44,62,105,310374,2085210,545505,64589,,,30/06/2020 0:37,,344,231,422,32681,246,168,128,88658,4959278,1332624,42941,,,,,,,,,,,,,,,,,,,,,,,,,,,,,,,,,,,,,,,,,,,,,
e04853a,master,,,01/07/2020 0:06,,, ,1126,1126,1149,3267,42,41,90,258298,686844,178671,35294,,,01/07/2020 0:17,,1126,1126,1142,6519,38,59,99,244619,1318165,335112,34811,,,01/07/2020 0:27,,2252,2150,2284,13784,43,61,106,308409,2085075,544364,64545,,,01/07/2020 0:37,,353,230,421,32690,247,169,130,89070,4957221,1333891,43590,,,,,,,,,,,,,,,,,,,,,,,,,,,,,,,,,,,,,,,,,,,,,
925f84e,master,,,03/07/2020 0:06,,, ,1126,1126,1151,3266,29,41,90,258009,687508,178370,35282,,,03/07/2020 0:16,,1126,1126,1142,6516,43,61,95,241279,1319095,336224,34844,,,03/07/2020 0:27,,2252,2150,2284,13983,45,63,107,312608,2089732,546365,64623,,,03/07/2020 0:37,,339,229,414,32688,247,170,130,88756,4989620,1334507,42588,,,,,,,,,,,,,,,,,,,,,,,,,,,,,,,,,,,,,,,,,,,,,
925f84e,master,,,,,, ,,,,,,,,,,,,,,,,,,,,,,,,,,,,,,,,,,,,,,,,,,,,,,,,,,,,,,,,,,,,,,,,,,,,,,,,,,,,,,,,,,,,,,,,,,,,,,,,,,,,,
b2e3194,master,,,06/07/2020 0:06,,, ,1126,1126,1150,3266,39,42,89,257937,686061,178427,35309,,,06/07/2020 0:17,,1126,1126,1142,6515,37,58,97,246062,1317991,335094,34829,,,06/07/2020 0:27,,2252,2150,2286,13875,42,61,103,339600,2083016,543221,64548,,,06/07/2020 0:37,,382,242,442,32677,242,161,124,99126,5021717,1330960,49236,,,,,,,,,,,,,,,,,,,,,,,,,,,,,,,,,,,,,,,,,,,,,
b2e3194,master,,,,,, ,,,,,,,,,,,,,,,,,,,,,,,,,,,,,,,,,,,,,,,,,,,,,,,,,,,,,,,,,,,,,,,,,,,,,,,,,,,,,,,,,,,,,,,,,,,,,,,,,,,,,
01a1e96,master,,,10/07/2020 0:07,,, ,1126,1126,1151,3283,30,41,95,258352,685999,179870,35366,,,10/07/2020 0:17,,1126,1126,1141,6574,38,57,99,246736,1319121,333878,34853,,,10/07/2020 0:27,,2252,2150,2286,14048,40,58,105,340609,2081743,544199,64623,,,10/07/2020 0:37,,385,241,447,32672,241,160,126,96417,5004243,1327388,49080,,,,,,,,,,,,,,,,,,,,,,,,,,,,,,,,,,,,,,,,,,,,,
01a1e96,master,,,,,, ,,,,,,,,,,,,,,,,,,,,,,,,,,,,,,,,,,,,,,,,,,,,,,,,,,,,,,,,,,,,,,,,,,,,,,,,,,,,,,,,,,,,,,,,,,,,,,,,,,,,,
01a1e96,master,,,,,, ,,,,,,,,,,,,,,,,,,,,,,,,,,,,,,,,,,,,,,,,,,,,,,,,,,,,,,,,,,,,,,,,,,,,,,,,,,,,,,,,,,,,,,,,,,,,,,,,,,,,,
96aa484,master,,,12/07/2020 0:07,,, ,1126,1126,1151,3272,31,41,90,257650,686447,178478,35318,,,12/07/2020 0:17,,1126,1126,1141,6526,39,58,97,246342,1319416,335394,34768,,,12/07/2020 0:28,,2252,2150,2283,14097,40,58,103,341040,2085854,546196,64453,,,13/07/2020 15:36,,344,243,456,32702,238,158,125,99470,4990843,1331132,49427,,,,,,,,,,,,,,,,,,,,,,,,,,,,,,,,,,,,,,,,,,,,,
96aa484,master,,,,,, ,,,,,,,,,,,,,,,,,,,,,,,,,,,,,,,,,,,,,,,,,,,,,,,,,,,,,,,,,,,,,,,,,,,,,,,,,,,,,,,,,,,,,,,,,,,,,,,,,,,,,
099980d,master,,,13/07/2020 0:07,,, ,1126,1126,1153,3272,40,41,90,258162,686886,178744,35334,,,13/07/2020 0:17,,1126,1126,1143,6523,40,59,100,246459,1317926,335559,34797,,,13/07/2020 0:28,,2252,2150,2281,14065,38,57,105,337341,2086339,545216,64580,,,13/07/2020 0:37,,394,247,452,32688,240,160,127,99590,5009708,1334452,49066,,,,,,,,,,,,,,,,,,,,,,,,,,,,,,,,,,,,,,,,,,,,,
96aa484,master,,,,,, ,,,,,,,,,,,,,,,,,,,,,,,,,,,,,,,,,,,,,,,,,,,,,,,,,,,,,,,,,,,,,,,,,,,,,,,,,,,,,,,,,,,,,,,,,,,,,,,,,,,,,
a60494d,master,,,14/07/2020 0:07,,, ,1126,1126,1152,3266,38,40,89,258556,687072,179091,35379,,,14/07/2020 0:17,,1126,1126,1142,6573,39,58,99,246349,1319174,334903,34866,,,14/07/2020 0:28,,2252,2150,2286,14097,40,58,105,333331,2084135,544181,64654,,,14/07/2020 0:38,,382,243,446,32660,240,157,129,98829,5025394,1329530,46647,,,,,,,,,,,,,,,,,,,,,,,,,,,,,,,,,,,,,,,,,,,,,
090ff1e,master,,,15/07/2020 0:06,,, ,1126,1126,1149,3549,43,41,90,254029,688628,179635,35265,,,15/07/2020 0:17,,1126,1126,1143,7039,39,58,96,245960,1316476,335051,34822,,,15/07/2020 0:27,,2252,2150,2288,13000,42,60,106,340039,2077989,543748,64841,,,15/07/2020 0:37,,380,238,442,32662,243,158,126,96974,5018237,1331591,45472,,,,,,,,,,,,,,,,,,,,,,,,,,,,,,,,,,,,,,,,,,,,,
b4d4068,master,,,16/07/2020 0:07,,, ,1126,1126,1151,3274,47,40,89,258137,686754,179022,35309,,,16/07/2020 0:17,,1126,1126,1142,6534,37,57,98,245900,1317196,335504,34819,,,16/07/2020 0:28,,2252,2150,2287,13760,42,61,105,339970,2086335,543634,64619,,,16/07/2020 0:38,,383,237,436,32676,242,161,127,95734,5023442,1330050,43394,,,,,,,,,,,,,,,,,,,,,,,,,,,,,,,,,,,,,,,,,,,,,
615c203,master,,,19/07/2020 0:07,,, ,1024,1126,1154,3269,39,41,90,258198,686105,,,,,19/07/2020 0:17,,1126,1126,1142,6508,38,57,98,245857,1318384,335465,34809,,,19/07/2020 0:28,,2252,2150,2291,13908,39,58,107,333842,2074286,540463,64842,,,19/07/2020 0:38,,381,237,444,32633,241,164,127,96788,5012863,1331810,45029,,,,,,,,,,,,,,,,,,,,,,,,,,,,,,,,,,,,,,,,,,,,,
2404bfd,2.0.2,,,19/07/2020 10:03,,, ,1126,1126,1153,3282,34,41,95,258317,685567,,,,,19/07/2020 10:13,,1126,1126,1143,7065,39,60,100,242702,1316087,335482,34824,,,19/07/2020 10:24,,2252,2150,2296,12938,44,63,107,314592,2081229,546381,64859,,,19/07/2020 10:34,,351,229,425,32609,248,170,130,89055,4962017,1334337,41889,,,,,,,,,,,,,,,,,,,,,,,,,,,,,,,,,,,,,,,,,,,,,
9dd8c45,master,,,20/07/2020 0:07,,, ,20/07/2020 12:17,,1228,1126,1154,3271,49,42,90,258670,686489,,179026,20/07/2020 12:29,,1126,1126,1141,6506,40,58,97,246882,1317550,334753,34708,,1155,20/07/2020 12:40,,2252,2150,2284,13888,42,61,107,337805,2083594,544774,68354,,2292,20/07/2020 12:52,,380,238,437,32604,242,163,129,96536,5027478,1326888,131782,,2721,,,,,,,,,,,,,,,,,,,,,,,,,,,,,,,,,,,,,,,,,,,
ba3e5f2,master,,,,,, ,20/07/2020 15:00,,1228,1228,1161,3270,24,41,90,258946,686419,,180128,20/07/2020 15:12,,1126,1126,1145,6514,38,58,99,246441,1318504,335100,34765,,1147,20/07/2020 15:23,,2252,2150,2299,13774,41,59,106,332642,2081775,544928,69169,,2299,20/07/2020 15:35,,382,239,441,32712,243,164,127,94926,5004704,1330938,131910,,2675,,,,,,,,,,,,,,,,,,,,,,,,,,,,,,,,,,,,,,,,,,,
ba3e5f2,master,,,20/07/2020 17:23,,, ,1228,1228,1162,3374,24,41,95,258896,685017,197176,38153,,1162,20/07/2020 17:36,,1126,1126,1145,7157,39,59,95,246311,1452149,404181,39244,,1149,20/07/2020 17:50,,2252,2150,2292,13859,40,59,103,336044,2168616,542359,68989,,2588,20/07/2020 18:02,,377,239,437,33876,242,162,126,94382,5024716,1332142,131959,,2669,,,,,,,,,,,,,,,,,,,,,,,,,,,,,,,,,,,,,,,,,,,
ba3e5f2,master,,,21/07/2020 14:27,,, ,1126,1126,1153,3266,45,41,91,258436,686839,178855,35203,,1165,21/07/2020 14:38,,1126,1126,1144,6516,38,57,98,247117,1466680,335096,34684,,1154,21/07/2020 14:50,,2252,2150,2289,13837,43,61,107,335636,2083396,543944,68553,,2299,21/07/2020 15:01,,379,238,440,32677,241,161,128,95978,5018493,1334124,132105,,2704,,,,,,,,,,,,,,,,,,,,,,,,,,,,,,,,,,,,,,,,,,,
01e6edf,master,,,22/07/2020 0:06,,, ,1126,1126,1152,3258,51,41,89,258718,686740,178625,35142,,1163,22/07/2020 0:18,,1126,1126,1141,7059,38,59,98,246714,1315544,334688,34715,,1149,22/07/2020 0:30,,2252,2150,2292,13054,43,61,103,330247,2085044,547072,68311,,2297,22/07/2020 0:41,,387,236,438,32667,243,162,127,94910,5013743,1329413,132121,,2696,,,,,,,,,,,,,,,,,,,,,,,,,,,,,,,,,,,,,,,,,,,
01e6edf,master,,,22/07/2020 14:43,,, ,1126,1126,1149,3558,22,40,89,252207,687738,179260,35071,35019,1155,22/07/2020 14:55,,1126,1126,1149,7047,38,57,97,251481,1314830,334304,35022,34903,1153,22/07/2020 15:08,,2252,2150,2296,13010,41,60,106,330618,2085259,546093,64748,68655,2311,22/07/2020 15:20,,375,237,437,32678,244,165,127,95696,4996869,1328637,44823,131988,2682,,,,,,,,,,,,,,,,,,,,,,,,,,,,,,,,,,,,,,,,,,,
779a283,master,,,23/07/2020 0:07,,, ,1126,1126,1153,3266,48,41,90,258253,687347,178602,35146,1162,,23/07/2020 0:18,,1126,1126,1142,6523,38,57,98,247040,1317933,335898,34700,1146,,23/07/2020 0:30,,2252,2150,2290,13959,41,60,108,335684,2082432,543901,68296,2289,,23/07/2020 0:41,,378,241,438,32654,241,162,125,96620,5020498,1330909,131915,2636,,,,,,,,,,,,,,,,,,,,,,,,,,,,,,,,,,,,,,,,,,,,
2a464d9,master,,,24/07/2020 0:08,,, ,1126,1126,1151,3268,73,45,90,258111,688016,178860,35153,1178,,24/07/2020 0:18,,1126,1126,1142,7033,38,57,98,245530,1316316,336518,34646,1153,,24/07/2020 0:29,,2252,2150,2290,13041,43,63,104,335352,2079557,544382,68260,2294,,24/07/2020 0:38,,375,232,448,32702,241,162,127,94936,4996939,1329269,131944,2655,,,,,,,,,,,,,,,,,,,,,,,,,,,,,,,,,,,,,,,,,,,,
2a464d9,master,,,25/07/2020 0:05,,, ,1126,1126,1152,3269,73,60,90,257773,687479,179270,35096,1164,,25/07/2020 0:15,,1126,1126,1139,7028,37,57,99,245545,1317831,335826,34710,1145,,25/07/2020 0:26,,2252,2150,2290,13019,42,60,107,334899,2084893,546239,68298,2293,,25/07/2020 0:35,,380,241,438,32572,239,159,126,94841,5023119,1329563,131661,2699,,,,,,,,,,,,,,,,,,,,,,,,,,,,,,,,,,,,,,,,,,,,
2a464d9,master,,,26/07/2020 0:05,,, ,1126,1126,1149,3268,73,61,95,257718,686905,179045,35818,1164,,26/07/2020 0:15,,1126,1126,1140,6528,37,57,98,245580,1318433,335279,34643,1145,,26/07/2020 0:25,,2252,2150,2281,13729,43,61,103,332680,2073700,543084,68052,2282,,26/07/2020 0:35,,367,239,439,32631,241,163,124,95437,5014906,1330605,131367,2666,,,,,,,,,,,,,,,,,,,,,,,,,,,,,,,,,,,,,,,,,,,,
5e0b6c2,master,,,27/07/2020 0:05,,, ,1126,1126,1151,3269,72,61,90,257958,687343,179405,35351,35340,1163,27/07/2020 0:16,,1126,1126,1142,7113,37,57,97,244648,1316301,335077,34769,34613,1148,27/07/2020 0:27,,2252,2150,2289,13020,42,61,106,336343,2087133,546129,64668,68326,2295,27/07/2020 0:37,,373,239,437,32637,241,160,126,95488,5005101,1331040,45943,131710,2724,,,,,,,,,,,,,,,,,,,,,,,,,,,,,,,,,,,,,,,,,,,
2404bfd,2.0.2,,,27/07/2020 16:08,,, ,1126,1126,1153,3271,73,41,90,258339,686725,179412,35315,35232,1170,27/07/2020 16:19,,1126,1126,1141,6522,41,58,96,245654,1316609,335937,34904,34758,1145,27/07/2020 16:30,,2252,2150,2290,13728,45,63,106,312718,2082265,546523,64602,68452,2289,27/07/2020 16:41,,347,235,423,32651,247,171,129,88962,4961995,1332860,42860,131682,2583,,,,,,,,,,,,,,,,,,,,,,,,,,,,,,,,,,,,,,,,,,,
1ea1273,master,,,28/07/2020 0:06,,, ,1126,1126,1152,3267,72,60,94,258042,684946,178811,35272,35467,1185,28/07/2020 0:17,,1126,1126,1143,8056,39,59,99,244542,1316776,335532,34844,34756,1146,28/07/2020 0:28,,2252,2150,2295,13117,41,60,106,339893,2083519,547439,64794,68305,2302,28/07/2020 0:38,,377,236,440,32672,242,164,127,95840,5001462,1330163,45865,131791,2694,,,,,,,,,,,,,,,,,,,,,,,,,,,,,,,,,,,,,,,,,,,
ec0b507,master,,,29/07/2020 0:05,,, ,1126,1126,1158,3281,73,56,90,258338,685740,179540,35328,35219,1165,29/07/2020 0:16,,1126,1126,1141,6529,37,57,98,246196,1317566,334890,34815,34694,1152,29/07/2020 0:26,,2252,2150,2288,13823,42,61,106,333917,2089677,545152,64526,68313,2281,29/07/2020 0:37,,373,238,435,32672,241,161,125,94610,4998104,1328913,44681,131742,2711,,,,,,,,,,,,,,,,,,,,,,,,,,,,,,,,,,,,,,,,,,,
d93ccbc,master,,,30/07/2020 0:04,,, ,1126,1126,1151,3333,73,57,95,257990,684408,179026,35339,35175,1161,30/07/2020 0:15,,1126,1126,1142,6518,41,57,98,246293,1319459,334759,34850,34767,1150,30/07/2020 0:26,,2252,2048,2289,13667,42,61,105,330723,2083444,547070,65038,68799,2301,30/07/2020 0:37,,379,239,437,32683,242,162,128,96978,4966663,1328733,44916,131813,2678,,,,,,,,,,,,,,,,,,,,,,,,,,,,,,,,,,,,,,,,,,,
90d88ae,master,,,31/07/2020 0:04,,, ,1126,1126,1153,3272,74,58,90,258627,686155,178660,35299,35142,1166,31/07/2020 0:15,,1126,1126,1142,6511,40,58,97,246873,1320110,335498,34888,34793,1148,31/07/2020 0:26,,2252,2048,2287,13896,40,58,105,332818,2083197,543511,64944,68780,2290,31/07/2020 0:36,,384,245,437,32666,242,164,128,96060,5015291,1331662,45959,131979,2700,,,,,,,,,,,,,,,,,,,,,,,,,,,,,,,,,,,,,,,,,,,
90d88ae,master,,,01/08/2020 0:04,,, ,1126,1126,1151,3270,75,59,91,257974,686867,178710,35324,35269,1163,01/08/2020 0:15,,1126,1126,1141,7014,38,57,98,246261,1315276,335099,34801,34598,1150,01/08/2020 0:26,,2252,2150,2284,12950,44,61,106,335860,2088817,547076,64523,68313,2293,01/08/2020 0:36,,374,236,435,32604,243,163,129,96560,5013328,1330137,46061,131893,2677,,,,,,,,,,,,,,,,,,,,,,,,,,,,,,,,,,,,,,,,,,,
90d88ae,master,,,02/08/2020 0:04,,, ,1126,1126,1149,3321,74,64,95,257640,682513,179442,35191,35026,1156,02/08/2020 0:15,,1126,1126,1142,7176,40,59,99,247421,1318696,336027,34728,34701,1151,02/08/2020 0:26,,2252,2150,2277,13840,40,59,105,337004,2083632,544700,64822,68663,2282,02/08/2020 0:36,,372,238,441,32626,242,162,126,93251,5012851,1330225,45627,131590,2687,,,,,,,,,,,,,,,,,,,,,,,,,,,,,,,,,,,,,,,,,,,
5d4fbf8,master,,,05/08/2020 12:25,,, ,1126,1126,1153,3264,72,54,90,258377,686110,178952,35320,35235,1162,05/08/2020 12:36,,1126,1126,1141,7053,37,58,99,246381,1316280,334956,34813,34744,1149,05/08/2020 12:47,,2252,2150,2290,12996,42,60,103,332429,2083426,543888,64852,68625,2297,05/08/2020 12:57,,375,240,437,32655,240,161,126,94683,5005305,1328932,45468,131875,2666,,,,,,,,,,,,,,,,,,,,,,,,,,,,,,,,,,,,,,,,,,,
5d4fbf8,master,,,06/08/2020 0:04,,, ,1228,1126,1155,3262,73,52,95,258648,685444,178724,35356,35272,1164,06/08/2020 0:15,,1126,1126,1146,6481,39,59,96,248493,1317992,334742,34927,34719,1154,06/08/2020 0:26,,2252,2150,2296,13895,41,59,105,329984,2083739,545638,64988,68860,2296,06/08/2020 0:36,,382,237,436,32646,241,163,128,96505,5003716,1329136,46746,132166,2658,,,,,,,,,,,,,,,,,,,,,,,,,,,,,,,,,,,,,,,,,,,
5d4fbf8,master,,,07/08/2020 0:05,,, ,1228,1126,1152,3279,73,50,95,258202,686255,178275,35331,35317,1173,07/08/2020 0:16,,1126,1126,1144,6514,38,57,95,246553,1314564,334699,34873,34867,1148,07/08/2020 0:27,,2252,2150,2300,13802,40,58,103,331096,2080955,544912,65113,68946,2298,07/08/2020 0:37,,372,233,439,32669,243,162,127,95287,5023341,1330352,45130,131832,2657,,,,,,,,,,,,,,,,,,,,,,,,,,,,,,,,,,,,,,,,,,,
5d4fbf8,master,,,08/08/2020 0:05,,, ,1126,1126,1153,3267,73,54,89,258239,685653,178924,35341,35205,1160,08/08/2020 0:16,,1126,1126,1152,7018,38,58,100,249827,1313103,372213,35102,35054,1152,08/08/2020 0:27,,2252,2150,2288,14101,41,59,104,333888,2083385,545079,64590,68327,2289,08/08/2020 0:37,,373,235,434,32602,241,163,127,96796,5017109,1329296,45740,132091,2669,,,,,,,,,,,,,,,,,,,,,,,,,,,,,,,,,,,,,,,,,,,
5d4fbf8,master,,,09/08/2020 0:05,,, ,1126,1126,1155,3294,73,41,95,258372,686934,178851,35318,35234,1163,09/08/2020 0:16,,1126,1126,1145,7067,38,57,98,246356,1314823,335209,34906,34647,1149,09/08/2020 0:27,,1843,2150,2290,12971,44,62,106,335235,2086536,545916,64650,68345,2294,09/08/2020 0:38,,379,240,449,32637,241,160,129,97008,5014039,1329964,47016,132058,2696,,,,,,,,,,,,,,,,,,,,,,,,,,,,,,,,,,,,,,,,,,,
c11c62a,master,,,10/08/2020 0:05,,, ,1126,1126,1152,3266,75,53,90,258721,685817,179055,35338,35262,1169,10/08/2020 0:15,,1126,1126,1146,6504,42,58,98,247674,1311674,333563,34945,34785,1148,10/08/2020 0:26,,2252,2048,2288,13670,41,59,103,333402,2082522,544696,65018,68839,2296,10/08/2020 0:37,,382,233,437,32663,242,163,128,96376,4993981,1331545,47000,132179,2669,,,,,,,,,,,,,,,,,,,,,,,,,,,,,,,,,,,,,,,,,,,
c11c62a,master,,,11/08/2020 0:04,,, ,1126,1126,1154,3268,72,50,92,258524,686061,178481,35290,35171,1163,11/08/2020 0:15,,1126,1126,1145,7033,40,59,101,245375,1314040,334802,34890,34743,1150,11/08/2020 0:26,,2252,2150,2294,13811,42,61,112,336611,2081576,543999,65051,68833,2298,11/08/2020 0:36,,379,234,435,32678,248,164,136,95512,5024893,1329363,45853,131856,2643,,,,,,,,,,,,,,,,,,,,,,,,,,,,,,,,,,,,,,,,,,,
c4e85e0,master,,,12/08/2020 0:05,,, ,1126,1126,1154,3269,73,54,91,258427,682545,178001,35369,35238,1164,12/08/2020 0:16,,1126,1126,1144,7042,40,61,101,247940,1315957,334096,34941,34749,1149,12/08/2020 0:27,,2252,2150,2285,13034,43,61,106,333484,2076652,543624,64548,68358,2293,12/08/2020 0:37,,369,235,440,32676,251,168,135,96623,5011396,1325974,44572,132091,2685,,,,,,,,,,,,,,,,,,,,,,,,,,,,,,,,,,,,,,,,,,,
6924f53,master,,,14/08/2020 0:04,,, ,1126,1126,1153,3276,72,52,91,258029,685915,178925,35326,35233,1161,14/08/2020 0:15,,1126,1126,1144,6529,39,58,99,247558,1317200,335568,34904,34745,1152,14/08/2020 0:26,,2252,2150,2285,13694,43,61,112,336380,2082466,544448,65050,68690,2288,14/08/2020 0:36,,377,237,441,32659,249,164,139,96661,5009167,1329083,46383,132035,2698,,,,,,,,,,,,,,,,,,,,,,,,,,,,,,,,,,,,,,,,,,,
9b8ced1,master,,,15/08/2020 0:05,,, ,1228,1126,1154,3266,74,52,96,258568,684188,178780,35362,35192,1163,15/08/2020 0:16,,1126,1126,1143,6442,38,59,103,247838,1318478,334982,34864,34798,1150,15/08/2020 0:27,,2252,2150,2284,13894,42,60,111,334043,2078109,543863,64649,68310,2291,15/08/2020 0:37,,375,230,441,32637,250,166,137,94968,5020624,1329472,45980,131894,2662,,,,,,,,,,,,,,,,,,,,,,,,,,,,,,,,,,,,,,,,,,,
9b8ced1,master,,,16/08/2020 0:05,,, ,1126,1126,1153,3355,72,56,96,258196,686139,179266,35318,35438,1176,16/08/2020 0:16,,1126,1126,1142,7031,37,58,99,246034,1311924,334535,34829,34739,1153,16/08/2020 0:27,,2252,2150,2289,12713,44,64,110,338935,2089425,541024,64633,68433,2294,16/08/2020 0:38,,386,236,440,32651,248,164,136,95729,5018367,1328976,46227,132002,2644,,,,,,,,,,,,,,,,,,,,,,,,,,,,,,,,,,,,,,,,,,,
dacb3b0,master,,,17/08/2020 0:04,,, ,1126,1126,1153,3278,73,54,91,258253,685272,178901,35374,35223,1166,17/08/2020 0:15,,1126,1126,1143,6933,38,57,101,247178,1316135,335560,34913,34747,1147,17/08/2020 0:26,,2252,2150,2285,12974,46,63,111,332002,2086347,546719,64620,68328,2291,17/08/2020 0:37,,374,234,452,32649,252,167,135,94632,4999844,1330305,42369,132071,2684,,,,,,,,,,,,,,,,,,,,,,,,,,,,,,,,,,,,,,,,,,,
da5a983,master,,,21/08/2020 0:07,,, ,1126,1126,1153,3273,57,41,90,258623,685357,179702,35332,39843,1168,21/08/2020 0:19,,1126,1126,1141,6523,38,58,100,247901,1317480,335662,34831,34679,1312,21/08/2020 0:30,,2252,2150,2286,13964,42,61,110,339294,2084791,546176,64537,68127,2293,21/08/2020 0:40,,377,236,443,32626,251,166,134,96688,5024477,1329579,46012,131906,2678,,,,,,,,,,,,,,,,,,,,,,,,,,,,,,,,,,,,,,,,,,,
da5a983,master,,,22/08/2020 0:05,,, ,1126,1126,1153,3267,72,47,91,258427,685040,178930,35349,35264,1166,22/08/2020 0:16,,1126,1126,1144,6520,41,59,100,246481,1316708,335394,34780,34758,1150,22/08/2020 0:26,,2252,2150,2288,13758,43,62,109,333686,2080023,541957,65060,68671,2296,22/08/2020 0:37,,375,236,445,32623,248,166,135,94362,5028468,1330213,46162,131959,2654,,,,,,,,,,,,,,,,,,,,,,,,,,,,,,,,,,,,,,,,,,,
da5a983,master,,,23/08/2020 0:05,,, ,1126,1126,1152,3264,73,53,91,258536,684875,179782,35343,35155,1161,23/08/2020 0:16,,1126,1126,1147,7006,39,58,104,248899,1313930,334785,35047,34912,1157,23/08/2020 0:27,,2252,2048,2284,13914,42,60,112,331637,2083174,546108,64618,68405,2293,23/08/2020 0:37,,372,236,448,32624,249,167,137,94438,5008133,1329965,44549,131960,2669,,,,,,,,,,,,,,,,,,,,,,,,,,,,,,,,,,,,,,,,,,,
8ecd013,master,,,24/08/2020 0:04,,, ,1126,1126,1152,3271,72,51,90,258660,685099,178745,35304,35184,1169,24/08/2020 0:15,,1126,1126,1144,6526,39,59,100,247098,1318735,335191,34838,34750,1152,24/08/2020 0:26,,2252,2150,2287,13927,42,60,110,341729,2083826,544426,64580,68320,2296,24/08/2020 0:37,,371,235,444,32614,247,167,135,94385,5018576,1328859,46852,131887,2676,,,,,,,,,,,,,,,,,,,,,,,,,,,,,,,,,,,,,,,,,,,
add106c,master,,,25/08/2020 0:04,,, ,1126,1126,1152,3270,74,55,91,258298,686716,178325,35332,35223,1165,25/08/2020 0:15,,1126,1126,1144,7047,39,59,100,246080,1315658,333865,34911,34738,1151,25/08/2020 0:26,,2252,2150,2293,13891,44,62,111,344705,2084490,544646,64916,68636,2298,25/08/2020 0:37,,372,238,445,32675,245,162,135,96687,5015432,1328085,46777,132197,2676,,,,,,,,,,,,,,,,,,,,,,,,,,,,,,,,,,,,,,,,,,,
19266c5,master,,,01/09/2020 0:05,,, ,1228,1126,1151,3335,73,56,96,258350,686235,178257,35325,35138,1165,01/09/2020 0:16,,1126,1126,1143,6474,38,59,98,250165,1316419,335153,34823,34718,1150,01/09/2020 0:27,,2252,2150,2279,13689,44,62,111,335711,2084435,546772,64576,68345,2291,01/09/2020 0:37,,377,235,440,32712,249,166,135,97222,5012545,1329376,45557,131928,2658,,,,,,,,,,,,,,,,,,,,,,,,,,,,,,,,,,,,,,,,,,,
d3de87f,master,,,01/09/2020 9:42,,, ,,,,,72,,,,,,,,,,,,,,,,,,,,,,,,,,,,,,,,,,,,,,,,,,,,,,,,,,,,,,,,,,,,,,,,,,,,,,,,,,,,,,,,,,,,,,,,,,,,,,,,
2404bfd,2.0.2,,,01/09/2020 10:41,,, ,,,,,73,,,,,,,,,,,,,,,,,,,,,,,,,,,,,,,,,,,,,,,,,,,,,,,,,,,,,,,,,,,,,,,,,,,,,,,,,,,,,,,,,,,,,,,,,,,,,,,,
a146dd5,2.0.1,,,01/09/2020 10:58,,, ,,,,,74,,,,,,,,,,,,,,,,,,,,,,,,,,,,,,,,,,,,,,,,,,,,,,,,,,,,,,,,,,,,,,,,,,,,,,,,,,,,,,,,,,,,,,,,,,,,,,,,
a146dd5,2.0.1,,,01/09/2020 11:10,,, ,,,,,23,,,,,,,,,,,,,,,,,,,,,,,,,,,,,,,,,,,,,,,,,,,,,,,,,,,,,,,,,,,,,,,,,,,,,,,,,,,,,,,,,,,,,,,,,,,,,,,,
a146dd5,2.0.1,,,01/09/2020 11:15,,, ,,,,,23,,,,,,,,,,,,,,,,,,,,,,,,,,,,,,,,,,,,,,,,,,,,,,,,,,,,,,,,,,,,,,,,,,,,,,,,,,,,,,,,,,,,,,,,,,,,,,,,
7033025,master,,,01/09/2020 11:23,,, ,,,,,73,,,,,,,,,,,,,,,,,,,,,,,,,,,,,,,,,,,,,,,,,,,,,,,,,,,,,,,,,,,,,,,,,,,,,,,,,,,,,,,,,,,,,,,,,,,,,,,,
7033025,master,,,01/09/2020 11:36,,, ,,,,,24,,,,,,,,,,,,,,,,,,,,,,,,,,,,,,,,,,,,,,,,,,,,,,,,,,,,,,,,,,,,,,,,,,,,,,,,,,,,,,,,,,,,,,,,,,,,,,,,
7033025,master,,,01/09/2020 11:38,,, ,,,,,23,,,,,,,,,,,,,,,,,,,,,,,,,,,,,,,,,,,,,,,,,,,,,,,,,,,,,,,,,,,,,,,,,,,,,,,,,,,,,,,,,,,,,,,,,,,,,,,,
b8304cc,master,,,01/09/2020 12:37,,, ,,,,,70,,,,,,,,,,,,,,,,,,,,,,,,,,,,,,,,,,,,,,,,,,,,,,,,,,,,,,,,,,,,,,,,,,,,,,,,,,,,,,,,,,,,,,,,,,,,,,,,
b8304cc,master,,,01/09/2020 12:39,,, ,,,,,23,,,,,,,,,,,,,,,,,,,,,,,,,,,,,,,,,,,,,,,,,,,,,,,,,,,,,,,,,,,,,,,,,,,,,,,,,,,,,,,,,,,,,,,,,,,,,,,,
b8304cc,master,,,01/09/2020 12:55,,, ,,,,,71,,,,,,,,,,,,,,,,,,,,,,,,,,,,,,,,,,,,,,,,,,,,,,,,,,,,,,,,,,,,,,,,,,,,,,,,,,,,,,,,,,,,,,,,,,,,,,,,
b8304cc,master,,,01/09/2020 13:54,,, ,,,,,23,,,,,,,,,,,,,,,,,,,,,,,,,,,,,,,,,,,,,,,,,,,,,,,,,,,,,,,,,,,,,,,,,,,,,,,,,,,,,,,,,,,,,,,,,,,,,,,,
be5fd81,master,,with sleep,01/09/2020 16:48,,, ,1126,1126,1119,3269,23,41,91,249743,684733,178059,34069,33957,1126,,,,,,,,,,,,,,,,,,,,,,,,,,,,,,,,,,,,,,,,,,,,,,,,,,,,,,,,,,,,,,,,,,,,,,,,,,,,,,,,,,,,,,,,
be5fd81,master,,,01/09/2020 17:44,,, ,,,,,70,,,,,,,,,,,,,,,,,,,,,,,,,,,,,,,,,,,,,,,,,,,,,,,,,,,,,,,,,,,,,,,,,,,,,,,,,,,,,,,,,,,,,,,,,,,,,,,,
be5fd81,master,,,01/09/2020 18:05,,, ,1126,1126,1116,3269,23,41,91,249166,687563,179610,34092,33870,1127,,,,,,,,,,,,,,,,,,,,,,,,,,,,,,,,,,,,,,,,,,,,,,,,,,,,,,,,,,,,,,,,,,,,,,,,,,,,,,,,,,,,,,,,
be5fd81,master,,,02/09/2020 0:04,,, ,1126,1126,1113,3291,70,55,91,249577,687843,179378,34184,33952,1120,02/09/2020 0:15,,1126,1126,1144,6534,39,57,100,249263,1315802,335726,34950,34775,1153,02/09/2020 0:26,,2252,2150,2287,13845,44,63,107,332559,2085406,545513,64441,68233,2288,02/09/2020 0:36,,381,236,442,32687,248,163,137,94638,5032774,1330983,45934,131344,2649,,,,,,,,,,,,,,,,,,,,,,,,,,,,,,,,,,,,,,,,,,,
58bfd32,master,,,03/09/2020 0:04,,, ,1126,1126,1113,3269,71,53,91,249487,687305,178942,34157,34068,1137,03/09/2020 0:15,,1126,1126,1152,7047,38,57,95,249237,1313835,334726,35072,34993,1153,03/09/2020 0:26,,2252,2150,2286,13003,45,63,109,331358,2088665,545773,64749,68399,2299,03/09/2020 0:37,,377,228,430,32597,250,166,137,94588,5002854,1326876,43440,131449,2664,,,,,,,,,,,,,,,,,,,,,,,,,,,,,,,,,,,,,,,,,,,
83d0ab8,master,,,04/09/2020 0:04,,, ,1126,1126,1114,3269,70,54,91,249681,688582,178827,34108,33931,1140,04/09/2020 0:15,,1126,1126,1141,6897,37,57,102,247423,1313639,335087,34880,34757,1160,04/09/2020 0:26,,2252,2150,2288,12937,40,60,110,339044,2085129,545510,64559,68270,2286,04/09/2020 0:36,,379,236,445,32582,245,164,136,94659,5024980,1330439,43684,131624,2632,,,,,,,,,,,,,,,,,,,,,,,,,,,,,,,,,,,,,,,,,,,
83d0ab8,master,,,05/09/2020 0:05,,, ,1126,1126,1112,3265,70,55,90,248924,688489,179994,34105,34052,1119,05/09/2020 0:15,,1126,1126,1148,6518,40,59,101,246693,1316710,334848,34736,34783,1148,05/09/2020 0:26,,2252,2150,2286,13926,40,59,113,330822,2084464,544855,64529,68040,2290,05/09/2020 0:37,,374,233,442,32568,247,165,138,96199,5019938,1331414,44525,131307,2682,,,,,,,,,,,,,,,,,,,,,,,,,,,,,,,,,,,,,,,,,,,
83d0ab8,master,,,06/09/2020 0:05,,, ,1126,1126,1111,3264,70,51,91,249094,689052,179208,34071,33998,1121,06/09/2020 0:16,,1126,1126,1142,6994,40,59,98,247116,1316973,335635,34866,34743,1154,06/09/2020 0:26,,2252,2150,2286,13708,43,61,111,335051,2085783,547343,64737,68425,2296,06/09/2020 0:37,,369,235,449,32682,248,165,136,97676,5012463,1330576,45417,131519,2696,,,,,,,,,,,,,,,,,,,,,,,,,,,,,,,,,,,,,,,,,,,
83d0ab8,master,,,07/09/2020 0:04,,, ,1126,1126,1114,3276,70,56,96,249696,688920,179087,34057,34025,1124,07/09/2020 0:15,,1126,1126,1142,7011,38,59,104,246295,1310501,334812,34865,34728,1149,07/09/2020 0:26,,2252,2150,2290,13005,44,62,109,334881,2083535,546627,64597,68363,2290,07/09/2020 0:37,,381,238,442,32656,250,164,138,96772,5025845,1331495,46052,131444,2678,,,,,,,,,,,,,,,,,,,,,,,,,,,,,,,,,,,,,,,,,,,
b5fe817,master,,,08/09/2020 0:04,,, ,1126,1126,1114,3375,71,61,96,249718,687839,179596,34163,34021,1126,08/09/2020 0:15,,1126,1126,1147,6498,38,58,102,248747,1315112,335574,34922,34924,1157,08/09/2020 0:26,,2252,2150,2285,13858,42,60,111,335815,2081180,542384,65014,68843,2286,08/09/2020 0:36,,379,236,440,32596,247,166,136,96148,5024783,1330461,45198,131562,2625,,,,,,,,,,,,,,,,,,,,,,,,,,,,,,,,,,,,,,,,,,,
ebb291e,master,,,09/09/2020 0:05,,, ,1126,1126,error,,,,,,,,,,,,,,,,,,,,,,,,,,,,,,,,,,,,,,,,,,,,,,,,,,,,,,,,,,,,,,,,,,,,,,,,,,,,,,,,,,,,,,,,,,,,,,,,,,
0b4c103,master,,,10/09/2020 0:05,,, ,1126,1126,1114,3269,70,56,91,250052,688642,179091,34194,34026,1139,10/09/2020 0:16,,1126,1126,1153,6991,39,57,99,249201,1314391,335251,35149,34890,1156,10/09/2020 0:27,,2252,2150,2289,12865,44,63,109,333222,2091847,546885,64549,68480,2290,10/09/2020 0:37,,379,234,431,32681,249,165,136,95579,5014786,1329622,45408,131567,2669,,,,,,,,,,,,,,,,,,,,,,,,,,,,,,,,,,,,,,,,,,,
d7cab5d,master,,,11/09/2020 0:04,,, ,1126,1126,1114,3289,71,52,91,249599,688830,179913,34146,33991,1123,11/09/2020 0:15,,1126,1126,1145,7020,38,59,103,247725,1312881,333817,34906,34803,1153,11/09/2020 0:26,,2252,2150,2287,12987,44,64,110,340969,2083847,546101,64589,68272,2288,11/09/2020 0:37,,377,238,440,32550,251,168,134,93952,5017071,1331140,46213,131665,2608,,,,,,,,,,,,,,,,,,,,,,,,,,,,,,,,,,,,,,,,,,,
d7cab5d,master,,,12/09/2020 0:05,,, ,1126,1126,1112,3271,72,56,90,249513,689240,179083,34072,33993,1126,12/09/2020 0:16,,1126,1126,1142,6506,38,58,100,248198,1316662,334712,34797,34755,1146,12/09/2020 0:27,,2252,2150,2287,13986,43,61,112,336608,2074623,544421,64650,68239,2293,12/09/2020 0:37,,374,236,440,32501,248,164,135,96877,5036121,1327936,43755,131639,2631,,,,,,,,,,,,,,,,,,,,,,,,,,,,,,,,,,,,,,,,,,,
d7cab5d,master,,,13/09/2020 0:04,,, ,1126,1126,1108,3272,71,54,90,249672,688668,179531,34065,34023,1120,13/09/2020 0:15,,1126,1126,1142,7054,39,59,103,244934,1315893,334857,34737,34734,1143,13/09/2020 0:26,,2252,2150,2291,12933,43,63,108,332399,2080156,544675,64499,68372,2288,13/09/2020 0:36,,377,234,440,32575,248,164,137,92499,5027723,1327768,44623,131362,2642,,,,,,,,,,,,,,,,,,,,,,,,,,,,,,,,,,,,,,,,,,,
d7cab5d,master,,,14/09/2020 0:05,,, ,1126,1126,1111,3270,72,52,91,249690,688215,179626,34082,34025,1124,14/09/2020 0:16,,1126,1126,1140,7090,39,59,101,246445,1308749,333134,34844,34733,1149,14/09/2020 0:27,,2252,2150,2291,12762,44,63,108,337075,2084808,544377,65099,69048,2301,14/09/2020 0:37,,377,236,446,32657,248,165,136,96551,5019347,1330582,44606,131579,2662,,,,,,,,,,,,,,,,,,,,,,,,,,,,,,,,,,,,,,,,,,,
f2e0226,master,,,15/09/2020 0:05,,, ,1126,1126,1112,3272,72,54,92,249425,687921,179859,34118,33923,1119,15/09/2020 0:16,,1126,1126,1144,6525,39,58,102,245328,1316943,335744,34856,34715,1148,15/09/2020 0:27,,2252,2150,2287,14027,44,62,109,338254,2079485,543899,64840,68717,2288,15/09/2020 0:37,,373,236,449,32654,248,167,136,96474,5013792,1328582,44125,131597,2703,,,,,,,,,,,,,,,,,,,,,,,,,,,,,,,,,,,,,,,,,,,
a60cf7d,master,,,16/09/2020 0:05,,, ,1126,1126,1112,3286,69,55,91,249646,689870,179526,34185,34001,1126,16/09/2020 0:15,,1126,1126,1143,6517,40,59,100,247134,1318470,335330,34909,34704,1150,16/09/2020 0:26,,2252,2048,2288,13908,41,60,110,334651,2081706,544353,64693,68338,2295,16/09/2020 0:37,,368,234,445,32607,249,166,135,97054,5005727,1331704,46306,131696,2721,,,,,,,,,,,,,,,,,,,,,,,,,,,,,,,,,,,,,,,,,,,
ad5fcb6,master,,,17/09/2020 0:06,,, ,1126,1126,1113,3303,69,55,96,249729,687843,179500,34056,33932,1147,17/09/2020 0:17,,1126,1126,1145,6445,40,59,99,247019,1321983,335520,34850,34709,1156,17/09/2020 0:28,,2252,2150,2291,13912,42,60,111,334771,2082440,543925,64673,68283,2287,17/09/2020 0:38,,377,238,440,32684,249,165,135,96912,5020036,1330354,44907,131681,2642,,,,,,,,,,,,,,,,,,,,,,,,,,,,,,,,,,,,,,,,,,,
6fdce5c,master,,,18/09/2020 0:05,,, ,1126,1126,1115,3385,71,51,96,249529,686699,179385,34010,34269,1134,18/09/2020 0:16,,1126,1126,1143,6477,40,60,101,246154,1317177,335965,34816,34696,1152,18/09/2020 0:26,,2252,2150,2284,13716,44,62,106,340447,2082407,545706,64913,68857,2294,18/09/2020 0:37,,381,239,445,32645,246,164,138,95784,5029015,1330697,47016,131623,2724,,,,,,,,,,,,,,,,,,,,,,,,,,,,,,,,,,,,,,,,,,,
6fdce5c,master,,,19/09/2020 0:05,,, ,1126,1126,1149,3540,73,50,90,254289,688137,178887,35185,35102,1158,19/09/2020 0:16,,1126,1126,1118,6515,39,58,98,245641,1317165,335706,34124,33988,1122,19/09/2020 0:27,,2252,2150,2290,12989,45,63,110,338176,2080435,545349,64808,68466,2287,19/09/2020 0:37,,370,235,445,32580,248,168,136,96981,5018216,1332099,46140,131607,2715,,,,,,,,,,,,,,,,,,,,,,,,,,,,,,,,,,,,,,,,,,,
6fdce5c,master,,,20/09/2020 0:04,,, ,1126,1126,1116,3268,69,48,91,249079,688410,179020,34108,33876,1133,20/09/2020 0:15,,1126,1126,1146,6524,39,59,100,248840,1314579,334460,34834,34736,1152,20/09/2020 0:26,,2252,2150,2286,13815,42,61,110,338466,2084286,545281,64635,68139,2284,20/09/2020 0:37,,386,240,441,32666,245,164,134,95981,5019434,1329499,46707,131284,2665,,,,,,,,,,,,,,,,,,,,,,,,,,,,,,,,,,,,,,,,,,,
6fdce5c,master,,,21/09/2020 0:05,,, ,1126,1126,1115,3266,69,51,95,249871,688547,179398,34005,33997,1141,21/09/2020 0:16,,1126,1126,1149,7042,38,58,101,247590,1312347,334868,35053,34944,1154,21/09/2020 0:26,,2252,2150,2284,13031,44,63,108,338370,2090655,546695,64539,68297,2291,21/09/2020 0:37,,384,238,445,32645,248,164,137,96580,5007908,1330728,45697,131491,2706,,,,,,,,,,,,,,,,,,,,,,,,,,,,,,,,,,,,,,,,,,,
ddf3166,master,,,22/09/2020 0:04,,, ,1126,1126,1111,3398,70,49,95,250094,688460,179055,34244,33938,1121,22/09/2020 0:15,,1126,1126,1154,6868,37,57,102,248168,1315942,335084,35159,34922,1158,22/09/2020 0:26,,2252,2150,2290,13025,44,63,105,337718,2083965,544690,64771,68549,2292,22/09/2020 0:37,,386,229,445,32436,247,165,135,96285,5012102,1330997,45236,131346,2708,,,,,,,,,,,,,,,,,,,,,,,,,,,,,,,,,,,,,,,,,,,
3980d80,master,,,23/09/2020 0:04,,, ,1126,1126,1115,3267,71,47,91,249630,688449,179336,34165,33965,1120,23/09/2020 0:15,,1126,1126,1142,7011,38,58,100,245045,1314224,335492,34849,34721,1149,23/09/2020 0:26,,2252,2150,2293,13012,41,61,113,332778,2078057,544281,64792,68276,2296,23/09/2020 0:37,,381,236,446,32670,248,164,135,97850,5026925,1331110,46973,131809,2713,,,,,,,,,,,,,,,,,,,,,,,,,,,,,,,,,,,,,,,,,,,
28d9c7e,master,,,24/09/2020 0:05,,, ,1126,1126,1113,3271,71,47,91,249791,685323,179964,34132,34097,1126,24/09/2020 0:16,,1126,1126,1144,6531,39,58,104,246388,1318222,336831,34928,34727,1149,24/09/2020 0:27,,2252,2150,2290,13963,39,58,109,330296,2078140,541695,64982,68836,2295,24/09/2020 0:37,,379,238,453,32600,247,166,135,97927,5031030,1330450,44970,131486,2726,,,,,,,,,,,,,,,,,,,,,,,,,,,,,,,,,,,,,,,,,,,
56ca795,2.0.4,,,08/10/2020 12:27,,, ,1126,1126,1112,3266,70,54,91,249523,688309,179501,34067,33849,1123,08/10/2020 12:38,,1126,1126,1149,7037,38,59,100,247733,1314152,334436,35098,34893,1162,08/10/2020 12:49,,2252,2150,2284,13015,46,63,112,332694,2092382,543633,64455,68326,2290,08/10/2020 12:59,,382,237,446,32589,250,166,138,97623,5020525,1331811,44727,131447,2683,,,,,,,,,,,,,,,,,,,,,,,,,,,,,,,,,,,,,,,,,,,
b84f78473b (n1061 setup),2.0.4,,,22/10/2020 16:26,,, ,2048,1945,1964,3347,35,55,105,390590,714291,189098,62131,61796,1923,22/10/2020 16:37,,2048,1740,1943,6523,51,75,104,226780,1391045,361559,61467,61250,1868,22/10/2020 16:48,,2969,2048,3652,12466,54,79,106,329726,2397481,612065,110090,118909,4025,22/10/2020 16:59,,427,164,486,32235,244,190,111,63952,4795520,1409925,32201,114194,3876,,,,,,,,,,,,,,,,,,,,,,,,,,,,,,,,,,,,,,,,,,,
b84f78473b(n1061 setup),2.0.4,,,25/10/2020 11:21,,, ,2048,1843,2001,3402,47,82,110,418082,716997,190207,61384,63077,2221,25/10/2020 11:32,,1945,1638,2002,6555,45,73,97,249596,1370271,362560,61051,57329,2232,25/10/2020 11:42,,3174,2048,4016,12708,46,69,97,305851,2318784,618149,110483,119751,4016,25/10/2020 11:53,,344,215,427,32234,220,173,102,75296,5705091,1433244,32437,107761,3949,,,,,,,,,,,,,,,,,,,,,,,,,,,,,,,,,,,,,,,,,,,
2e7a94d3e1 (n1061 setup),z_snake_performance,,,02/11/2020 17:41,,, ,2048,1843,1976,3361,48,82,95,423906,721420,190929,61200,61319,2131,02/11/2020 17:51,,1945,1638,2015,6838,47,76,97,248916,1395703,364324,61001,60761,1996,02/11/2020 18:02,,3174,2150,4025,12877,44,66,97,330579,2535762,619806,110267,111789,4019,02/11/2020 18:12,,339,208,421,31936,221,176,103,89601,5778329,1433788,40029,149453,3873,,,,,,,,,,,,,,,,,,,,,,,,,,,,,,,,,,,,,,,,,,,
77c72dd,master,,,03/11/2020 15:28,,, ,2252,1843,2616/95%,3262/98%,50/97%,70/97%,103/97%,107882/27%,381589/41%,195895/80%,78942/62%,79594/84%,2663/97%,03/11/2020 16:15,,1945,1638,2022/96%,6447/94%,82/98%,112/98%,120/98%,32626/86%,368251/22%,339384/41%,30367/86%,59120/88%,709/98%,03/11/2020 16:27,,1433,1433,1398/96%,4985/95%,90/98%,115/98%,125/97%,57528/64%,338561/25%,295375/38%,42551/77%,41637/95%,1381/98%,03/11/2020 16:38,,165,108,290/86%,2060/97%,341/98%,330/98%,130/98%,18422/65%,421072/21%,165615/21%,11959/73%,48798/67%,821/91%,,,,,,,,,,,,,,,,,,,,,,,,,,,,,,,,,,,,,,,,,,,
608f212d39 (Dori n236 - TCP),tcp_perf_drop_2Nov_w_bypass,,,04/11/2020 17:13,,, ,,,1708/97%,3344/93%,25/98%,57/98%,230/97%,386524/85%,449452/54%,198653/69%,51700/95%,51747/93%,1711/96%,04/11/2020 17:23,,,,1137/93%,5961/92%,373/97%,420/97%,219/97%,127477/42%,589917/50%,327406/60%,34414/79%,34438/89%,1137/95%,04/11/2020 17:33,,,,2314/86%,12419/86%,449/97%,506/97%,260/96%,162877/30%,544211/51%,297209/57%,65898/64%,69779/79%,2319/90%,04/11/2020 17:42,,,,558/52%,13414/76%,1019/97%,2379/97%,320/96%,36029/29%,615074/30%,204856/32%,21755/31%,33728/49%,1425/42%,,,,,,,,,,,,,,,,,,,,,,,,,,,,,,,,,,,,,,,,,,,
608f212d39 (Dori n236 - TCP),tcp_perf_drop_2Nov_w_bypass,,,05/11/2020 11:55,,, ,1638,1228,1694/91%,3191/94%,290/97%,348/97%,248/97%,370701/24%,534116/55%,198645/69%,51726/84%,51662/93%,1715/96%,05/11/2020 12:05,,943,907,1133/88%,5962/92%,318/96%,404/96%,237/97%,95559/49%,572542/47%,379561/52%,34587/72%,34440/90%,1138/95%,05/11/2020 12:17,,733,1228,2314/84%,12573/85%,453/96%,513/96%,240/96%,133438/33%,321884/63%,349826/53%,65135/57%,68791/78%,2311/89%,05/11/2020 12:28,,,,497/52%,13312/77%,1272/96%,2618/96%,280/96%,27826/47%,616021/33%,199859/35%,18068/36%,36690/52%,1421/40%,,,,,,,,,,,,,,,,,,,,,,,,,,,,,,,,,,,,,,,,,,,
608f212d39 (n1061 setup - TCP),tcp_perf_drop_2Nov_w_bypass,,,05/11/2020 13:12,,, ,1433,1433,2004,3901,126,161,223,276844,605273,191272,61276,62331,2041,05/11/2020 13:23,,510,847,2017,6605,249,329,226,80602,410501,358130,61273,61013,2019,05/11/2020 13:35,,565,762,4023,13407,208,320,223,107689,627536,406403,85252,119793,4012,05/11/2020 13:48,,,,393,32600,1254,1737,249,24926,934203,295871,14758,82913,1970,,,,,,,,,,,,,,,,,,,,,,,,,,,,,,,,,,,,,,,,,,,
d7c1cb7 (Dori n236 - RoCE no RDDA),master,,,05/11/2020 13:57,,, ,1638,1638,1696/96%,3249/97%,47/98%,96/98%,105/97%,386576/68%,773071/86%,195743/94%,51695/93%,51988/96%,1711/97%,05/11/2020 14:07,,1126,1126,1121/96%,6533/96%,62/98%,104/98%,105/97%,254607/56%,1276098/69%,361317/90%,34177/92%,33997/96%,1128/97%,05/11/2020 14:18,,2252,2048,2271/95%,13143/96%,70/98%,116/98%,119/97%,387446/32%,1955686/45%,602591/84%,65119/87%,65254/95%,2281/98%,05/11/2020 14:29,,483,191,538/84%,20023/94%,333/98%,178/96%,138/97%,95196/46%,2933892/23%,922262/40%,36566/61%,102351/69%,2413/84%,,,,,,,,,,,,,,,,,,,,,,,,,,,,,,,,,,,,,,,,,,,
c9f1426693 (Dori n236 - TCP),tcp_2.0.4_beta,,,09/11/2020 12:17,,, ,1638,1228,1698/91%,3194/93%,309/96%,362/97%,229/97%,324691/29%,463457/53%,198679/67%,51806/84%,51517/92%,1711/96%,09/11/2020 12:28,,1024,1126,1166/87%,6148/92%,364/96%,414/96%,228/96%,89806/51%,437819/61%,380601/53%,35476/71%,35370/88%,1171/94%,09/11/2020 12:39,,876,982,2265/82%,9069/89%,461/96%,520/96%,248/97%,129852/34%,425613/53%,297732/57%,64014/56%,67666/78%,2272/90%,09/11/2020 12:50,,,,503/50%,13315/74%,1172/96%,4174/97%,266/96%,30829/29%,590875/31%,116540/61%,18703/32%,23771/63%,1365/44%,,,,,,,,,,,,,,,,,,,,,,,,,,,,,,,,,,,,,,,,,,,
c9f1426693 (n1061 - TPC),tcp_2.0.4_beta,,,10/11/2020 12:24,,, ,1433,1433,2042,3324,98,154,223,278678,578784,191052,62133,61447,2003,10/11/2020 12:35,,561,952,2003,6834,193,244,212,80568,481485,367975,61013,60868,2015,10/11/2020 12:47,,439,495,3191,13276,188,248,209,85198,639828,506673,60976,119995,4017,10/11/2020 13:00,,,,400,32254,1051,2870,245,25357,967172,299195,15341,82836,2052,,,,,,,,,,,,,,,,,,,,,,,,,,,,,,,,,,,,,,,,,,,
c9f1426693  (n1061 - TPC),tcp_2.0.4_beta,,,10/11/2020 13:53,,, ,1433,1433,2020,3676,108,167,219,284953,614299,192685,61185,62614,2027,10/11/2020 14:04,,580,843,2027,6828,201,261,214,82726,499464,365693,61372,61353,2024,10/11/2020 14:16,,597,1331,4030,13332,177,326,212,103381,501943,388225,84506,120319,4019,10/11/2020 14:28,,,,409,32722,833,4651,242,26009,976523,286460,15379,77306,2107,,,,,,,,,,,,,,,,,,,,,,,,,,,,,,,,,,,,,,,,,,,
26da9a6,2.0.5,,,17/11/2020 17:21,,, ,2355,2150,2624/97%,3242/97%,18/97%,31/97%,90/98%,530705/77%,737808/82%,194811/95%,79962/94%,78628/94%,2629/97%,17/11/2020 17:32,,2048,1536,2005/95%,6430/97%,49/98%,79/97%,99/98%,191372/67%,1324402/61%,372861/88%,60830/87%,60773/95%,2004/97%,17/11/2020 17:42,,2150,1433,2274/95%,6238/97%,50/97%,81/98%,102/98%,297758/41%,2311757/41%,625403/83%,75580/85%,70274/94%,2275/97%,17/11/2020 17:53,,349,188,446/90%,4525/97%,264/98%,201/97%,124/97%,86164/45%,3160410/18%,1028449/28%,36425/56%,126855/61%,315/97%,,,,,,,,,,,,,,,,,,,,,,,,,,,,,,,,,,,,,,,,,,,
e7f585e,2.0.5_jump,,,06/12/2020 16:14,,, ,2048,1945,2010,3348,25,43,95,413272,715536,190024,61086,60524,2010,06/12/2020 16:24,,1945,1740,2011,6666,44,69,96,268671,1389472,361587,61205,61084,2016,06/12/2020 16:35,,2867,2150,4023,13129,50,70,98,321969,2202694,609446,109815,115360,3794,06/12/2020 16:45,,355,213,438,32478,220,173,102,93148,5632619,1435095,31335,101568,3715,,,,,,,,,,,,,,,,,,,,,,,,,,,,,,,,,,,,,,,,,,,
8b9f2b1,2.0.5,,,06/12/2020 17:25,,, ,2048,1843,1990,3288,47,45,94,415537,715399,190506,61052,60514,1988,06/12/2020 17:35,,1945,1740,2010,6573,44,69,97,149680,1384572,364564,61116,61452,1944,06/12/2020 17:46,,3174,2150,4018,13142,46,67,97,334435,2300419,609723,110248,119594,4021,06/12/2020 17:56,,353,214,435,32165,218,172,102,92926,5641748,1420270,41586,107381,3732,,,,,,,,,,,,,,,,,,,,,,,,,,,,,,,,,,,,,,,,,,,
e7f585e,2.0.5_jump,,,07/12/2020 16:29,,, ,2048,1945,2012,3310,36,55,103,381663,715160,190119,61268,60952,2005,07/12/2020 16:40,,2048,1740,2017,6564,53,76,106,181243,1388217,359387,61397,61224,2023,07/12/2020 16:51,,3174,1945,4038,13109,52,74,104,231423,2292133,603139,110173,119528,3586,07/12/2020 17:01,,417,202,522,32723,230,172,109,75650,5157206,1443281,24684,218908,,,,,,,,,,,,,,,,,,,,,,,,,,,,,,,,,,,,,,,,,,,,
e7f585e,2.0.5_jump,,,07/12/2020 17:38,,, ,2048,1945,2010,3302,36,56,104,374270,706972,190172,61184,60596,2016,07/12/2020 17:49,,2048,1843,2017,6591,54,76,104,184128,1386987,360158,61157,61069,2006,07/12/2020 17:59,,3276,2150,4035,12824,54,77,104,325631,1991871,598540,110225,114397,3485,07/12/2020 18:10,,413,163,487,31376,247,,,,,,,,,,,,,,,,,,,,,,,,,,,,,,,,,,,,,,,,,,,,,,,,,,,
e7f585e,2.0.5_jump,,,07/12/2020 18:41,,, ,2048,1945,2008,3287,36,56,104,386582,717121,190372,61025,60736,2007,07/12/2020 18:52,,2048,1740,2018,6567,51,76,105,169227,1394346,362252,61360,61037,2013,07/12/2020 19:02,,3072,2048,4039,12825,53,74,105,240038,2327292,611974,111078,121056,4044,07/12/2020 19:13,,430,203,517,32546,231,173,109,57944,5638216,1463793,22515,220330,4118,,,,,,,,,,,,,,,,,,,,,,,,,,,,,,,,,,,,,,,,,,,
35c3fff,2.0.5,,,20/12/2020 14:26,,, ,2048,1945,1998,3364,47,75,95,420445,717827,190301,61473,60747,2168,20/12/2020 14:37,,1945,1843,2002,6590,40,66,96,190516,1376157,361879,61221,60354,2008,20/12/2020 14:48,,3072,2252,4001,13037,46,66,96,321240,2312640,618435,110574,120103,4004,20/12/2020 14:58,,357,223,439,32070,216,168,101,73943,5729426,1470551,,,,,,,,,,,,,,,,,,,,,,,,,,,,,,,,,,,,,,,,,,,,,,
35c3fff3f3,2.0.5,,,27/12/2020 14:46,,, ,1126,1126,1154,3532,72,41,98,254579,689321,179031,35284,35129,1161,27/12/2020 14:57,,1126,1126,1122,6547,39,57,101,246192,1316968,334971,34101,34068,1133,27/12/2020 15:08,,2252,2150,2299,12981,44,63,105,342266,2088190,544118,64993,68832,2307,27/12/2020 15:18,,404,240,449,32620,248,161,137,96773,5035296,1330279,45998,,,,,,,,,,,,,,,,,,,,,,,,,,,,,,,,,,,,,,,,,,,,,
35c3fff3f,local_2.0.5,,,30/12/2020 18:16,,, ,1843,1843,1927,3556,53,80,116,402966,706694,189692,61290,61576,2021,30/12/2020 18:27,,1945,1740,2009,6556,41,65,92,292336,1348927,353503,60979,61013,2018,30/12/2020 18:37,,3276,2355,4022,14287,43,64,92,333469,2109359,574402,110089,118616,4018,30/12/2020 18:47,,379,231,456,32557,203,153,96,74898,5102332,1393042,,,,,,,,,,,,,,,,,,,,,,,,,,,,,,,,,,,,,,,,,,,,,,
cab3742,#ci_2master,,,05/01/2021 12:24,,, ,1228,1945,2014,3760,45,70,92,365256,671751,188321,61377,60919,2030,05/01/2021 12:34,,374,1740,1769,6550,40,65,92,224647,1277863,340627,53410,60381,1801,05/01/2021 12:47,,3276,2662,2459,13084,38,59,92,302840,2082239,541138,83449,117177,4014,05/01/2021 12:57,,392,239,477,31736,200,147,96,81521,5079257,1233935,6717,,,,,,,,,,,,,,,,,,,,,,,,,,,,,,,,,,,,,,,,,,,,,
aec12d8,v205_bio,,,05/01/2021 17:03,,, ,2048,1945,1993,3267,45,73,114,401636,703125,189468,61208,61242,2021,05/01/2021 17:14,,1945,1740,2009,7110,38,63,91,314092,1349629,353114,61227,61266,2014,05/01/2021 17:24,,3379,2355,4028,13116,39,62,91,361286,2127258,573489,110440,119621,4033,05/01/2021 17:34,,399,234,474,32636,198,149,95,102547,5096518,1355103,44039,93951,3034,,,,,,,,,,,,,,,,,,,,,,,,,,,,,,,,,,,,,,,,,,,
91b94db (n82),master,,,18/02/2021 19:28,,, ,2048,1945,1997,3562,46,73,114,404982,703883,189178,61568,61470,2034,18/02/2021 19:38,,1945,1843,2021,7128,35,58,91,285995,1347908,353698,61322,61216,2022,18/02/2021 19:49,,3174,2560,4025,13115,38,59,91,375474,2127591,573968,109908,118838,4003,18/02/2021 19:59,,401,240,479,31992,199,150,95,68613,5127626,1364694,39957,93644,,,,,,,,,,,,,,,,,,,,,,,,,,,,,,,,,,,,,,,,,,,,
7c6a826  (n82),master,,,21/02/2021 11:12,,, ,2048,1945,2012,3563,45,74,114,406455,705546,216301,61933,61757,2031,21/02/2021 11:23,,1945,1740,2011,7128,39,64,91,296211,1347206,353567,61099,61181,2026,21/02/2021 11:34,,3481,2764,4024,14232,37,58,91,428314,2115328,574952,110306,119070,4025,21/02/2021 11:45,,405,238,478,31529,199,152,95,101851,5104854,1374893,42614,80106,2984,,,,,,,,,,,,,,,,,,,,,,,,,,,,,,,,,,,,,,,,,,,
8b9f2b1 (n82),2.0.5_production,,,21/02/2021 12:13,,, ,2048,1945,1987,3413,46,72,114,403050,702573,189204,61270,61081,2022,21/02/2021 12:24,,1945,1740,2021,7105,39,64,92,302404,1347828,354047,61261,61766,2006,21/02/2021 12:35,,3174,2355,4009,13933,40,62,91,339977,2100049,574327,110056,118593,4009,21/02/2021 12:45,,393,238,477,32229,198,151,96,74147,5077878,1360557,33983,,,,,,,,,,,,,,,,,,,,,,,,,,,,,,,,,,,,,,,,,,,,,
7c6a826 (n82),master,,,,,, ,,,,,,,,,,,,,,,,,,,,,,,,,,,,,,,,,,,,,,,,,,,,21/02/2021 18:35,,437,163,404,error,,,,,,,,,,,,,,,,,,,,,,,,,,,,,,,,,,,,,,,,,,,,,,,,,,,,
5c5cf4f(n82),master,,,22/02/2021 1:11,,, ,2048,1945,2007,3561,45,74,114,405735,702592,189534,61785,61457,2033,22/02/2021 1:21,,1945,1843,2018,7124,35,60,92,257338,1347800,354002,61297,61101,2014,22/02/2021 1:32,,3276,2355,4007,12793,40,62,91,343652,2095678,573225,110026,118168,4028,22/02/2021 1:42,,399,235,462,32578,200,153,95,82619,5105519,1379585,47626,100167,2988,,,,,,,,,,,,,,,,,,,,,,,,,,,,,,,,,,,,,,,,,,,
7c6a826 (n82),master,,,22/02/2021 18:40,,, ,2355,2252,2622/97%,3259/97%,18/97%,30/98%,91/98%,530202/78%,769529/79%,197309/95%,80037/94%,79958/94%,2635/97%,22/02/2021 18:50,,2048,1536,2009/95%,6456/96%,43/97%,75/98%,98/98%,206313/67%,1321944/62%,377565/90%,60906/88%,61233/96%,2010/98%,22/02/2021 19:01,,2252,1843,2296/96%,13025/96%,44/98%,72/98%,103/98%,308619/52%,2037469/45%,609064/84%,76623/88%,67482/96%,2303/98%,22/02/2021 19:11,,306,208,370/93%,7396/97%,252/98%,272/98%,,,,,,,,,,,,,,,,,,,,,,,,,,,,,,,,,,,,,,,,,,,,,,,,,,
075d9b4 (n82),master,,,23/02/2021 1:12,,, ,2048,1945,2004,3648,45,72,114,405012,703753,190792,62081,61590,2040,23/02/2021 1:23,,1945,1740,2006,6552,38,64,91,304664,1345752,352046,61075,61027,1994,23/02/2021 1:33,,3276,2355,4037,13103,40,62,91,349633,2120872,574257,111009,119391,4024,23/02/2021 1:44,,401,241,458,32451,199,150,95,82717,5078541,1355866,43927,82653,2972,,,,,,,,,,,,,,,,,,,,,,,,,,,,,,,,,,,,,,,,,,,
075d9b4 (n82),master,,,23/02/2021 11:39,,, ,2048,1945,2034,3562,24,42,91.33,410326,706094,189667,61724,61264,2024,23/02/2021 11:50,,2048,1740,2023,7130,39,64,91.83333333,305858,1348195,353182,61560,61622,2030,23/02/2021 12:00,,3276,2355,4022,14064,40,62,91.83333333,350165,2129519,574151,110220,118999,4024,23/02/2021 12:11,,430,284,497,39224,200,367,96.66666667,96941,5366240,1851583,30406,124919,3099,,,,,,,,,,,,,,,,,,,,,,,,,,,,,,,,,,,,,,,,,,,
075d9b4 (n82),master,,,23/02/2021 12:41,,, ,2048,1945,2035,3558,24,44,91.33,411798,706557,189624,61723,60924,2030,23/02/2021 12:51,,2048,1740,2012,6553,39,65,91.83333333,293005,1346113,352341,61329,61563,2025,23/02/2021 13:02,,3276,2355,4023,13115,41,63,91.66666667,349693,2125987,574648,109689,118752,4023,23/02/2021 13:12,,383,269,487,38648,202,370,96.66666667,86663,5699601,1930540,30015,111432,3071,,,,,,,,,,,,,,,,,,,,,,,,,,,,,,,,,,,,,,,,,,,
7c6a826 (n33),master(2.2) RDDA - RoCE - n131,,,,,, ,,,,,,,,,,,,,,,,,,,,,,,,,,,,,23/02/2021 14:17,,2252,1945,2289,13265,93,113,96.75,528309,2179582,570904,69544,66460,1994,23/02/2021 14:27,,581,218,611,3728,334,823,135.625,204957,5076812,1159292,64121,97063,158,,,,,,,,,,,,,,,,,,,,,,,,,,,,,,,,,,,,,,,,,,,
8b9f2b1 (n82),2.0.5_production,,,23/02/2021 14:03,,, ,2048,1945,1998,3296,45,73,114.33,406666,700750,190510,61134,61727,2013,23/02/2021 14:13,,1945,1740,2014,7117,44,70,92,292561,1348249,352494,61603,61790,2024,23/02/2021 14:24,,3379,2457,4017,13108,41,63,92.16666667,343779,2126266,574891,110109,118857,4027,23/02/2021 14:34,,401,265,492,38634,203,370,97.33333333,96115,5500013,1930090,27346,115876,3031,,,,,,,,,,,,,,,,,,,,,,,,,,,,,,,,,,,,,,,,,,,
7c6a826 (n33),master - RoCE,,,23/02/2021 14:45,,, ,1126,1126,1151,3282,59,69,100.13,275500,701716,181497,35030,35088,1171,23/02/2021 14:56,,1126,1126,1148,6632,90,103,98.5,269873,1356440,344972,34862,34828,1072,23/02/2021 15:07,,2252,1945,2295,12741,94,108,97.25,533381,2206592,582739,69837,69275,2318,23/02/2021 15:17,,577,213,614,3874,332,874,131,206231,4477182,1290542,,,,,,,,,,,,,,,,,,,,,,,,,,,,,,,,,,,,,,,,,,,,,,
7c6a826 (n82),master,,,23/02/2021 19:25,,, ,2048,1945,2032,3729,24,42,91.17,413581,705797,189354,61665,61987,2029,23/02/2021 19:35,,2048,1740,2019,7121,38,60,91.33333333,296645,1346684,352306,61406,61596,2034,23/02/2021 19:46,,3379,2457,4007,13108,39,61,91.5,346751,2129221,574861,110180,118806,4020,23/02/2021 19:56,,420,276,488,39087,202,369,96.83333333,97123,5693873,1932819,26800,121276,3080,,,,,,,,,,,,,,,,,,,,,,,,,,,,,,,,,,,,,,,,,,,
649aa1e (n82),master,,,24/02/2021 1:11,,, ,2048,1945,2009,3561,46,78,114.83,407700,703770,189750,61616,61473,2047,24/02/2021 1:22,,2048,1843,2022,7150,40,65,91.83333333,295118,1347045,353327,61458,61428,2020,24/02/2021 1:32,,3174,2457,4021,14222,40,63,91.66666667,337815,2125466,574662,110364,119628,4029,24/02/2021 1:43,,422,279,488,39142,202,371,96.83333333,68520,5366108,1855318,28334,128677,3126,,,,,,,,,,,,,,,,,,,,,,,,,,,,,,,,,,,,,,,,,,,
8b9f2b1,2.0.5_production,,,24/02/2021 11:22,,, ,2048,1945,1993,3301,46,72,114.83,404136,703654,213188,61192,60758,2014,24/02/2021 11:33,,1945,1740,2023,6557,39,62,91.83333333,295301,1348399,353881,61494,61308,2025,24/02/2021 11:43,,3174,2457,4025,14100,40,62,92.66666667,338780,2113213,572251,110279,114902,4015,24/02/2021 11:54,,407,273,502,39119,202,368,97.33333333,86551,5139602,1847923,26308,118391,3089,,,,,,,,,,,,,,,,,,,,,,,,,,,,,,,,,,,,,,,,,,,
5aeda28,master,,,24/02/2021 12:20,,, ,2048,1945,2009,3550,45,73,114.67,404091,706036,189664,61632,61827,2027,24/02/2021 12:30,,1945,1843,2019,7120,36,58,91.66666667,288743,1347512,353998,61339,61298,2019,24/02/2021 12:41,,3379,2355,4021,13201,41,63,91.5,343065,2128641,572536,109981,118890,4009,24/02/2021 12:51,,419,278,488,38138,201,370,96.83333333,95613,5333558,1850390,28720,121148,3112,,,,,,,,,,,,,,,,,,,,,,,,,,,,,,,,,,,,,,,,,,,
5aeda28,master,,,25/02/2021 1:11,,, ,2048,1945,2009,3560,46,82,115,405125,703670,189319,61608,61081,2022,25/02/2021 1:21,,1945,1740,2005,7477,38,65,92.16666667,295985,1343487,351839,61049,60942,1995,25/02/2021 1:32,,3379,2457,4036,14265,42,63,91.66666667,342387,2129850,574249,110508,119657,4040,25/02/2021 1:42,,427,276,488,38821,201,373,96.5,84310,5364150,1855585,28035,114459,3086,,,,,,,,,,,,,,,,,,,,,,,,,,,,,,,,,,,,,,,,,,,
9226a2c3e,master,,,28/02/2021 16:11,,, ,1126,1126,1154/98%,error,,,,,,,,,,,,,,,,,,,,,,,,,,,,,,,,,,,,,,,,,,,,,,,,,,,,,,,,,,,,,,,,,,,,,,,,,,,,,,,,,,,,,,,,,,,,,,,,,
9226a2c3e,master,,,28/02/2021 19:37,,, ,749,1228,1165/98%,error,,,,,,,,,,,,,,,,,,,,,,,,,,,,,,,,,,,,,,,,,,,,,,,,,,,,,,,,,,,,,,,,,,,,,,,,,,,,,,,,,,,,,,,,,,,,,,,,,
41b8939 (n82),for_eldad,,,01/03/2021 10:12,,, ,2048,1945,2011,3578,46,72,114,406201,706286,190027,61721,61683,2034,01/03/2021 10:23,,1945,1740,2009,7122,39,60,92,303009,1348734,352531,61228,61358,2024,01/03/2021 10:33,,3276,2764,4028,13106,36,57,91.33333333,393849,2128876,573825,110515,119223,4035,01/03/2021 10:44,,418,275,501,39228,202,369,96.33333333,98490,5775477,1939893,27185,117356,3165,,,,,,,,,,,,,,,,,,,,,,,,,,,,,,,,,,,,,,,,,,,
17641e7 (n82),2.0.4,,,01/03/2021 12:51,,, ,2048,1945,1993,3287,45,73,111.17,409847,705533,189943,61379,61234,2017,01/03/2021 13:01,,1945,1843,2018,7122,38,59,92,144513,1338666,355152,61020,61065,2005,01/03/2021 13:12,,3379,2764,4035,14219,39,60,91.33333333,374274,2126272,573908,110461,118936,4026,01/03/2021 13:22,,411,267,498,39226,202,368,97.16666667,98479,5542707,1943441,26299,130514,,,,,,,,,,,,,,,,,,,,,,,,,,,,,,,,,,,,,,,,,,,,
9226a2c,master,nvme82.excelero.com,,,,, ,,,,,,,,,,,,,,01/03/2021 15:22,,1945,,,,,,,,,,,,,,,,,,,,,,,,,,,,,,,,,,,,,,,,,,,,,,,,,,,,,,,,,,,,,,,,,,,,,,,,,,,,,,,,,,,,,
9226a2c,master,,,01/03/2021 15:10,,, ,2048,1740,1997/97%,3371/97%,47.0/98%,44.0/98%,89.3333333333/98%,465758/55%,727903/71%,192288/92%,61443/92%,62959/96%,2018/97%,01/03/2021 15:20,,2048,1740,2013/97%,6560/95%,42.0/98%,68.0/98%,91.0/97%,218213/70%,1437933/40%,383533/81%,61061/91%,61292/94%,2005/97%,01/03/2021 15:30,,3584,2457,4019/94%,13120/94%,44.0/98%,66.0/98%,92.3333333333/98%,348890/55%,2873044/22%,765137/73%,121968/82%,122293/91%,4025/97%,01/03/2021 15:40,,351,236,467/92%,19637/91%,209.0/99%,227.0/98%,,,,,,,,,,,,,,,,,,,,,,,,,,,,,,,,,,,,,,,,,,,,,,,,,,
8b9f2b1,2.0.5_production,nvme82.excelero.com,,01/03/2021 17:30,,, ,2048,1945,2007,3559,47,75,114.17,403823,702811,189599,61715,61387,2040,01/03/2021 17:40,,1945,1740,2013,7155,39,64,92.16666667,291893,1344359,351421,61221,61082,2014,01/03/2021 17:51,,3276,2355,4026,14248,42,63,91.83333333,342757,2126208,575456,110357,119249,4008,01/03/2021 18:01,,404,271,503,39233,203,372,97.33333333,95059,5475269,1930844,26627,120015,3078,,,,,,,,,,,,,,,,,,,,,,,,,,,,,,,,,,,,,,,,,,,
9226a2c3e,master,,,01/03/2021 17:48,,, ,1945,1638,2031/92%,3291/95%,92.0/97%,140.0/98%,132.666666667/97%,447778/22%,626839/37%,191167/80%,61445/81%,61580/91%,2018/96%,01/03/2021 17:58,,1228,1331,2009/83%,6559/92%,167.0/97%,231.0/97%,136.666666667/97%,146537/23%,831849/29%,393039/57%,61224/55%,61479/79%,2012/92%,01/03/2021 18:09,,2150,1740,4020/81%,13128/82%,146.0/97%,185.0/97%,137.333333333/97%,249669/18%,823080/25%,624230/30%,121960/45%,122622/56%,4020/84%,01/03/2021 18:19,,299,86,380/69%,17881/67%,571.0/97%,,,,,,,,,,,,,,,,,,,,,,,,,,,,,,,,,,,,,,,,,,,,,,,,,,,
adc4275,master,nvme82.excelero.com,,01/03/2021 18:25,,, ,2048,1945,2013,3559,46,74,114.33,405915,705573,215075,61697,61827,2031,01/03/2021 18:36,,1945,1740,2009,7118,39,66,91.33333333,293887,1346265,352327,61414,61429,2023,01/03/2021 18:46,,3379,2355,4027,13103,41,63,91.5,344269,2112358,574930,110541,119572,4015,01/03/2021 18:57,,417,277,492,38711,204,373,96.66666667,94327,5639066,1915157,27849,,,,,,,,,,,,,,,,,,,,,,,,,,,,,,,,,,,,,,,,,,,,,
9226a2c3e,master,,,,,, ,,,,,,,,,,,,,,,,,,,,,,,,,,,,,,,,,,,,,,,,,,,,,,,,,,,,,,,,,,,,,,,,,,,,,,,,,,,,,,,,,,,,,,,,,,,,,,,,,,,,,
9226a2c3e,master,,,,,, ,,,,,,,,,,,,,,,,,,,,,,,,,,,,,,,,,,,,,,,,,,,,,,,,,,,,,,,,,,,,,,,,,,,,,,,,,,,,,,,,,,,,,,,,,,,,,,,,,,,,,
9226a2c3e,master,,,1,,, ,,,,,,,,,,,,,,,,,,,,,,,,,,,,,,,,,,,,,,,,,,,,,,,,,,,,,,,,,,,,,,,,,,,,,,,,,,,,,,,,,,,,,,,,,,,,,,,,,,,,,
9226a2c3e,master,nvme236.excelero.com,,,,, ,,,,,,,,,,,,,,,,,,,,,,,,,,,,,,,,,,,,,,,,,,,,02/03/2021 12:18,,297,85.6,376/70%,18045/64%,564.0/98%,743.0/97%,164.0/97%,54073/21%,714512/11%,262839/12%,17067/42%,38546/20%,841/56%,,,,,,,,,,,,,,,,,,,,,,,,,,,,,,,,,,,,,,,,,,,
9226a2c3e,master,nvme236.excelero.com,,,,, ,,,,,,,,,,,,,,,,,,,,,,,,,,,,,,,,,,,,,,,,,,,,02/03/2021 13:01,,355,230,445/93%,19640/93%,212.0/99%,230.0/98%,98.3333333333/98%,73203/65%,2826079/22%,1061630/15%,22423/83%,65505/80%,1262/93%,,,,,,,,,,,,,,,,,,,,,,,,,,,,,,,,,,,,,,,,,,,
126578d,2.2.0,nvme82.excelero.com,,03/03/2021 11:35,,, ,2048,1945,2009,3557,50,93,119.83,413171,703742,189533,61940,61833,2051,03/03/2021 11:46,,2048,1740,2023,7132,46,72,95.33333333,280283,1426618,351709,61500,61459,2013,03/03/2021 11:57,,3481,2764,4034,13102,41,62,95,434889,2122522,570720,110825,119869,4009,03/03/2021 12:07,,478,260,552,38257,211,383,102,,,,,,,,,,,,,,,,,,,,,,,,,,,,,,,,,,,,,,,,,,,,,,,,,
126578d,2.2.0,nvme82.excelero.com,,03/03/2021 12:54,,, ,2048,1945,2017,3577,30,49,98,416622,705867,189515,61459,61424,2028,03/03/2021 13:04,,2048,1843,2016,6554,43,67,95.83333333,284531,1346852,351843,61278,69875,2010,03/03/2021 13:15,,3686,2457,4022,13102,46,65,95.83333333,443489,2122337,573898,109880,119250,4015,03/03/2021 13:25,,471,265,552,39178,214,387,101.6666667,110833,2913401,1137202,35651,130947,,,,,,,,,,,,,,,,,,,,,,,,,,,,,,,,,,,,,,,,,,,,
126578d1f,2.2.0,nvme82.excelero.com,,,,, ,,,,,,,,,,,,,,,,,,,,,,,,,,,,,,,,,,,,,,,,,,,,03/03/2021 16:22,,473,257,571,38692,215,389,102.1666667,67759,2936297,1143934,29606,109169,3008,,,,,,,,,,,,,,,,,,,,,,,,,,,,,,,,,,,,,,,,,,,
31cab08,master,nvme82.excelero.com,,,,, ,,,,,,,,,,,,,,,,,,,,,,,,,,,,,,,,,,,,,,,,,,,,03/03/2021 17:13,,418,243,491,39134,202,377,96.16666667,97900,5785512,1947409,28751,138106,3135,,,,,,,,,,,,,,,,,,,,,,,,,,,,,,,,,,,,,,,,,,,
126578d,2.2.0,nvme82.excelero.com,,,,, ,,,,,,,,,,,,,,,,,,,,,,,,,,,,,,,,,,,,,,,,,,,,03/03/2021 17:57,,460,223,551,38610,217,392,101.3333333,77396,2917742,1176260,29915,131709,3083,,,,,,,,,,,,,,,,,,,,,,,,,,,,,,,,,,,,,,,,,,,
31cab08,master,nvme82.excelero.com,,,,, ,,,,,,,,,,,,,,,,,,,,,,,,,,,,,,,,,,,,,,,,,,,,03/03/2021 18:53,,463,223,545,38850,217,392,102.1666667,73805,2910970,1165442,31893,133137,3049,,,,,,,,,,,,,,,,,,,,,,,,,,,,,,,,,,,,,,,,,,,
126578d,2.2.0,nvme1101.excelero.com,,09/03/2021 19:29,,, ,1228,1000,"error(1536, '/98%')","error(1631, '/99%')","error(38.0, '/97%')","error(82.0, '/98%')","error(102.0, '/98%')","error(360340, '/56%')","error(391979, '/89%')","error(99284, '/97%')","error(46763, '/93%')","error(46104, '/98%')","error(1536, '/99%')",09/03/2021 19:39,,1228,950,"error(1538, '/97%')","error(3293, '/98%')","error(50.0, '/97%')","error(96.0, '/98%')","error(102.5, '/98%')","error(217396, '/63%')","error(783715, '/73%')","error(198398, '/93%')","error(46713, '/91%')","error(46687, '/96%')","error(1536, '/98%')",09/03/2021 19:50,,2048,1228,"error(3071, '/94%')","error(6565, '/98%')","error(53.0, '/96%')","error(99.0, '/97%')","error(102.0, '/98%')","error(407907, '/30%')","error(1566168, '/50%')","error(396641, '/86%')","error(93319, '/76%')","error(93080, '/93%')","error(3068, '/97%')",09/03/2021 20:01,,348,132,"error(394, '/78%')","error(9836, '/95%')","error(249.0, '/97%')","error(270.0, '/94%')","error(108.75, '/98%')","error(90905, '/43%')","error(2306887, '/27%')","error(587697, '/42%')","error(21489, '/64%')","error(73224, '/62%')","error(1538, '/76%')",,,,,,,,,,,,,,,,,,,,,,,,,,,,,,,,,,,,,,,,,,,
126578d,2.2.0,nvme1101.excelero.com,,09/03/2021 21:20,,, ,1228,1024,1537/97%,1645/98%,38.0/97%,82.0/98%,102.0/98%,362003/35%,392872/89%,99296/97%,46729/92%,46742/98%,1536/99%,09/03/2021 21:35,,1228,866,1535/96%,3285/98%,57.0/96%,110.0/97%,102.75/98%,286511/35%,784160/70%,198325/91%,46712/86%,46650/95%,1537/98%,09/03/2021 21:46,,2048,1331,3072/94%,6563/98%,49.0/96%,94.0/97%,102.25/98%,321688/46%,1566173/49%,396833/84%,93351/79%,93223/93%,3074/97%,09/03/2021 21:56,,329,167,411/80%,9836/95%,236.0/97%,309.0/95%,108.0/98%,82918/46%,2217875/31%,586087/44%,20859/68%,70154/64%,1532/76%,,,,,,,,,,,,,,,,,,,,,,,,,,,,,,,,,,,,,,,,,,,
126578d,2.2.0,nvme1101.excelero.com,,09/03/2021 22:29,,, ,1228,994,1532/97%,1638/99%,38.0/97%,82.0/98%,102.5/98%,365856/54%,392092/88%,99404/96%,46742/92%,46722/98%,1536/98%,09/03/2021 22:40,,1228,884,1536/95%,3294/98%,53.0/95%,106.0/97%,102.25/98%,300581/37%,784205/74%,198538/93%,46733/86%,46629/94%,1536/98%,09/03/2021 22:51,,2048,1331,3071/93%,6565/97%,55.0/96%,98.0/97%,102.75/98%,395553/31%,1566133/50%,396825/83%,93378/74%,93033/89%,3068/97%,09/03/2021 23:01,,345,164,402/80%,9836/95%,242.0/96%,264.0/94%,,,,,,,,,,,,,,,,,,,,,,,,,,,,,,,,,,,,,,,,,,,,,,,,,,
126578d,2.2.0,nvme1101.excelero.com,,10/03/2021 9:33,,, ,1331,1228,1536/99%,1630/99%,23.0/98%,51.0/99%,102.5/98%,365684/88%,392115/89%,97568/96%,46749/97%,46547/98%,1539/99%,10/03/2021 9:43,,1228,862,1534/96%,3291/98%,57.0/96%,109.0/97%,102.75/98%,294059/39%,783929/74%,198310/92%,46727/87%,46647/95%,1535/98%,10/03/2021 9:54,,1945,1228,3070/93%,6564/97%,52.0/96%,99.0/97%,102.25/98%,253917/47%,1566074/51%,396705/86%,93292/76%,93232/92%,3071/97%,10/03/2021 10:05,,356,141,405/81%,9836/95%,244.0/97%,259.0/95%,108.25/98%,70856/53%,,,,,,,,,,,,,,,,,,,,,,,,,,,,,,,,,,,,,,,,,,,,,,,,
126578d,2.2.0,nvme36.excelero.com,,,,, ,,,,,,,,,,,,,,,,,,,,,,,,,,,,,,,,,,,,,,,,,,,,22/03/2021 17:15,,377,190,423/80%,1152/98%,335.0/98%,309.0/96%,116.6/97%,96949/46%,2903359/13%,823342/33%,23593/62%,66484/74%,1778/81%,,,,,,,,,,,,,,,,,,,,,,,,,,,,,,,,,,,,,,,,,,,
126578d,2.2.0,nvme36.excelero.com,,,,, ,,,,,,,,,,,,,,,,,,,,,,,,,,,,,,,,,,,,,,,,,,,,22/03/2021 17:55,,367,190,431/80%,1338/98%,354.0/98%,303.0/96%,117.4/97%,92888/47%,2868383/14%,832435/29%,24209/61%,66684/74%,1787/81%,,,,,,,,,,,,,,,,,,,,,,,,,,,,,,,,,,,,,,,,,,,
126578d,2.2.0,nvme36.excelero.com,,,,, ,,,,,,,,,,,,,,,,,,,,,,,,,,,,,,,,,,,,,,,,,,,,22/03/2021 18:26,,399,199,465/81%,1337/98%,338.0/97%,300.0/96%,116.6/97%,100700/45%,2910169/13%,865713/35%,23590/66%,67461/74%,1738/80%,,,,,,,,,,,,,,,,,,,,,,,,,,,,,,,,,,,,,,,,,,,
126578d,2.2.0,nvme36.excelero.com,,,,, ,,,,,,,,,,,,,,,,,,,,,,,,,,,,,,,,,,,,,,,,,,,,22/03/2021 19:02,,368,180,419/80%,1316/97%,333.0/98%,310.0/96%,117.8/98%, ,2897290/13%,883682/26%,24043/62%,66925/75%,1742/81%,,,,,,,,,,,,,,,,,,,,,,,,,,,,,,,,,,,,,,,,,,,
126578d,2.2.0,nvme36.excelero.com,,,,, ,,,,,,,,,,,,,,,,,,,,,,,,,,,,,,,,,,,,,,,,,,,,22/03/2021 19:27,,,,,,,,,,,,,,,,,,,,,,,,,,,,,,,,,,,,,,,,,,,,,,,,,,,,,,,,,
126578d,2.2.0,nvme36.excelero.com,,,,, ,,,,,,,,,,,,,,,,,,,,,,,,,,,,,,,,,,,,,,,,,,,,22/03/2021 19:37,,,,,,,,,,,,,,,,,,,,,,,,,,,,,,,,,,,,,,,,,,,,,,,,,,,,,,,,,
126578d,2.2.0,nvme36.excelero.com,,,,, ,,,,,,,,,,,,,,,,,,,,,,,,,,,,,,,,,,,,,,,,,,,,22/03/2021 19:46,,,,,,,,,,,,,,,,,,,,,,,,,,,,,,,,,,,,,,,,,,,,,,,,,,,,,,,,,
126578d,2.2.0,nvme36.excelero.com,,,,, ,,,,,,,,,,,,,,,,,,,,,,,,,,,,,,,,,,,,,,,,,,,,24/03/2021 13:14,,,,,,,,,,,,,,,430/82%,,,,,,,,,,,,,,,,,,,,,,,,,,,,,,,,,,,,,,,,,,
126578d,2.2.0,nvme36.excelero.com,,,,, ,,,,,,,,,,,,,,,,,,,,,,,,,,,,,,,,,,,,,,,,,,,,24/03/2021 13:35,,,,,,,,,,,,,,,442/81%,,,,,,,,,,,,,,,,,,,,,,,,,,,,,,,,,,,,,,,,,,
126578d,2.2.0,nvme36.excelero.com,,,,, ,,,,,,,,,,,,,,,,,,,,,,,,,,,,,,,,,,,,,,,,,,,,24/03/2021 13:39,,,,,,,,,,,,,,,420/81%,12205/92%,1185.0/95%,188.4/97%,3640/78%,37128/90%,,,,,,,,,,,,,,,,,,,,,,,,,,,,,,,,,,,,,
126578d,2.2.0,nvme36.excelero.com,,,,, ,,,,,,,,,,,,,,,,,,,,,,,,,,,,,,,,,,,,,,,,,,,,24/03/2021 13:51,,,,,,,,,,,,,,,425/81%,13458/91%,1170.0/95%,184.8/97%,3599/78%,39796/91%,,,,,,,,,,,,,,,,,,,,,,,,,,,,,,,,,,,,,
126578d,2.2.0,nvme36.excelero.com,,,,, ,,,,,,,,,,,,,,,,,,,,,,,,,,,,,,,,,,,,,,,,,,,,24/03/2021 14:04,,,,,,,,,,,,,,,427/80%,12937/92%,1142.0/95%,190.2/97%,3522/77%,34763/91%,,,,,,,,,,,,,,,,,,,,,,,,,,,,,,,,,,,,,
24149a7,ms_on_master,nvme82.excelero.com,,,,, ,,,,,,,,,,,,,,,,,,,,,,,,,,,,,,,,,,,,,,,,,,,,25/03/2021 16:26,,,,1386/92%,32729/93%,196.0/99%,152.0/99%,94.83333333333333/98%,94058/51%,5111759/20%,1144639/51%,37757/64%,129598/73%,7484/94%,2165/90%,32526/78%,205.0/99%,140.66666666666666/98%,29572/65%,248169/76%,,,,,,,,,,,,,,,,,,,,,,,,,,,,,,,,,,,,,
24149a7,ms_on_master,nvme82.excelero.com,,,,, ,,,,,,,,,,,,,,,,,,,,,,,,,,,,,,,,,,,,,,,,,,,,25/03/2021 16:57,,,,1457/92%,32741/93%,191.0/98%,145.0/99%,96.0/99%,98406/51%,5095859/19%,1148974/51%,38955/65%,130800/74%,7478/94%,2268/89%,32522/81%,194.0/99%,140.16666666666666/98%,30884/66%,248134/80%,7385/94%,,,,,,,,,,,,,,,,,,,,,,,,,,,,,,,,,,,,
126578d,2.2.0,nvme82.excelero.com,,,,, ,,,,,,,,,,,,,,,,,,,,,,,,,,,,,,,,,,,,,,,,,,,,25/03/2021 17:26,,,,552/84%,32736/90%,389.0/98%,236.0/97%,97.83333333333333/98%,117136/53%,3048285/41%,1124018/44%,44254/65%,201380/66%,3017/83%,633/84%,30816/74%,575.0/95%,173.66666666666666/97%,5596/79%,241936/65%,3107/83%,,,,,,,,,,,,,,,,,,,,,,,,,,,,,,,,,,,,
ac8f1b0,ms_on_master,nvme82.excelero.com,,27/03/2021 3:02,,, ,2048,1945,2013/98%,3552/98%,45.0/98%,73.0/99%,113.83333333333333/99%,408102/77%,706819/93%,189672/97%,61658/94%,61498/98%,2033/98%,27/03/2021 3:21,,1945,1843,2022/97%,7126/97%,35.0/98%,57.0/99%,91.33333333333333/98%,296845/62%,1343809/78%,352819/94%,61317/91%,61087/97%,2005/98%,27/03/2021 3:40,,3481,2764,4014/93%,14215/97%,37.0/98%,58.0/98%,91.16666666666667/98%,386356/42%,2129961/69%,577605/92%,111360/81%,119148/96%,4029/98%,4011/94%,14219/97%,118.0/98%,,,,,,,,,,,,,,,,,,,,,,,,,,,,,,,,,,,,,,,,,,,,,,,,,,,,,,,
6de0dee,ms_on_master,nvme82.excelero.com,,27/03/2021 4:32,,, ,2048,1945,2010/97%,3555/98%,45.0/99%,72.0/98%,114.33333333333333/99%,404580/77%,703202/90%,190205/96%,61751/95%,62322/98%,2036/98%,27/03/2021 4:51,,2048,1740,2009/96%,7143/98%,38.0/98%,63.0/99%,91.16666666666667/98%,315822/56%,1348610/78%,353303/95%,61098/89%,61048/97%,2012/98%,27/03/2021 5:09,,3686,2867,4030/94%,13102/97%,38.0/98%,60.0/98%,91.33333333333333/98%,394421/43%,2127262/69%,574033/93%,110667/81%,119491/96%,4070/98%,4004/94%,13079/97%,,,,,,,,,,,,,,,,,,,,,,,,,,,,,,,,,,,,,,,,,,,,,,,,,,,,,,,,
6de0dee,ms_on_master,nvme82.excelero.com,,,,, ,,,,,,,,,,,,,,,,,,,,,,,,,,,,,,,,,,,,,,,,,,,,29/03/2021 15:43,,,,1389/92%,32738/93%,380.0/99%,240.0/99%,93.66666666666667/98%,98470/50%,5143929/19%,1133697/50%,38458/65%,129720/73%,7476/94%,2281/89%,32527/79%,194.0/99%,140.5/98%,30736/68%,248370/78%,7397/94%,,,,,,,,,,,,,,,,,,,,,,,,,,,,,,,,,,,,
6de0dee,ms_on_master,nvme82.excelero.com,,31/03/2021 10:47,,, ,2048,1945,2034/97%,3555/99%,23.0/98%,42.0/98%,91.0/99%,409999/78%,705933/91%,189372/97%,61986/95%,61522/98%,2043/98%,2026/97%,3554/98%,95.0/99%,268.0/98%,15507/98%,26933/98%,2031/98%,26937/98%,error,,,,,,,,,,,,,,,,,,,,,,,,,,,,,,,,,,,,,,,,,,,,,,,,,,,,,,,,,,,,,,,,,,,,,,,,,,,,,,,
6de0dee,ms_on_master,nvme82.excelero.com,,,,, ,,,,,,,,,,,,,,,,,,,,,,,,,,,,,,,,,,,,,,,,,,,,31/03/2021 12:02,,,,1519/92%,32726/93%,190.0/99%,140.0/99%,96.16666666666667/99%,102257/51%,5077971/21%,1165517/49%,40020/66%,129897/73%,7526/94%,2195/91%,32519/79%,190.0/99%,139.66666666666666/98%,31047/67%,248140/79%,7449/93%,error,,,,,,,,,,,,,,,,,,,,,,,,,,,,,,,,,,,
6de0dee,ms_on_master,nvme82.excelero.com,,,,, ,,,,,,,,,,,,,,,,,,,,,,,,,,,,,,,,,,,,,,,,,,,,31/03/2021 12:36,,,,1501/92%,32743/94%,190.0/99%,140.0/98%,95.83333333333333/98%,103310/51%,5096840/20%,1165818/50%,40921/66%,130136/73%,7475/94%,2310/90%,32536/81%,187.0/99%,140.33333333333334/98%,32491/66%,248208/83%,7407/93%,849/92%,32521/82%,567.0/99%,144.16666666666666/98%,9215/77%,240642/79%,2145/95%,,,,,,,,,,,,,,,,,,,,,,,,,,,,,
f8feabb,jared_ms_on_mst,nvme82.excelero.com,,,,, ,,,,,,,,,,,,,,,,,,,,,,,,,,,,,,,,,,,,,,,,,,,,12/04/2021 11:00,,,,1502/92%,32717/92%,190.0/98%,143.0/98%,95.66666666666667/98%,102310/51%,5641399/15%,1716963/31%,41828/65%,132063/72%,7528/94%,2115/91%,32519/82%,192.0/99%,140.16666666666666/98%,31907/67%,247972/76%,7427/94%,824/93%,32505/79%,576.0/99%,144.5/98%,7837/78%,240324/75%,2130/95%,,,,,,,,,,,,,,,,,,,,,,,,,,,,,
0eaa7ba,jared_ms_on_mst,nvme82.excelero.com,,12/04/2021 14:21,,, ,2048,1945,2010/97%,3554/96%,45.0/98%,74.0/99%,113.83333333333333/96%,464699/75%,727870/91%,190902/96%,62259/94%,61759/97%,2034/96%,12/04/2021 14:48,,2048,1740,2018/96%,7119/96%,37.0/99%,62.0/99%,91.5/96%,319698/55%,1455559/76%,382228/93%,61218/90%,61148/96%,1998/96%,1984/96%,7101/96%,125.0/98%,228.0/96%,15267/96%,54310/95%,2009/96%,54114/96%,1986/95%,7106/96%,120.0/98%,226.33333333333334/96%,,,,,,,,,,,,,,,,,,,,,,,,,,,,,,,,,,,,,,,,,,,,,,,,,,,,,,,,,,,,,
0eaa7ba,jared_ms_on_mst,nvme82.excelero.com,,,,, ,,,,,,,,,,,,,,,,,,,,,,,,,,,,,,,,,,,,,,,,,,,,13/04/2021 11:49,,,,,,,,,,,,,,,,,,,,,,,,,,,,,,,,,,,,,,,,,,,,,,,,,,,,,,,,,
bc17b3b,ms_on_master,nvme82.excelero.com,,,,, ,,,,,,,,,,,,,,,,,,,,,,,,,,,,,,,,,,,,,,,,,,,,13/04/2021 17:27,,1228,432,1508/93%,32717/92%,193.0/99%,139.0/98%,97.33333333333333/96%,106181/50%,5620290/14%,1683526/31%,41981/65%,132777/72%,7486/93%,2315/90%,32523/76%,187.0/98%,139.16666666666666/97%,32998/66%,247970/79%,7398/91%,845/92%,32516/74%,565.0/98%,144.5/96%,8815/77%,240322/77%,2104/95%,,,,,,,,,,,,,,,,,,,,,,,,,,,,,
35af50b,ms_on_master,nvme82.excelero.com,,14/04/2021 12:00,,, ,2048,2048,2012/97%,3554/95%,39.0/98%,60.0/98%,114.0/95%,457765/85%,727676/91%,191170/96%,62134/96%,62166/97%,2042/97%,14/04/2021 12:26,,2048,1740,2008/96%,7124/95%,38.0/98%,64.0/97%,91.33333333333333/96%,316782/53%,1457366/76%,435304/91%,61485/89%,61501/94%,2035/96%,14/04/2021 12:53,,3584,2560,4028/92%,13044/96%,38.0/97%,60.0/98%,91.16666666666667/96%,359381/43%,2861661/57%,748959/88%,122319/76%,118994/96%,4009/95%,14/04/2021 13:19,,425,270,486/93%,38460/91%,198.0/98%,400.0/98%,96.83333333333333/96%,101737/50%,5692447/14%,1926337/23%,21686/74%,94815/70%,2889/92%,488/93%,36893/70%,728.0/97%,153.5/96%,4080/90%,282536/59%,2339/92%,497/92%,37166/69%,750.0/98%,152.83333333333334/95%,4085/91%,268053/58%,2252/92%,,,,,,,,,,,,,,,,,,,,,,,,,,,,,
8478b3d,ms_on_master,nvme82.excelero.com,,21/04/2021 19:00,,, ,2048,2048,2013/95%,3279/96%,23.0/96%,41.0/96%,91.3333333333/96%,463941/73%,725928/90%,190470/94%,61467/92%,61221/96%,2018/97%,2020/95%,,,,,,,,,,,,,,,,,,,,,,,,,,,,,,,,,,,,,,,,,,,,,,,,,,,,,,,,,,,,,,,,,,,,,,,,,,,,,,,,,,,,,,,
8478b3d,ms_on_master,nvme82.excelero.com,,21/04/2021 21:22,,, ,2048,2048,2019/97%,3280/96%,23.0/98%,41.0/98%,91.0/96%,463633/75%,726664/91%,191449/95%,61311/94%,61459/96%,2018/96%,,,,,,,,,,,,,,,,,,,,,,,,,,,,,,,,,,,,,,,,,,,,,,,,,,,,,,,,,,,,,,,,,,,,,,,,,,,,,,,,,,,,,,,,
8478b3d,ms_on_master,nvme82.excelero.com,,,,, ,,,,,,,,,,,,,,,,,,,,,,,,,,,,,,,,,,,,,,,,,,,,21/04/2021 22:02,,417,269,484/91%,38290/87%,200.0/96%,417.0/96%,96.3333333333/96%,99483/52%,5653316/17%,1925031/24%,19048/75%,92917/72%,2908/93%,489/90%,36428/71%,730.0/96%,153.5/96%,4081/90%,276666/61%,2284/92%,489/91%,37163/70%,756.0/96%,152.666666667/95%,4024/88%,264210/60%,2201/93%,,,,,,,,,,,,,,,,,,,,,,,,,,,,,
cb7dc5f,master,nvme82.excelero.com,,21/04/2021 23:07,,, ,2048,1945,1989/98%,3333/98%,45.0/98%,72.0/98%,114.16666666666667/98%,464560/75%,727440/92%,190937/97%,61479/95%,61127/98%,2014/98%,21/04/2021 23:33,,2048,1843,2018/96%,6551/98%,38.0/98%,58.0/98%,91.33333333333333/98%,323237/53%,1453499/81%,382300/94%,61506/89%,61309/97%,2015/98%,22/04/2021 0:00,,3072,2560,4029/94%,14245/97%,39.0/98%,61.0/98%,91.33333333333333/98%,365883/43%,2895187/58%,763744/88%,122586/77%,122174/96%,4033/98%,22/04/2021 0:26,,423,271,487/94%,38095/89%,194.0/99%,394.0/98%,96.33333333333333/98%,97172/52%,5703985/14%,1943092/25%,19891/73%,93490/71%,2925/94%,489/93%,36656/74%,722.0/98%,153.83333333333334/97%,4130/93%,281242/64%,2298/94%,494/93%,37173/72%,742.0/98%,152.66666666666666/98%,4084/93%,269447/60%,2323/95%,,,,,,,,,,,,,,,,,,,,,,,,,,,,,
cb7dc5f,master,nvme82.excelero.com,,22/04/2021 11:30,,, ,2048,1945,2036/97%,3553/98%,23.0/97%,42.0/98%,90.8333333333/98%,466106/75%,727667/92%,191112/96%,61649/94%,61489/98%,2032/98%,,,,,,,,,,,,,,,,,,,,,,,,,,,,,,,22/04/2021 11:40,,423,274,484/93%,38834/89%,196.0/98%,399.0/98%,96.6666666667/98%,98546/54%,5727610/14%,1952829/24%,20828/75%,94288/73%,2922/93%,492/92%,36828/70%,728.0/97%,154.166666667/97%,4108/91%,271596/61%,2380/94%,493/92%,37269/69%,759.0/98%,153.0/97%,4006/92%,272688/59%,2271/94%,,,,,,,,,,,,,,,,,,,,,,,,,,,,,
cb7dc5f,master,nvme82.excelero.com,,22/04/2021 12:39,,, ,2048,2048,2016/97%,3287/98%,23.0/98%,40.0/98%,90.83333333333333/98%,462674/75%,727353/90%,190852/97%,61377/94%,61347/98%,2025/98%,22/04/2021 12:49,,2048,1843,2025/97%,7395/98%,37.0/98%,62.0/99%,91.33333333333333/98%,314179/55%,1455103/80%,382116/94%,61642/90%,61633/97%,2034/98%,22/04/2021 13:00,,3481,2355,4030/93%,13833/97%,40.0/98%,62.0/98%,91.33333333333333/98%,368281/42%,2856698/58%,752095/85%,122513/77%,117106/96%,4035/98%,22/04/2021 13:10,,416,270,486/94%,38916/90%,195.0/99%,396.0/99%,96.5/98%,88147/56%,5714270/14%,1936596/24%,21215/75%,93491/73%,2935/93%,488/93%,36894/70%,727.0/98%,154.0/98%,4137/92%,282197/63%,2273/94%,490/93%,37400/69%,750.0/98%,153.0/98%,4052/93%,269244/60%,2186/94%,,,,,,,,,,,,,,,,,,,,,,,,,,,,,
126578d,2.2.0,nvme82.excelero.com,,22/04/2021 14:21,,, ,2048,1945,2002/98%,3737/98%,28.0/98%,46.0/98%,96.16666666666667/98%,453441/82%,811293/86%,213118/97%,61420/96%,68142/98%,2023/99%,22/04/2021 14:44,,2048,1945,2030/97%,6550/98%,38.0/98%,60.0/97%,95.16666666666667/98%,310404/64%,1453609/76%,382153/91%,61424/92%,61522/96%,2022/98%,22/04/2021 14:54,,3686,2457,4035/93%,13099/97%,42.0/97%,64.0/98%,95.5/98%,469157/38%,2903372/51%,762200/85%,122596/78%,122641/96%,4016/98%,22/04/2021 15:05,,516,276,564/84%,39191/75%,209.0/98%,378.0/97%,102.0/98%,97153/58%,2891792/42%,1134986/45%,34286/61%,120747/66%,3056/83%,658/81%,36149/61%,730.0/95%,163.5/97%,5312/77%,279717/58%,2428/86%,655/81%,35859/60%,746.0/95%,162.5/96%,5285/77%,266297/56%,2353/86%,,,,,,,,,,,,,,,,,,,,,,,,,,,,,
91678f0,master,nvme82.excelero.com,,22/04/2021 17:53,,, ,2048,1945,2000/98%,3278/98%,45.0/99%,73.0/99%,114.16666666666667/98%,454250/76%,726964/92%,191113/97%,61300/95%,61244/98%,2021/98%,22/04/2021 18:04,,1945,1740,2019/96%,6550/98%,38.0/98%,64.0/99%,91.5/98%,316688/56%,1454349/79%,382466/93%,61438/90%,61691/97%,2040/98%,22/04/2021 18:15,,3584,2764,3999/93%,12990/97%,36.0/98%,57.0/98%,91.33333333333333/98%,410466/41%,2890358/58%,763163/87%,122297/80%,116297/96%,4021/98%,22/04/2021 18:25,,429,275,493/94%,38970/90%,195.0/99%,394.0/99%,96.33333333333333/98%,106714/50%,5724004/13%,1932738/26%,21551/76%,102004/70%,2970/94%,504/93%,36876/71%,722.0/98%,154.0/98%,4161/92%,285887/66%,2377/94%,506/93%,36507/70%,739.0/99%,153.16666666666666/98%,4094/92%,275058/62%,2271/94%,,,,,,,,,,,,,,,,,,,,,,,,,,,,,
b038ded,2.2.0,nvme82.excelero.com,,25/04/2021 12:50,,, ,2048,1945,1992/97%,3284/98%,46.0/98%,73.0/100%,114.66666666666667/98%,455415/74%,726796/91%,190847/97%,61376/94%,61247/98%,2026/98%,25/04/2021 13:00,,1945,1740,2022/96%,6553/98%,39.0/98%,66.0/98%,91.66666666666667/98%,301454/53%,1454017/79%,382272/92%,61847/89%,61836/97%,2030/98%,25/04/2021 13:11,,3379,2355,4035/92%,13122/97%,39.0/99%,61.0/98%,91.33333333333333/98%,339697/45%,2900031/58%,764123/87%,123062/76%,123065/96%,3994/98%,25/04/2021 13:21,,404,255,489/94%,39024/85%,202.0/99%,372.0/99%,96.66666666666667/98%,97956/50%,5662226/14%,1927320/26%,29244/69%,121449/73%,3125/93%,534/93%,36687/71%,718.0/99%,154.33333333333334/98%,4457/92%,274401/59%,2519/94%,534/92%,36865/72%,736.0/98%,153.5/98%,4365/93%,271442/56%,2466/95%,,,,,,,,,,,,,,,,,,,,,,,,,,,,,
2c1da55,master,nvme82.excelero.com,,25/04/2021 15:07,,, ,2048,2048,1992/98%,3283/98%,39.0/99%,59.0/99%,114.0/98%,453561/87%,724115/90%,191384/97%,61467/97%,61478/98%,2013/98%,25/04/2021 15:17,,1945,1740,2012/97%,7122/98%,37.0/98%,64.0/98%,91.0/98%,307812/57%,1454509/78%,382830/94%,61233/90%,61246/97%,2013/98%,25/04/2021 15:28,,3584,2457,4010/93%,14185/97%,37.0/98%,59.0/98%,90.83333333333333/98%,369777/43%,2809480/58%,752147/88%,121890/78%,147790/95%,3973/98%,25/04/2021 15:39,,438,289,512/94%,39226/88%,197.0/99%,359.0/99%,96.5/98%,103147/50%,5630695/15%,1911650/25%,32530/66%,136472/71%,3071/94%,561/93%,36789/72%,690.0/98%,154.5/98%,4635/93%,285536/59%,2503/94%,569/92%,37267/70%,701.0/98%,153.33333333333334/98%,4543/92%,276565/60%,2439/94%,,,,,,,,,,,,,,,,,,,,,,,,,,,,,
d8ebc6e,master,nvme82.excelero.com,,25/04/2021 17:05,,, ,2048,2048,2023/98%,3307/98%,23.0/98%,42.0/98%,90.5/98%,463648/75%,727090/92%,190648/97%,61636/95%,61026/98%,2025/98%,25/04/2021 17:16,,2048,1945,2011/97%,7120/97%,34.0/98%,57.0/98%,91.83333333333333/98%,283317/66%,1456469/78%,382855/94%,61157/92%,61324/98%,2019/98%,25/04/2021 17:27,,3686,2764,4024/94%,13101/97%,36.0/98%,57.0/98%,91.33333333333333/98%,397950/44%,2899186/58%,763892/87%,121832/80%,121618/96%,4023/98%,25/04/2021 17:37,,432,289,505/94%,39049/88%,197.0/99%,360.0/98%,96.5/97%,100877/49%,5633502/15%,1909812/25%,31242/70%,111630/74%,3075/94%,542/93%,36609/72%,692.0/98%,154.5/98%,4594/92%,286175/61%,2475/95%,559/92%,36768/70%,713.0/98%,153.5/98%,4511/92%,271471/59%,2445/94%,,,,,,,,,,,,,,,,,,,,,,,,,,,,,
44bf104,master,nvme82.excelero.com,,,,, ,,,,,,,,,,,,,,,,,,,,,,,,,,,,,,,,,,,,,,,,,,,,25/04/2021 20:16,,483,264,557/83%,37966/74%,208.0/98%,407.0/96%,102.66666666666667/98%,88336/60%,2986414/37%,1169742/43%,22441/65%,98006/64%,2949/82%,556/82%,36057/61%,759.0/95%,163.5/97%,4898/77%,281021/56%,2189/85%,552/82%,35722/59%,786.0/95%,162.66666666666666/96%,4617/79%,271406/55%,2138/86%,,,,,,,,,,,,,,,,,,,,,,,,,,,,,
99fa016,master,nvme82.excelero.com,,26/04/2021 11:12,,, ,2048,1945,1988/96%,3277/98%,45.0/98%,72.0/98%,114.16666666666667/98%,468953/74%,726561/91%,190999/97%,61599/94%,61033/98%,2023/98%,26/04/2021 11:22,,2048,1945,2011/96%,7124/97%,35.0/98%,58.0/98%,91.33333333333333/98%,261692/66%,1455740/77%,383029/93%,61244/91%,61376/97%,2006/98%,26/04/2021 11:33,,3481,2764,4022/93%,14215/97%,36.0/98%,57.0/98%,91.16666666666667/98%,399818/42%,2893182/58%,749335/86%,122227/79%,122927/95%,4021/98%,26/04/2021 11:43,,415,269,488/93%,39214/89%,198.0/98%,402.0/98%,96.33333333333333/98%,100188/50%,5556811/14%,1905015/24%,21278/74%,97999/71%,2911/94%,482/92%,35905/71%,746.0/98%,154.0/98%,4115/92%,276973/56%,2330/94%,489/92%,37037/70%,756.0/98%,152.83333333333334/98%,4017/91%,273398/59%,2250/94%,,,,,,,,,,,,,,,,,,,,,,,,,,,,,
99fa016,master,nvme82.excelero.com,,26/04/2021 14:46,,, ,2048,1945,1997/97%,3276/98%,45.0/98%,73.0/99%,114.16666666666667/98%,455700/74%,727346/92%,190733/97%,61592/94%,61834/98%,2021/98%,26/04/2021 14:57,,2048,1740,2025/96%,6553/98%,38.0/98%,63.0/99%,91.5/98%,304536/56%,1454219/73%,382134/93%,61692/89%,61908/97%,2027/98%,26/04/2021 15:08,,3481,2560,4037/93%,13987/97%,40.0/98%,62.0/98%,91.33333333333333/98%,354121/44%,2855267/59%,764389/87%,122696/78%,119845/96%,4535/98%,26/04/2021 15:19,,414,272,487/93%,38705/87%,196.0/99%,402.0/99%,96.66666666666667/98%,98577/51%,5634646/14%,1908858/21%,20769/72%,94843/73%,2865/93%,484/93%,36819/70%,734.0/98%,153.83333333333334/98%,4104/91%,279925/63%,2187/95%,484/93%,37181/70%,755.0/98%,153.0/98%,4059/91%,268634/59%,2239/94%,,,,,,,,,,,,,,,,,,,,,,,,,,,,,
4963576,master,nvme82.excelero.com,,26/04/2021 22:39,,, ,2048,1945,2007/97%,3277/98%,45.0/99%,72.0/98%,99.5/98%,462949/75%,726811/91%,190797/97%,61032/95%,61164/98%,2018/98%,26/04/2021 22:49,,1945,1843,2013/96%,7120/98%,37.0/98%,62.0/98%,91.16666666666667/98%,303244/57%,1456635/79%,382951/94%,61287/90%,61220/97%,2014/98%,26/04/2021 23:00,,3481,2969,4044/94%,14163/97%,36.0/98%,57.0/98%,91.5/98%,439271/44%,2894331/58%,750426/87%,122815/83%,116403/96%,4054/98%,26/04/2021 23:10,,428,253,507/92%,32518/93%,194.0/99%,145.0/99%,96.0/98%,104954/51%,5526469/16%,1689878/32%,38195/63%,127451/75%,2962/93%,566/93%,31208/77%,496.0/98%,164.16666666666666/98%,4809/92%,242515/71%,3032/93%,482/93%,31545/78%,772.0/98%,161.16666666666666/97%,3924/92%,231227/72%,2141/94%,,,,,,,,,,,,,,,,,,,,,,,,,,,,,
b038ded,2.2.0,nvme82.excelero.com,,26/04/2021 23:57,,, ,2048,1945,1996/97%,3280/98%,45.0/98%,72.0/98%,114.33333333333333/98%,455561/74%,727424/90%,191053/97%,61316/95%,61280/98%,2030/98%,27/04/2021 0:08,,2048,1740,2025/96%,6555/98%,37.0/99%,62.0/99%,91.33333333333333/98%,305921/55%,1454157/79%,376609/93%,61901/90%,60553/97%,2043/98%,27/04/2021 0:18,,3379,2764,3999/95%,13107/97%,37.0/98%,58.0/98%,91.5/98%,395813/42%,2903703/58%,763252/85%,122303/79%,122313/95%,4029/98%,27/04/2021 0:29,,411,244,479/92%,32702/93%,200.0/99%,147.0/98%,96.33333333333333/98%,98786/51%,5475572/18%,1705894/32%,41239/63%,155294/72%,2925/94%,540/93%,31091/78%,515.0/98%,164.33333333333334/98%,4504/93%,240680/72%,3211/93%,518/93%,31442/75%,747.0/98%,161.83333333333334/98%,4013/93%,233157/76%,2307/95%,,,,,,,,,,,,,,,,,,,,,,,,,,,,,
4963576,master,nvme82.excelero.com,,27/04/2021 11:27,,, ,2048,1945,1995/97%,3278/98%,46.0/98%,71.0/98%,114.33333333333333/98%,465007/74%,727014/91%,190809/97%,61333/94%,61173/98%,2012/98%,27/04/2021 11:38,,2048,1740,2023/96%,6552/98%,39.0/98%,65.0/99%,91.16666666666667/98%,300609/55%,1454069/77%,382873/93%,61595/90%,61565/97%,2029/98%,27/04/2021 11:49,,3481,2764,4029/94%,13098/97%,39.0/98%,60.0/99%,91.0/98%,379942/43%,2899586/58%,762483/87%,122561/79%,122776/96%,4761/98%,27/04/2021 12:00,,400,240,483/92%,32715/92%,200.0/99%,147.0/98%,96.5/98%,97997/52%,5477350/16%,1687176/32%,40657/63%,154657/74%,2925/94%,538/94%,31075/76%,523.0/98%,164.66666666666666/98%,4617/92%,235023/72%,3166/94%,463/92%,31323/75%,788.0/97%,161.33333333333334/97%,3719/92%,231061/71%,2153/94%,,,,,,,,,,,,,,,,,,,,,,,,,,,,,
4963576,master,nvme82.excelero.com,,27/04/2021 12:46,,, ,2048,1945,1991/97%,3278/98%,45.0/99%,74.0/99%,114.33333333333333/98%,464346/73%,727293/91%,190758/97%,61399/94%,61447/98%,2012/98%,27/04/2021 12:57,,2048,1843,2023/96%,6549/98%,38.0/98%,63.0/98%,91.66666666666667/98%,291568/54%,1452596/80%,382638/94%,61646/88%,61342/97%,2022/98%,27/04/2021 13:08,,3276,2457,4028/93%,14155/96%,40.0/98%,62.0/98%,91.33333333333333/98%,338904/44%,2896468/58%,764226/85%,122267/77%,122530/95%,4018/98%,27/04/2021 13:19,,404,236,485/92%,34835/93%,202.0/99%,151.0/98%,96.66666666666667/98%,99939/50%,5437173/17%,1689736/32%,32202/66%,168176/71%,2935/93%,536/93%,31047/80%,523.0/98%,164.33333333333334/97%,4592/91%,237985/73%,3063/94%,463/93%,31001/77%,791.0/98%,161.5/97%,3729/92%,234134/72%,2180/93%,,,,,,,,,,,,,,,,,,,,,,,,,,,,,
4963576,master,nvme82.excelero.com,,27/04/2021 14:46,,, ,2048,1945,1994/97%,3278/98%,45.0/99%,72.0/99%,94.83333333333333/98%,466684/75%,726641/91%,190934/96%,61584/95%,61999/98%,2018/98%,27/04/2021 14:57,,2048,1843,2021/97%,7100/97%,33.0/98%,56.0/99%,91.5/98%,303996/64%,1456405/78%,382305/93%,61338/91%,61459/97%,2206/98%,27/04/2021 15:07,,3379,2764,4026/94%,14215/96%,36.0/98%,57.0/98%,91.16666666666667/98%,398321/43%,2901897/59%,762968/88%,122597/80%,122801/95%,4034/98%,27/04/2021 15:18,,420,252,507/92%,32152/93%,195.0/99%,145.0/99%,96.33333333333333/98%,104737/51%,5527918/15%,1692625/30%,37402/64%,149374/75%,2910/93%,553/93%,30900/80%,505.0/98%,164.5/98%,4821/90%,242580/72%,3068/94%,480/93%,31223/79%,766.0/98%,161.33333333333334/97%,3954/92%,231847/71%,2115/94%,,,,,,,,,,,,,,,,,,,,,,,,,,,,,
5.19E+46,master,nvme82.excelero.com,,27/04/2021 18:50,,, ,2048,1945,1992/97%,3283/98%,45.0/98%,72.0/98%,114.0/98%,455057/75%,726064/92%,190718/97%,61468/95%,60868/98%,2031/98%,27/04/2021 19:01,,1945,1740,2005/96%,6555/98%,38.0/99%,61.0/99%,91.16666666666667/98%,304195/56%,1452977/80%,382229/93%,61326/89%,61083/97%,2012/99%,27/04/2021 19:12,,3379,2662,4018/93%,14046/97%,37.0/98%,58.0/99%,91.33333333333333/98%,398900/41%,2861850/58%,755239/87%,122387/79%,121856/96%,4006/98%,27/04/2021 19:22,,429,256,495/92%,32498/93%,197.0/98%,143.0/99%,96.5/98%,101355/51%,5543942/15%,1695092/33%,38225/65%,165492/70%,2926/93%,573/93%,30820/82%,495.0/98%,164.66666666666666/98%,4805/92%,240521/72%,3149/94%,536/93%,31339/78%,730.0/98%,161.83333333333334/98%,4266/92%,232882/71%,2335/94%,,,,,,,,,,,,,,,,,,,,,,,,,,,,,
5.19E+46,master,nvme82.excelero.com,,27/04/2021 20:50,,, ,2048,1945,1995/97%,3282/98%,45.0/98%,69.0/98%,113.83333333333333/98%,456095/75%,727065/92%,190994/97%,61484/95%,61084/98%,2028/98%,27/04/2021 21:01,,1945,1740,2020/96%,6553/98%,37.0/99%,63.0/98%,91.5/98%,306877/54%,1454175/81%,382909/94%,61465/89%,61545/98%,2027/98%,27/04/2021 21:11,,3481,2457,4031/93%,13113/97%,40.0/98%,61.0/99%,91.5/98%,358360/44%,2895865/58%,741374/87%,122517/77%,122765/96%,4025/98%,27/04/2021 21:22,,429,254,513/93%,32712/93%,197.0/99%,145.0/98%,96.33333333333333/98%,101678/50%,5473420/15%,1692488/32%,33273/67%,164581/70%,2945/93%,570/93%,30832/80%,502.0/98%,164.33333333333334/98%,4759/92%,239086/70%,3168/93%,537/93%,31214/79%,721.0/98%,161.66666666666666/98%,4248/93%,233549/73%,2278/94%,,,,,,,,,,,,,,,,,,,,,,,,,,,,,
5.19E+46,master,nvme82.excelero.com,,27/04/2021 22:06,,, ,2048,1945,1999/97%,3282/98%,45.0/99%,77.0/99%,114.5/98%,464154/75%,727664/89%,191511/97%,61427/94%,62113/98%,2026/98%,27/04/2021 22:17,,2048,1740,2014/96%,7115/98%,38.0/98%,63.0/98%,91.5/98%,310042/54%,1454622/76%,382221/92%,61253/89%,61480/97%,2021/98%,27/04/2021 22:27,,3276,2764,4009/93%,13107/97%,36.0/98%,58.0/99%,91.16666666666667/98%,398646/43%,2899806/58%,763120/88%,122389/79%,122668/96%,4039/98%,27/04/2021 22:38,,434,254,507/92%,32433/93%,196.0/99%,143.0/98%,96.16666666666667/98%,77820/61%,5525301/16%,1700055/32%,39198/66%,151058/73%,2925/93%,576/93%,31053/80%,497.0/98%,164.0/98%,4837/92%,242703/76%,3193/93%,542/93%,31341/78%,726.0/98%,161.33333333333334/98%,4261/92%,229429/68%,2345/94%,,,,,,,,,,,,,,,,,,,,,,,,,,,,,
0a8a275,master,nvme82.excelero.com,,28/04/2021 11:25,,, ,2048,2048,2019/98%,3275/98%,16.0/98%,33.0/98%,96.66666666666667/98%,463097/85%,726946/87%,190656/97%,61414/97%,61237/97%,2017/98%,28/04/2021 11:35,,2048,1945,2031/98%,6554/98%,39.0/98%,61.0/98%,96.0/98%,268118/67%,1453371/70%,382499/92%,61451/92%,61694/97%,2144/98%,28/04/2021 11:46,,3584,2969,4044/94%,12726/96%,38.0/99%,58.0/98%,95.16666666666667/99%,476796/43%,2861244/52%,762472/84%,122407/82%,122668/95%,4023/98%,28/04/2021 11:56,,475,228,523/83%,32709/84%,208.0/97%,150.0/95%,102.5/98%,115556/52%,2935167/41%,1154447/44%,46914/61%,158602/71%,2950/82%,554/84%,31174/70%,548.0/94%,175.0/97%,5198/79%,242968/61%,3037/83%,523/81%,31432/68%,831.0/95%,170.5/96%,4434/77%,230870/60%,2067/85%,,,,,,,,,,,,,,,,,,,,,,,,,,,,,
0a8a275,master,nvme82.excelero.com,,28/04/2021 13:01,,, ,2048,2048,2024/97%,3574/98%,29.0/97%,49.0/97%,95.83333333333333/98%,454425/76%,721965/85%,191320/96%,61511/94%,61699/98%,2005/98%,28/04/2021 13:12,,2048,1843,2037/96%,7118/97%,42.0/97%,66.0/97%,96.0/98%,296464/62%,1454867/73%,380165/93%,61369/89%,59689/97%,2017/98%,28/04/2021 13:22,,3788,2662,4024/93%,14279/96%,41.0/97%,62.0/97%,95.33333333333333/98%,451886/42%,2859748/54%,757194/86%,122194/79%,122676/95%,4002/98%,28/04/2021 13:33,,465,221,529/83%,32700/85%,212.0/97%,156.0/95%,102.33333333333333/98%,73313/64%,2852028/41%,1102139/46%,40435/65%,131016/73%,3000/82%,562/83%,29929/70%,553.0/94%,174.66666666666666/97%,5122/79%,234763/65%,2960/84%,513/80%,31067/69%,837.0/94%,171.0/96%,4365/76%,231255/69%,2101/86%,,,,,,,,,,,,,,,,,,,,,,,,,,,,,
0a8a275,master,nvme82.excelero.com,,28/04/2021 14:37,,, ,2048,1945,2014/97%,3547/98%,29.0/97%,48.0/98%,96.66666666666667/98%,452580/77%,726992/85%,190937/97%,61210/95%,61258/98%,2006/98%,28/04/2021 14:48,,2048,1843,2024/96%,7111/97%,42.0/98%,67.0/98%,95.66666666666667/98%,273956/64%,1463720/70%,382485/93%,61510/90%,61469/97%,2030/98%,28/04/2021 14:58,,3686,2867,4057/93%,14276/96%,41.0/97%,62.0/98%,95.5/98%,453345/42%,2890034/61%,761637/84%,123167/80%,122503/95%,4058/98%,28/04/2021 15:09,,477,230,553/84%,32716/87%,209.0/98%,150.0/96%,101.83333333333333/98%,113027/53%,2986970/39%,1204926/43%,41718/62%,158780/71%,2984/82%,597/84%,31129/71%,528.0/95%,174.33333333333334/96%,5356/80%,243088/66%,3078/83%,544/82%,31446/69%,817.0/96%,170.66666666666666/97%,4580/78%,228842/68%,2123/86%,,,,,,,,,,,,,,,,,,,,,,,,,,,,,
0a8a275,master,nvme82.excelero.com,,28/04/2021 15:50,,, ,2048,1945,2030/97%,3547/98%,29.0/97%,48.0/97%,95.8333333333/98%,453337/76%,726916/87%,190882/97%,61851/94%,61797/98%,2024/98%,28/04/2021 16:01,,2048,1740,2023/96%,7239/97%,41.0/97%,69.0/97%,95.5/98%,289578/64%,1455147/72%,381712/93%,61657/90%,61481/97%,2023/98%,28/04/2021 16:12,,3686,2867,4031/93%,14284/96%,43.0/97%,64.0/97%,95.5/98%,407426/46%,2902126/51%,761864/83%,122350/79%,122693/94%,4022/98%,28/04/2021 16:22,,474,221,557/84%,32716/86%,208.0/97%,164.0/95%,102.166666667/98%,115820/51%,2920724/43%,1212911/42%,48372/62%,158069/72%,2967/81%,594/84%,30665/70%,534.0/94%,174.5/97%,5401/80%,235042/66%,2890/85%,541/82%,30918/69%,828.0/95%,170.5/97%,4584/77%,225132/66%,2038/86%,,,,,,,,,,,,,,,,,,,,,,,,,,,,,
a13e098,master,nvme82.excelero.com,,29/04/2021 12:09,,, ,2048,2048,2025/97%,3273/98%,30.0/97%,46.0/97%,97.66666666666667/98%,455046/76%,726467/85%,190874/97%,61319/94%,61393/98%,2022/98%,29/04/2021 12:20,,2048,1843,2016/96%,7110/98%,42.0/98%,66.0/98%,95.5/98%,281946/65%,1454520/71%,382286/93%,61418/90%,61146/97%,2011/98%,29/04/2021 12:30,,3686,2560,4023/93%,14241/96%,42.0/97%,63.0/98%,95.66666666666667/98%,434052/40%,2901347/46%,762451/83%,122497/77%,122966/95%,4030/98%,29/04/2021 12:40,,503,235,548/84%,32695/87%,209.0/98%,153.0/96%,102.0/98%,94946/58%,2743536/41%,1086030/45%,45931/65%,209998/62%,2912/81%,593/84%,30485/69%,540.0/95%,176.33333333333334/97%,5348/80%,240465/64%,2946/83%,543/82%,30678/70%,835.0/95%,171.83333333333334/96%,4564/78%,232593/65%,2121/85%,,,,,,,,,,,,,,,,,,,,,,,,,,,,,
a13e098,master,nvme82.excelero.com,,29/04/2021 14:30,,, ,2048,2048,2023/97%,3275/98%,30.0/97%,49.0/98%,96.83333333333333/98%,447807/76%,727554/86%,191238/97%,61686/95%,61352/98%,2013/98%,29/04/2021 14:41,,2048,1740,2032/96%,7113/97%,43.0/97%,68.0/98%,95.83333333333333/98%,279789/64%,1454307/73%,382919/93%,61869/89%,61907/97%,2027/98%,29/04/2021 14:51,,3686,2867,4035/94%,14305/96%,41.0/97%,61.0/98%,95.66666666666667/98%,469934/40%,2900618/50%,762371/84%,122150/80%,122067/95%,3993/98%,29/04/2021 15:02,,472,223,544/84%,32703/88%,212.0/97%,156.0/96%,101.66666666666667/98%,103792/54%,2912475/41%,1123752/44%,41971/64%,208446/63%,2973/81%,567/84%,30690/72%,559.0/94%,175.5/97%,5031/81%,243231/65%,2950/83%,519/82%,30944/71%,844.0/95%,171.5/97%,4302/76%,230248/65%,2093/86%,,,,,,,,,,,,,,,,,,,,,,,,,,,,,
a13e098,master,nvme82.excelero.com,,29/04/2021 15:38,,, ,2048,2048,2024/97%,3273/98%,29.0/98%,46.0/98%,96.33333333333333/98%,455320/76%,726425/84%,190801/97%,61816/95%,61729/98%,2028/98%,29/04/2021 15:49,,2048,1740,2027/96%,7158/98%,42.0/97%,67.0/98%,96.16666666666667/98%,285094/64%,1453954/68%,381791/92%,61589/90%,61751/97%,2025/98%,29/04/2021 15:59,,3686,2867,4035/94%,13091/97%,41.0/98%,61.0/98%,95.83333333333333/98%,445467/42%,2901226/47%,761790/83%,122505/79%,122543/95%,4041/98%,29/04/2021 16:09,,483,230,554/84%,32688/85%,210.0/98%,153.0/95%,102.16666666666667/98%,114357/52%,2910343/41%,1140791/43%,46771/61%,209388/62%,2922/82%,598/84%,30443/72%,545.0/95%,175.33333333333334/97%,5435/80%,243456/65%,2939/83%,538/82%,30799/71%,842.0/95%,171.5/96%,4578/78%,232364/67%,2043/86%,,,,,,,,,,,,,,,,,,,,,,,,,,,,,
a13e098,master,nvme82.excelero.com,,29/04/2021 19:47,,, ,2048,1945,2022/97%,3551/98%,29.0/97%,48.0/98%,96.66666666666667/98%,444501/76%,727381/88%,190919/97%,61632/94%,61690/98%,2020/98%,29/04/2021 19:57,,2048,1843,2017/96%,7134/97%,42.0/98%,66.0/98%,96.16666666666667/98%,281807/65%,1453844/72%,382131/93%,61527/90%,61376/96%,2013/98%,29/04/2021 20:08,,3686,2457,4034/93%,14216/97%,43.0/97%,65.0/98%,95.83333333333333/98%,441733/39%,2898948/49%,762118/84%,122662/77%,122330/95%,4022/98%,29/04/2021 20:18,,486,227,571/84%,32713/87%,209.0/98%,149.0/96%,102.5/98%,113477/53%,2905587/42%,1148789/43%,42686/64%,207401/62%,2798/84%,595/84%,30694/72%,533.0/95%,175.33333333333334/97%,5390/81%,242581/60%,2993/83%,552/82%,30872/69%,818.0/96%,171.33333333333334/97%,4594/79%,233004/58%,2029/85%,,,,,,,,,,,,,,,,,,,,,,,,,,,,,
f369f7d,2.3.0_for_jump,nvme82.excelero.com,,02/05/2021 15:14,,, ,2048,2048,2017/97%,3277/98%,28.0/98%,46.0/98%,95.66666666666667/98%,456097/76%,726997/89%,191022/96%,61373/95%,61716/97%,2019/99%,02/05/2021 15:25,,2048,1843,2029/97%,6554/98%,43.0/97%,66.0/98%,95.16666666666667/98%,301135/62%,1453936/72%,381884/94%,61555/90%,61763/97%,2029/98%,02/05/2021 15:35,,3788,2560,4046/93%,13245/97%,42.0/97%,65.0/98%,95.0/98%,447124/39%,2842355/53%,762828/85%,122705/78%,122012/95%,4018/98%,02/05/2021 15:46,,460,225,509/83%,32698/85%,212.0/98%,157.0/95%,102.33333333333333/98%,114242/51%,3014937/41%,1237009/40%,43025/59%,165080/68%,2899/81%,544/83%,31146/73%,553.0/94%,175.0/97%,5121/78%,241004/60%,2921/83%,507/81%,31367/69%,820.0/95%,170.66666666666666/97%,4318/76%,232858/59%,2098/85%,,,,,,,,,,,,,,,,,,,,,,,,,,,,,
69cc449,"2.3.0_for_jump (RDDA off, Shared CQ)",nvme82.excelero.com (clnt: n83),,04/05/2021 18:17,,, ,2048,1945,2049/97%,3446/98%,32.0/98%,54.0/98%,104.5/97%,412695/79%,728757/85%,191372/96%,61985/95%,61536/97%,2030/98%,04/05/2021 18:27,,1945,1740,2028/97%,6985/97%,48.0/98%,86.0/98%,108.5/98%,282878/69%,1456787/72%,382404/92%,61527/93%,61892/97%,2023/97%,04/05/2021 18:38,,3174,2560,4020/95%,12736/97%,86.0/98%,135.0/98%,117.0/97%,401632/49%,2899547/57%,762454/88%,122565/84%,122775/96%,4023/97%,04/05/2021 18:48,,354,218,557/90%,32692/93%,257.0/99%,155.0/98%,131.5/97%,103568/60%,3570004/37%,1160093/45%,41755/70%,184195/70%,2752/92%,609/92%,30438/84%,525.0/98%,173.33333333333334/97%,5903/90%,243598/74%,3097/90%,553/92%,31032/84%,833.0/98%,169.66666666666666/97%,5059/89%,232887/75%,2176/92%,,,,,,,,,,,,,,,,,,,,,,,,,,,,,
69cc449,"2.3.0_for_jump (RDDA off, Shared CQ)",nvme82.excelero.com (clnet: 83),,05/05/2021 9:09,,, ,2048,1945,2031/97%,3514/98%,33.0/98%,66.0/98%,107.5/97%,456435/76%,729208/85%,191406/96%,61882/95%,61771/97%,2038/97%,05/05/2021 9:19,,1945,1740,2026/97%,6952/97%,44.0/98%,83.0/98%,108.5/98%,247961/73%,1456336/77%,382881/94%,61672/93%,61636/96%,2033/97%,05/05/2021 9:30,,3072,2252,4023/94%,13781/97%,74.0/98%,106.0/98%,116.33333333333333/97%,343808/53%,2899512/58%,1063821/84%,122254/84%,122697/96%,4029/97%,05/05/2021 9:41,,341,212,564/90%,32720/93%,255.0/99%,152.0/98%,131.5/97%,82273/71%,3771258/37%,1245409/43%,31586/77%,177344/72%,2715/91%,595/93%,30310/84%,521.0/98%,173.83333333333334/97%,5765/89%,243089/81%,3103/91%,551/92%,30749/84%,843.0/98%,169.83333333333334/97%,4833/88%,231753/68%,2080/92%,,,,,,,,,,,,,,,,,,,,,,,,,,,,,
69cc449,"2.3.0_for_jump (RDDA off, Shared CQ, bad test)",nvme82.excelero.com (clnt: n83),,05/05/2021 11:04,,, ,2048,2048,2031/97%,3197/97%,31.0/98%,60.0/98%,106.83333333333333/97%,456235/77%,727801/85%,190898/96%,62027/95%,61853/97%,2033/97%,05/05/2021 11:14,,1945,1843,2021/97%,6413/97%,64.0/98%,108.0/98%,110.33333333333333/97%,282242/69%,1455521/71%,382125/93%,61240/93%,61315/97%,2018/98%,05/05/2021 11:25,,3174,2457,4015/95%,13966/96%,72.0/98%,100.0/98%,115.0/97%,441109/43%,2907058/59%,761978/89%,122509/83%,122669/96%,4025/98%,05/05/2021 11:36,,335,238,573/92%,39118/88%,269.0/99%,492.0/99%,133.66666666666666/97%,99942/60%,1820703/53%,1252559/43%,22603/78%,93646/73%,2685/90%,551/91%,36998/74%,815.0/98%,162.33333333333334/97%,5089/85%,284870/65%,2237/92%,554/91%,37181/73%,846.0/98%,162.0/97%,5010/85%, ,2163/92%,,,,,,,,,,,,,,,,,,,,,,,,,,,,,
69cc449,2.3.0_for_jump,nvme82.excelero.com,,05/05/2021 12:15,,, ,2048,2048,2023/97%,3470/98%,33.0/98%,70.0/98%,106.16666666666667/97%,412072/79%,728393/88%,191168/95%,61933/95%,61759/96%,2032/97%,05/05/2021 12:26,,1945,1740,2013/97%,6977/97%,56.0/98%,94.0/98%,108.66666666666667/97%,265541/70%,1457572/77%,381899/94%,61337/93%,61363/96%,2018/97%,05/05/2021 12:36,,3379,2662,4051/95%,12967/97%,57.0/98%,88.0/98%,117.5/97%,278580/64%,2897356/58%,764680/86%,123327/84%,123336/95%,4063/97%,05/05/2021 12:47,,325,208,533/90%,32678/91%,275.0/98%,160.0/98%,130.66666666666666/97%,93013/64%,3779024/32%,1242476/44%,35114/76%,168339/71%,2746/90%,596/92%,30712/84%,548.0/98%,173.16666666666666/97%,5684/89%,243161/81%,2940/91%,532/91%,30953/83%,877.0/98%,169.16666666666666/97%,4756/88%,231757/75%,2118/93%,,,,,,,,,,,,,,,,,,,,,,,,,,,,,
69cc449,2.3.0_for_jump,nvme82.excelero.com,,09/05/2021 12:13,,, ,2048,2048,2028/97%,3213/98%,32.0/98%,63.0/98%,106.16666666666667/97%,459451/76%,728340/85%,190923/96%,61889/95%,61178/97%,2016/98%,09/05/2021 12:24,,1945,1843,2020/97%,6247/97%,45.0/98%,88.0/98%,109.5/98%,238393/74%,1455617/73%,382600/93%,61435/93%,61576/97%,2019/97%,09/05/2021 12:35,,3174,2150,4028/95%,14135/96%,78.0/98%,118.0/98%,115.83333333333333/98%,322469/56%,2895154/49%,763803/87%,122814/83%,123304/96%,4050/97%,09/05/2021 12:46,,337,200,576/90%,32714/93%,274.0/99%,162.0/98%,132.5/97%,94643/65%,3614960/35%,1139860/48%,41711/71%,173701/72%,2772/91%,609/92%,30864/83%,548.0/98%,174.0/97%,5807/89%,242505/80%,3096/91%,540/91%,31129/81%,865.0/98%,170.5/97%,236257/68%,4924/88%,2100/92%,,,,,,,,,,,,,,,,,,,,,,,,,,,,,
69cc449,2.3.0_for_jump,nvme82.excelero.com,,09/05/2021 13:39,,, ,2048,1945,2024/98%,3471/98%,34.0/98%,59.0/99%,106.66666666666667/97%,460209/77%,728031/87%,191476/96%,61842/96%,61721/97%,2029/97%,09/05/2021 13:50,,2048,1843,2013/97%,6923/97%,46.0/98%,86.0/99%,110.33333333333333/98%,238175/75%,1455677/76%,381411/94%,61307/93%,61107/97%,2010/98%,09/05/2021 14:01,,3686,2764,4026/95%,13983/97%,59.0/98%,85.0/98%,115.0/98%,393111/52%,2895527/48%,763254/88%,123017/85%,122639/96%,4003/97%,09/05/2021 14:12,,462,219,607/90%,32687/92%,257.0/99%,158.0/98%,132.66666666666666/98%,91795/67%,3484924/33%,1163805/42%,37573/79%,182876/69%,2685/91%,613/93%,30573/85%,544.0/98%,173.5/97%,5745/91%,242788/71%,3091/90%,559/92%,30630/84%,856.0/98%,169.33333333333334/97%,235615/58%,4824/91%,2118/92%,,,,,,,,,,,,,,,,,,,,,,,,,,,,,
69cc449,2.3.0_for_jump,nvme82.excelero.com,,09/05/2021 15:25,,, ,2048,2048,2012/97%,3177/98%,33.0/97%,56.0/98%,107.66666666666667/97%,458534/76%,727705/87%,190956/96%,61397/94%,61352/97%,2017/97%,09/05/2021 15:36,,1945,1740,2020/96%,6418/97%,53.0/97%,98.0/98%,108.33333333333333/97%,219035/76%,1454618/72%,381402/93%,61488/92%,61348/97%,2010/97%,09/05/2021 15:47,,2969,2355,4040/94%,13993/96%,66.0/97%,95.0/97%,113.33333333333333/97%,377536/50%,2903881/53%,762833/88%,122600/82%,123164/96%,4040/97%,09/05/2021 15:58,,339,211,575/89%,32706/93%,273.0/98%,161.0/98%,130.33333333333334/97%,108329/56%,3629177/35%,1156514/44%,43563/68%,182104/70%,2728/91%,607/91%,30560/84%,547.0/97%,173.83333333333334/97%,5598/88%,243432/76%,2985/90%,547/91%,31140/82%,853.0/97%,169.83333333333334/97%,236523/64%,4778/86%,2097/92%,,,,,,,,,,,,,,,,,,,,,,,,,,,,,
64da4bb,2.2.0,nvme82.excelero.com,,10/05/2021 12:32,,, ,2048,2048,2015/97%,3251/97%,32.0/97%,60.0/98%,104.33333333333333/97%,450266/77%,727188/86%,190800/95%,61610/95%,61254/96%,2022/97%,10/05/2021 12:43,,2048,1740,2010/96%,6983/97%,49.0/98%,83.0/98%,105.16666666666667/97%,302227/64%,1458989/68%,381781/93%,61293/91%,61047/97%,2014/97%,10/05/2021 12:54,,3686,2662,4024/93%,13684/96%,70.0/98%,96.0/98%,109.0/97%,459164/42%,2907224/53%,763258/85%,122484/80%,122226/94%,4037/97%,10/05/2021 13:05,,488,212,531/83%,32334/85%,287.0/98%,166.0/96%,128.5/97%,79089/65%,3618633/31%,1386722/37%,40593/67%,137262/77%,3073/79%,614/83%,31314/71%,584.0/95%,175.16666666666666/96%,5210/79%,233285/61%,3196/82%,608/80%,31358/70%,871.0/96%,171.33333333333334/96%,233290/51%,4746/78%,2334/85%,,,,,,,,,,,,,,,,,,,,,,,,,,,,,
ad604d9,master (RDDA ON),nvme82.excelero.com,,10/05/2021 14:18,,, ,2048,2048,2014/97%,3265/98%,17.0/98%,34.0/98%,96.5/98%,462944/84%,723928/92%,191112/95%,61597/95%,61789/97%,2027/97%,10/05/2021 14:29,,1638,1638,2023/93%,6506/97%,37.0/98%,62.0/98%,101.16666666666667/97%,273411/61%,1456342/77%,381403/93%,61304/87%,61385/96%,2023/97%,10/05/2021 14:40,,1843,1638,4021/87%,12698/96%,41.0/98%,67.0/98%,109.0/98%,429541/31%,2885416/56%,759750/84%,122169/71%,114831/94%,4014/96%,10/05/2021 14:51,,297,167,478/91%,32500/90%,249.0/98%,156.0/98%,142.16666666666666/97%,113515/43%,5644538/13%,1752307/23%,34572/63%,133402/75%,2838/93%,511/92%,31101/78%,542.0/98%,180.83333333333334/97%,4529/90%,244553/64%,3036/92%,498/92%,31246/77%,814.0/98%,177.33333333333334/97%,233379/62%,4095/90%,2234/93%,,,,,,,,,,,,,,,,,,,,,,,,,,,,,
b6f91bb,"2.3.0_for_jump (RDDA OFF, shared CQ)",nvme82.excelero.com,,10/05/2021 16:59,,, ,2048,2048,2021/98%,3206/98%,32.0/98%,62.0/99%,107.0/97%,460459/77%,727786/86%,191119/96%,61495/96%,61526/97%,2020/98%,10/05/2021 17:10,,2048,1843,2035/98%,6845/97%,65.0/99%,107.0/99%,111.0/97%,215452/79%,1450624/75%,381393/93%,61819/94%,61872/97%,2033/98%,10/05/2021 17:21,,3788,2457,4036/95%,13025/96%,61.0/99%,88.0/98%,114.66666666666667/97%,366548/51%,2849919/50%,763866/88%,122499/83%,122579/95%,4024/97%,10/05/2021 17:32,,523,238,584/92%,32666/92%,246.0/99%,153.0/98%,131.5/98%,107697/57%,3498832/33%,1162565/45%,39284/77%,172787/71%,2754/90%,629/93%,30839/84%,525.0/98%,173.5/97%,5784/91%,243069/79%,3027/90%,561/92%,31247/83%,825.0/98%,169.5/97%,237017/80%,4925/90%,2078/92%,,,,,,,,,,,,,,,,,,,,,,,,,,,,,
03dbd72,master (RDDA OFF),nvme82.excelero.com,,11/05/2021 17:56,,, ,2048,1945,2023/97%,3237/97%,39.0/98%,68.0/98%,105.83333333333333/97%,434255/76%,727744/87%,191023/95%,61616/94%,61612/96%,2027/97%,11/05/2021 18:07,,1945,1638,2025/93%,6373/97%,52.0/97%,81.0/98%,107.16666666666667/97%,277790/63%,1454566/73%,380992/92%,61732/87%,61795/95%,2028/97%,11/05/2021 18:18,,1843,2048,4037/87%,12895/95%,61.0/98%,90.0/97%,108.83333333333333/97%,423034/39%,2902149/53%,760113/85%,122423/71%,122733/93%,4038/96%,11/05/2021 18:29,,453,188,516/82%,32624/84%,288.0/98%,189.0/96%,129.16666666666666/97%,100109/52%,3496113/30%,1338594/36%,43230/61%,139678/69%,2919/80%,516/82%,31248/71%,640.0/94%,176.0/96%,5055/77%,241162/62%,2898/81%,550/79%,30987/69%,936.0/96%,171.33333333333334/96%,231437/57%,4605/76%,2268/83%,,,,,,,,,,,,,,,,,,,,,,,,,,,,,
03dbd72,"master (RDDA OFF, nvmeibc_copy_bio_buffers=false)
",nvme82.excelero.com,,11/05/2021 19:29,,, ,2048,1945,2033/97%,3512/97%,35.0/98%,56.0/98%,104.66666666666667/97%,448471/76%,728263/87%,191114/95%,61809/94%,61190/97%,2027/97%,11/05/2021 19:40,,1843,1536,2019/94%,6907/97%,66.0/98%,106.0/98%,106.83333333333333/97%,261016/64%,1455894/72%,380120/92%,61400/86%,61618/96%,2022/97%,11/05/2021 19:51,,1945,2048,4039/88%,13737/95%,52.0/98%,78.0/98%,107.33333333333333/97%,437394/41%,2890917/50%,763590/83%,122114/73%,135127/93%,4025/95%,11/05/2021 20:02,,442,184,523/81%,32523/86%,309.0/98%,191.0/96%,129.33333333333334/97%,78238/61%,3457173/33%,1359279/34%,41283/61%,132331/74%,2969/79%,517/82%,31227/71%,661.0/95%,175.5/96%,5011/77%,237791/63%,2929/81%,546/79%,31340/68%,1008.0/95%,171.0/96%,229948/52%,4589/75%,2324/83%,,,,,,,,,,,,,,,,,,,,,,,,,,,,,
03dbd72,"master (RDDA OFF, shared_CQ=off)
",nvme82.excelero.com,,12/05/2021 12:42,,, ,2048,1740,2018/95%,3438/98%,34.0/97%,60.0/97%,105.33333333333333/97%,446736/75%,727697/90%,191115/96%,61410/93%,61855/97%,2031/97%,12/05/2021 12:53,,1740,1740,2014/92%,6340/96%,57.0/97%,97.0/97%,107.66666666666667/97%,273820/65%,1454102/68%,379393/91%,61513/86%,61048/95%,2017/97%,12/05/2021 13:05,,1843,1740,4022/85%,12792/95%,80.0/97%,104.0/97%,109.66666666666667/97%,421444/37%,2904642/53%,762776/85%,122610/70%,122376/92%,4039/96%,12/05/2021 13:16,,469,192,527/82%,32261/84%,303.0/97%,180.0/95%,130.5/97%,125867/44%,3537494/31%,1356603/32%,40225/62%,180630/64%,2885/80%,547/82%,31113/70%,824.0/95%,175.83333333333334/96%,4946/77%,237603/55%,2851/82%,550/80%,31226/69%,991.0/95%,171.66666666666666/96%,234210/48%,4472/76%,2354/83%,,,,,,,,,,,,,,,,,,,,,,,,,,,,,
2f6e7c9,"master ((RDDA OFF, shared_CQ=off, single client)
",nvme82.excelero.com,,12/05/2021 15:43,,, ,2048,1945,2022/98%,3217/97%,32.0/98%,54.0/99%,107.83333333333333/97%,444025/76%,727339/86%,191129/96%,61395/96%,61316/97%,2022/97%,12/05/2021 15:54,,1740,1638,2014/95%,6417/97%,50.0/98%,84.0/98%,108.83333333333333/98%,220315/74%,1451448/71%,379604/92%,61387/90%,61254/96%,2016/97%,12/05/2021 16:05,,1945,1945,4020/89%,12975/96%,72.0/99%,99.0/99%,112.0/98%,307480/53%,2881144/52%,763542/84%,121925/75%,121925/94%,4016/96%,12/05/2021 16:16,,430,205,514/92%,32823/92%,284.0/99%,171.0/98%,131.66666666666666/98%,88835/60%,3679337/28%,1287677/41%,30491/77%,176604/70%,2615/91%,543/92%,30618/83%,602.0/98%,173.5/95%,4959/91%,243061/62%,3024/89%,529/92%,31069/81%,879.0/98%,169.5/95%,235728/56%,4520/90%,2251/92%,,,,,,,,,,,,,,,,,,,,,,,,,,,,,
2f6e7c9,master,nvme82.excelero.com,,12/05/2021 17:08,,, ,2048,1945,2023/97%,3529/97%,33.0/98%,58.0/98%,103.5/97%,431871/76%,728713/87%,191471/95%,61378/94%,61619/97%,2028/98%,12/05/2021 17:19,,1945,1638,2017/94%,6855/97%,49.0/97%,78.0/98%,105.33333333333333/97%,262416/64%,1455513/71%,381316/92%,61555/87%,60790/96%,2012/97%,12/05/2021 17:30,,1843,1843,4024/87%,13932/95%,65.0/98%,101.0/98%,107.66666666666667/97%,404532/38%,2811557/55%,757481/85%,122661/69%,115495/93%,4029/96%,12/05/2021 17:42,,407,166,496/82%,32478/86%,309.0/98%,188.0/95%,129.66666666666666/97%,80405/57%,3703062/30%,1419150/34%,38934/62%,162907/68%,2895/79%,490/81%,31015/71%,672.0/94%,176.66666666666666/96%,4818/77%,238128/63%,2892/82%,525/78%,31384/68%,998.0/95%,171.83333333333334/96%,234827/54%,4414/75%,2329/82%,,,,,,,,,,,,,,,,,,,,,,,,,,,,,
64da4bb,2.2.0,nvme82.excelero.com,,12/05/2021 19:09,,, ,2048,1843,2022/97%,3258/97%,34.0/98%,73.0/98%,105.16666666666667/97%,449406/77%,732691/86%,193530/95%,61483/95%,62222/97%,2043/98%,12/05/2021 19:23,,2048,1740,2016/96%,7061/97%,55.0/98%,79.0/98%,108.5/97%,294520/65%,1472888/72%,386994/90%,61154/91%,61059/96%,2013/97%,12/05/2021 19:35,,3686,2252,4028/93%,12779/95%,69.0/98%,93.0/98%,107.5/98%,377005/46%,2884394/49%,770660/85%,122460/79%,123247/95%,4023/97%,12/05/2021 19:46,,444,178,511/82%,32185/87%,292.0/98%,183.0/95%,126.16666666666667/97%,117653/45%,3878832/26%,1464547/28%,48195/60%,116572/79%,3004/82%,510/83%,31304/72%,642.0/95%,176.0/97%,4966/77%,239381/64%,2916/84%,543/79%,30679/70%,1070.0/95%,171.83333333333334/96%,230784/58%,4524/76%,2381/84%,,,,,,,,,,,,,,,,,,,,,,,,,,,,,
71d6eb7,master,nvme82.excelero.com,,18/05/2021 12:41,,, ,2048,1945,2018/97%,3261/97%,25.0/99%,44.0/98%,96.0/97%,464712/72%,727608/91%,191076/95%,61770/94%,60698/96%,2019/97%,18/05/2021 12:52,,1740,1740,2024/94%,7087/97%,38.0/98%,61.0/99%,101.16666666666667/97%,275588/61%,1457485/78%,382117/94%,61509/87%,58810/96%,2001/96%,18/05/2021 13:03,,1945,1945,4052/87%,12658/96%,44.0/98%,69.0/98%,109.66666666666667/97%,390043/34%,2897526/55%,763981/87%,123087/70%,123360/93%,4064/96%,18/05/2021 13:14,,366,228,453/91%,32174/93%,248.0/98%,171.0/98%,137.33333333333334/97%,87850/53%,5528628/13%,1757116/24%,24008/70%,157872/71%,2722/93%,491/92%,30634/80%,557.0/98%,181.83333333333334/97%,4303/91%,244062/74%,3043/92%,463/92%,31267/78%,837.0/98%,173.83333333333334/97%,232733/75%,3811/91%,2266/93%,,,,,,,,,,,,,,,,,,,,,,,,,,,,,
71d6eb7,master(bioBuffers=N),nvme82.excelero.com,,18/05/2021 14:08,,, ,2048,1945,2029/96%,3536/97%,24.0/99%,44.0/99%,95.83333333333333/97%,467420/73%,728624/91%,191873/95%,61825/94%,61266/97%,2033/98%,18/05/2021 14:19,,2048,1843,2028/96%,7041/96%,39.0/98%,62.0/98%,98.0/97%,197218/71%,1455960/80%,384650/94%,61596/91%,61532/96%,2028/97%,18/05/2021 14:32,,2969,2355,4033/92%,13764/97%,42.0/98%,67.0/99%,109.33333333333333/97%,377162/35%,2855917/57%,758235/86%,122682/75%,116566/95%,4054/97%,18/05/2021 14:45,,385,215,450/92%,32848/92%,236.0/99%,171.0/98%,142.0/97%,107628/45%,5539813/16%,1757672/27%,32875/68%,100999/84%,2719/93%,502/93%,30808/76%,590.0/98%,182.33333333333334/97%,4282/92%,243586/76%,2971/93%,473/92%,31562/75%,831.0/98%,174.0/97%,235256/71%,3812/92%,2293/94%,,,,,,,,,,,,,,,,,,,,,,,,,,,,,
71d6eb7,master(binje=4),nvme82.excelero.com,,19/05/2021 9:53,,, ,2048,1945,2021/97%,3555/97%,24.0/99%,42.0/99%,96.83333333333333/98%,463424/73%,728911/91%,191926/95%,61482/94%,61250/97%,2023/97%,19/05/2021 10:06,,1740,1638,2027/93%,6459/97%,43.0/98%,72.0/99%,102.83333333333333/97%,300557/45%,1455251/79%,382072/94%,61687/85%,62048/95%,2292/97%,19/05/2021 10:19,,1843,1945,4022/90%,13794/95%,42.0/98%,66.0/98%,109.33333333333333/97%,400951/32%,2890115/55%,761309/86%,122483/71%,116269/94%,4047/96%,19/05/2021 10:32,,366,214,451/92%,32430/92%,244.0/99%,179.0/98%,143.0/97%,94036/53%,5543036/14%,1750189/26%,38456/63%,150715/74%,2765/92%,489/93%,30991/78%,564.0/98%,182.16666666666666/97%,4292/90%,237267/69%,2937/92%,475/91%,31433/76%,836.0/98%,174.16666666666666/97%,233524/71%,3818/90%,2271/93%,,,,,,,,,,,,,,,,,,,,,,,,,,,,,
71d6eb7,master(BINJE=4),nvme82.excelero.com,,19/05/2021 11:56,,, ,2048,1945,2019/97%,3272/97%,25.0/98%,44.0/99%,96.0/98%,465968/74%,735300/91%,191029/95%,61584/94%,61633/96%,2027/97%,19/05/2021 12:08,,1740,1638,2028/93%,6932/97%,41.0/99%,68.0/99%,99.5/98%,295488/44%,1457324/74%,381825/93%,61656/85%,61587/95%,2025/97%,19/05/2021 12:19,,1945,1945,4026/87%,12646/96%,46.0/98%,71.0/98%,111.83333333333333/97%,361618/33%,2887329/57%,764870/87%,122796/68%,122860/94%,4003/96%,19/05/2021 12:30,,357,214,430/93%,32478/92%,247.0/99%,178.0/99%,142.83333333333334/97%,85287/51%,5478718/13%,1760729/19%,41753/61%,103794/80%,2688/92%,469/92%,31217/78%,586.0/98%,181.5/97%,4016/93%,242052/72%,2988/92%,452/92%,31464/76%,846.0/99%,174.5/97%,234556/60%,3606/93%,2272/93%,,,,,,,,,,,,,,,,,,,,,,,,,,,,,
998a856,"2.3.0_for_jump(BINJE=4, SCQ, RDDA OFF)",nvme82.excelero.com,,20/05/2021 10:02,,, ,2150,1945,2035/98%,3486/97%,32.0/98%,60.0/98%,105.0/98%,440966/77%,729112/86%,192326/96%,61719/96%,61715/97%,2034/97%,20/05/2021 10:14,,2048,1740,2012/98%,6401/97%,53.0/98%,85.0/98%,109.16666666666667/98%,217377/77%,1452427/74%,381737/93%,61147/94%,61267/97%,2013/98%,20/05/2021 10:27,,3379,2355,4045/96%,13918/96%,56.0/99%,81.0/99%,110.66666666666667/97%,295411/60%,2896733/51%,766388/89%,122488/83%,122852/96%,4011/97%,20/05/2021 10:39,,984,585,1416/91%,32728/93%,266.0/98%,164.0/98%,130.66666666666666/97%,49543/77%,3732620/33%,1227363/47%,13681/87%,103759/77%,7477/91%,1824/88%,32533/82%,228.0/99%,148.83333333333334/97%,10052/86%,246697/63%,7490/91%,928/91%,32537/81%,549.0/99%,151.33333333333334/97%,238758/59%,3505/87%,4505/92%,,,,,,,,,,,,,,,,,,,,,,,,,,,,,
ae6cabe,"master(Binje =4, scq, RDDA off)",nvme82.excelero.com,,20/05/2021 12:01,,, ,2048,1945,2019/98%,3203/97%,35.0/98%,76.0/99%,104.83333333333333/97%,426297/76%,727777/84%,191158/95%,61762/96%,61705/97%,2028/97%,20/05/2021 12:13,,1740,1638,2011/95%,6392/96%,56.0/98%,89.0/98%,111.66666666666667/97%,223668/71%,1451571/76%,379261/93%,61266/89%,61285/95%,2009/95%,20/05/2021 12:25,,1740,1945,4023/89%,12715/96%,78.0/98%,106.0/98%,116.5/96%,269130/57%,2895882/56%,764471/87%,122341/74%,121961/94%,4005/96%,20/05/2021 12:36,,1126,578,1344/92%,32722/92%,270.0/99%,170.0/99%,134.5/96%,60615/66%,3633143/34%,1217477/44%,17484/86%,123559/76%,7280/92%,2123/89%,32526/82%,234.0/99%,149.0/97%,12205/87%,246074/58%,7543/91%,1239/90%,32506/80%,575.0/98%,152.0/97%,238137/55%,7366/83%,4431/91%,,,,,,,,,,,,,,,,,,,,,,,,,,,,,
998a856,"2.3.0_for_jump (SCQ, RDDA OFF, Binje=1)",nvme82.excelero.com,,20/05/2021 13:24,,, ,2048,1945,2019/97%,3191/97%,33.0/98%,60.0/99%,106.16666666666667/96%,433634/77%,728061/86%,191066/96%,61537/96%,61418/96%,2026/97%,20/05/2021 13:35,,2048,1740,2024/97%,6363/97%,60.0/98%,96.0/99%,110.16666666666667/96%,242679/73%,1452604/74%,379912/94%,61377/94%,61556/96%,2008/96%,20/05/2021 13:46,,3584,2457,4025/95%,12830/95%,53.0/98%,78.0/98%,112.83333333333333/97%,340753/51%,2906314/52%,765004/87%,122390/82%,122788/96%,4037/96%,20/05/2021 13:57,,440,216,530/91%,32711/93%,263.0/98%,165.0/98%,130.33333333333334/96%,84127/66%,3837018/25%,1226971/36%,33382/77%,188024/67%,2715/91%,563/93%,31050/85%,566.0/98%,174.66666666666666/97%,5081/90%,243051/79%,3082/90%,541/92%,31155/83%,833.0/98%,169.66666666666666/97%,240095/59%,4616/88%,2271/92%,,,,,,,,,,,,,,,,,,,,,,,,,,,,,
998a856,"2.3.0_for_jump (SCQ, RDDA OFF, Binje=1)",nvme82.excelero.com,,20/05/2021 15:00,,, ,2048,1945,2021/98%,3496/98%,35.0/98%,74.0/98%,106.0/97%,453480/76%,727910/86%,191231/96%,61436/95%,61583/97%,2018/98%,20/05/2021 15:11,,2048,1843,2016/97%,7020/97%,58.0/98%,88.0/99%,107.83333333333333/97%,250442/71%,1455433/75%,380802/94%,61410/93%,61359/97%,2018/98%,20/05/2021 15:22,,3481,2355,4053/94%,13974/97%,60.0/98%,89.0/99%,112.0/97%,345734/54%,2899320/53%,764111/89%,123101/82%,123434/96%,4053/98%,20/05/2021 15:33,,447,216,518/90%,32749/93%,280.0/99%,164.0/98%,127.83333333333333/97%,92626/62%,3359570/33%,1103382/41%,36285/73%,178872/73%,2784/91%,570/93%,30869/84%,562.0/98%,173.83333333333334/97%,5107/91%,243313/79%,3102/91%,552/92%,31111/83%,835.0/99%,169.83333333333334/98%,236725/71%,4672/91%,2220/92%,,,,,,,,,,,,,,,,,,,,,,,,,,,,,
998a856,"2.3.0_for_jump (NO SCQ, RDDA OFF, Binje=1)",nvme82.excelero.com,,,,, ,,,,,,,,,,,,,,,,,,,,,,,,,,,,,,,,,,,,,,,,,,,,20/05/2021 16:18,,427,167,502/82%,32448/82%,317.0/98%,194.0/96%,125.16666666666667/96%,119298/43%,3835267/25%,1471410/29%,44923/59%,200803/63%,3024/79%,495/82%,30910/72%,746.0/94%,176.33333333333334/95%,4917/77%,242611/64%,2944/81%,538/78%,30983/70%,1073.0/95%,171.66666666666666/96%,235013/59%,4482/75%,2454/85%,,,,,,,,,,,,,,,,,,,,,,,,,,,,,
998a856,"2.3.0_for_jump (NO SCQ, RDDA OFF, Binje=1)",nvme82.excelero.com,,,,, ,,,,,,,,,,,,,,,,,,,,,,,,,,,,,,,,,,,,,,,,,,,,20/05/2021 17:08,,403,168,505/81%,32515/87%,331.0/99%,189.0/95%,126.83333333333333/97%,120298/44%,3744259/28%,1448155/33%,46678/59%,199359/63%,3019/80%,494/82%,30725/73%,805.0/96%,175.83333333333334/97%,4937/76%,240063/70%,2845/82%,538/78%,30826/72%,984.0/95%,171.5/96%,234727/56%,4469/75%,2349/85%,,,,,,,,,,,,,,,,,,,,,,,,,,,,,
998a856,"2.3.0_for_jump (SCQ, RDDA OFF, Binje=1)",nvme82.excelero.com,,,,, ,,,,,,,,,,,,,,,,,,,,,,,,,,,,,,,,,,,,,,,,,,,,20/05/2021 20:29,,456,213,521/91%,32706/93%,263.0/99%,165.0/99%,129.83333333333334/98%,91610/61%,4004536/27%,1284784/43%,41819/69%,193884/69%,2778/91%,575/93%,30743/86%,563.0/99%,173.0/98%,5131/91%,242999/66%,3139/91%,557/92%,30809/85%,832.0/98%,168.66666666666666/98%,235997/64%,4693/92%,2251/93%,,,,,,,,,,,,,,,,,,,,,,,,,,,,,
998a856,"2.3.0_for_jump (SCQ, RDDA OFF, Binje=1)",nvme82.excelero.com,,,,, ,,,,,,,,,,,,,,,,,,,,,,,,,,,,,,,,,,,,,,,,,,,,20/05/2021 21:06,,448,215,520/91%,32711/93%,275.0/98%,164.0/98%,130.0/98%,106736/54%,3947114/33%,1330615/39%,35197/74%,190498/70%,2759/90%,574/91%,30924/85%,561.0/98%,173.0/98%,5113/91%,243240/74%,3162/91%,557/92%,31152/84%,845.0/98%,169.33333333333334/98%,236428/65%,4689/92%,2312/92%,,,,,,,,,,,,,,,,,,,,,,,,,,,,,
998a856,"2.3.0_for_jump (NO SCQ, RDDA OFF, Binje=4)",nvme82.excelero.com,,,,, ,,,,,,,,,,,,,,,,,,,,,,,,,,,,,,,,,,,,,,,,,,,,20/05/2021 17:49,,1126,477,1401/83%,32597/85%,301.0/98%,183.0/96%,127.33333333333333/98%,99742/47%,3765626/29%,1423750/32%,35798/60%,135504/68%,7418/86%,1826/80%,32308/70%,244.0/96%,151.0/96%,25776/60%,244486/51%,7487/86%,1637/70%,32280/67%,659.0/96%,153.5/96%,237864/48%,13648/59%,4965/81%,,,,,,,,,,,,,,,,,,,,,,,,,,,,,
998a856,"2.3.0_for_jump (NO SCQ, RDDA OFF, Binje=4)",nvme82.excelero.com,,,,, ,,,,,,,,,,,,,,,,,,,,,,,,,,,,,,,,,,,,,,,,,,,,20/05/2021 18:30,,1228,537,1388/85%,32658/84%,287.0/98%,180.0/95%,129.5/98%,99327/46%,3782381/28%,1475863/32%,35984/60%,136415/68%,7401/86%,1827/79%,32029/68%,248.0/96%,151.33333333333334/97%,25784/60%,245548/50%,7489/86%,1645/70%,31801/68%,630.0/96%,153.83333333333334/96%,238650/47%,13604/58%,4940/81%,,,,,,,,,,,,,,,,,,,,,,,,,,,,,
998a856,"2.3.0_for_jump (SCQ, RDDA OFF, Binje=4)",nvme82.excelero.com,,,,, ,,,,,,,,,,,,,,,,,,,,,,,,,,,,,,,,,,,,,,,,,,,,20/05/2021 19:09,,1126,585,1433/91%,32712/94%,269.0/99%,166.0/99%,130.83333333333334/98%,86611/58%,3734130/33%,1248199/37%,26682/78%,133727/75%,7368/92%,1935/87%,32501/79%,230.0/98%,149.16666666666666/98%,16870/79%,246479/62%,7461/91%,1319/91%,32492/81%,558.0/99%,152.33333333333334/98%,238464/58%,9535/81%,4587/92%,,,,,,,,,,,,,,,,,,,,,,,,,,,,,
998a856,"2.3.0_for_jump (SCQ, RDDA OFF, Binje=4)",nvme82.excelero.com,,,,, ,,,,,,,,,,,,,,,,,,,,,,,,,,,,,,,,,,,,,,,,,,,,20/05/2021 19:45,,1126,577,1398/90%,32740/91%,267.0/99%,167.0/99%,132.5/98%,75687/62%,3855560/34%,1282493/41%,26360/78%,128834/75%,7392/92%,2058/87%,32516/78%,231.0/98%,148.66666666666666/98%,18019/78%,246166/60%,7467/91%,1366/88%,32493/76%,559.0/98%,151.66666666666666/97%,238165/55%,9887/81%,4528/92%,,,,,,,,,,,,,,,,,,,,,,,,,,,,,
8a81d31,"master (NO SCQ, RDDA OFF, Binje=1)",nvme82.excelero.com,,,,, ,,,,,,,,,,,,,,,,,,,,,,,,,,,,,,,,,,,,,,,,,,,,21/05/2021 13:45,,407,161,488/83%,32568/86%,334.0/98%,191.0/96%,130.5/97%,115851/43%,3608742/30%,1407571/28%,41912/61%,203892/64%,2914/80%,481/83%,30638/74%,683.0/95%,176.66666666666666/96%,4731/77%,242088/62%,2833/83%,520/78%,30887/71%,1042.0/96%,172.33333333333334/97%,234820/58%,4279/76%,2361/82%,,,,,,,,,,,,,,,,,,,,,,,,,,,,,
8a81d31,"master(NO SCQ, RDDA OFF, Binje=1)",nvme82.excelero.com,,,,, ,,,,,,,,,,,,,,,,,,,,,,,,,,,,,,,,,,,,,,,,,,,,21/05/2021 14:27,,408,172,487/82%,32521/87%,328.0/99%,191.0/95%,128.83333333333334/98%,116114/43%,3597219/31%,1408998/29%,41989/60%,201434/64%,2929/81%,484/82%,30868/72%,656.0/94%,176.66666666666666/97%,4744/78%,241729/63%,2897/82%,520/79%,30989/70%,1060.0/95%,172.33333333333334/96%,234684/49%,4315/76%,2355/83%,,,,,,,,,,,,,,,,,,,,,,,,,,,,,
8a81d31,"master (SCQ, RDDA OFF, Binje=1)",nvme82.excelero.com,,,,, ,,,,,,,,,,,,,,,,,,,,,,,,,,,,,,,,,,,,,,,,,,,,21/05/2021 15:12,,445,209,505/90%,32749/93%,277.0/99%,169.0/98%,131.66666666666666/98%,85900/62%,3852601/32%,1260433/35%,31232/78%,176506/76%,2660/92%,541/93%,30914/85%,603.0/98%,173.66666666666666/97%,4896/92%,242878/70%,2964/92%,531/92%,30875/83%,883.0/98%,169.33333333333334/98%,236145/59%,4445/93%,2227/93%,,,,,,,,,,,,,,,,,,,,,,,,,,,,,
8a81d31,"master (SCQ, RDDA OFF, Binje=1)",nvme82.excelero.com,,,,, ,,,,,,,,,,,,,,,,,,,,,,,,,,,,,,,,,,,,,,,,,,,,21/05/2021 16:20,,449,209,501/91%,32721/92%,274.0/99%,171.0/98%,132.33333333333334/97%,92016/57%,3780214/35%,1293478/37%,37039/73%,182877/74%,2580/92%,543/93%,30780/84%,604.0/98%,173.5/98%,4889/93%,244070/71%,2939/92%,526/93%,31250/81%,883.0/98%,169.66666666666666/98%,235687/61%,4444/92%,2213/93%,,,,,,,,,,,,,,,,,,,,,,,,,,,,,
8a81d31,"master (NO SCQ, RDDA OFF, Binje=4)",nvme82.excelero.com,,,,, ,,,,,,,,,,,,,,,,,,,,,,,,,,,,,,,,,,,,,,,,,,,,21/05/2021 17:20,,1126,509,1323/85%,32556/87%,297.0/98%,194.0/96%,131.33333333333334/97%,96593/47%,3709696/24%,1421225/30%,33957/63%,137480/68%,7423/87%,1809/81%,32410/69%,263.0/96%,151.66666666666666/97%,24244/65%,243552/53%,7533/86%,1594/70%,32378/69%,683.0/96%,154.33333333333334/96%,238816/48%,12837/61%,4813/83%,,,,,,,,,,,,,,,,,,,,,,,,,,,,,
8a81d31,"master (NO SCQ, RDDA OFF, Binje=4)",nvme82.excelero.com,,,,, ,,,,,,,,,,,,,,,,,,,,,,,,,,,,,,,,,,,,,,,,,,,,21/05/2021 20:34,,1228,476,1336/85%,32651/84%,325.0/97%,225.0/96%,131.5/98%,94871/46%,3539596/30%,1407863/28%,34361/63%,137346/68%,7364/87%,1805/81%,32419/70%,272.0/96%,151.5/96%,24277/65%,244803/49%,7550/87%,1602/71%,32392/68%,647.0/96%,154.16666666666666/96%,239159/44%,12909/62%,4808/83%,,,,,,,,,,,,,,,,,,,,,,,,,,,,,
8a81d31,"master (SCQ, RDDA OFF, Binje=4)",nvme82.excelero.com,,,,, ,,,,,,,,,,,,,,,,,,,,,,,,,,,,,,,,,,,,,,,,,,,,21/05/2021 22:24,,1228,592,1336/92%,32716/93%,276.0/98%,167.0/99%,133.5/98%,73773/62%,3538922/27%,1105717/42%,21292/84%,131868/75%,7351/93%,2058/89%,32510/82%,230.0/99%,149.33333333333334/98%,14332/86%,246167/58%,7539/92%,1254/90%,32511/81%,559.0/99%,152.33333333333334/97%,238139/54%,6726/84%,4458/93%,,,,,,,,,,,,,,,,,,,,,,,,,,,,,
8a81d31,"master  (SCQ, RDDA OFF, Binje=4)",nvme82.excelero.com,,,,, ,,,,,,,,,,,,,,,,,,,,,,,,,,,,,,,,,,,,,,,,,,,,21/05/2021 23:09,,1228,579,1333/92%,32717/92%,266.0/99%,166.0/99%,132.5/98%,87071/60%,3670813/33%,1207248/35%,23291/82%,125730/76%,7220/93%,2047/89%,32505/79%,236.0/100%,149.83333333333334/97%,16936/84%,246208/59%,7467/93%,1253/90%,32478/78%,571.0/99%,152.5/97%,238382/57%,6722/84%,4374/93%,,,,,,,,,,,,,,,,,,,,,,,,,,,,,
8a81d31,"master (SCQ, RDDA OFF, Binje=1 cpu_cq_max_cqs_per_dev=16)",nvme82.excelero.com,,,,, ,,,,,,,,,,,,,,,,,,,,,,,,,,,,,,,,,,,,,,,,,,,,23/05/2021 10:44,,426,207,501/91%,32727/93%,281.0/99%,170.0/98%,131.83333333333334/98%,92211/60%,3728449/31%,1146018/39%,37627/73%,194269/70%,2705/92%,541/93%,30581/84%,601.0/98%,173.83333333333334/98%,4895/93%,243367/66%,2979/92%,527/93%,31171/82%,877.0/99%,169.16666666666666/98%,236341/62%,4414/93%,2249/93%,,,,,,,,,,,,,,,,,,,,,,,,,,,,,
8a81d31,"master (SCQ, RDDA OFF, Binje=1 cpu_cq_max_cqs_per_dev=16)",nvme82.excelero.com,,,,, ,,,,,,,,,,,,,,,,,,,,,,,,,,,,,,,,,,,,,,,,,,,,23/05/2021 11:25,,457,213,497/91%,32715/91%,284.0/99%,169.0/98%,132.66666666666666/98%,87478/65%,3850269/35%,1294680/39%,39108/76%,192742/68%,2658/92%,543/93%,30894/85%,591.0/99%,173.66666666666666/98%,4877/92%,244137/78%,3023/91%,525/92%,31045/84%,877.0/98%,169.5/98%,237139/68%,4440/92%,2256/93%,,,,,,,,,,,,,,,,,,,,,,,,,,,,,
8a81d31,master,nvme82.excelero.com,,,,, ,,,,,,,,,,,,,,,,,,,,,,,,,,,,,,,,,,,,,,,,,,,,23/05/2021 17:45,,443,210,499/91%,32709/93%,264.0/99%,168.0/98%,133.5/98%,83042/63%,3864086/30%,1273260/45%,35872/73%,177632/74%,2582/91%,538/94%,30894/84%,593.0/98%,173.0/98%,4871/92%,243763/75%,3003/91%,525/92%,31169/83%,885.0/99%,170.5/97%,236060/58%,4412/92%,2295/93%,,,,,,,,,,,,,,,,,,,,,,,,,,,,,
8a81d31,master,nvme82.excelero.com,,,,, ,,,,,,,,,,,,,,,,,,,,,,,,,,,,,,,,,,,,,,,,,,,,24/05/2021 9:32,,441,209,501/91%,32692/92%,278.0/99%,171.0/98%,133.83333333333334/98%,86251/61%,3592147/31%,1132636/42%,39002/71%,177572/75%,2582/91%,545/93%,30940/81%,596.0/99%,173.5/98%,4900/93%,243120/78%,3044/91%,529/93%,31062/80%,879.0/98%,169.33333333333334/98%,236470/63%,4432/93%,2192/93%,,,,,,,,,,,,,,,,,,,,,,,,,,,,,
a8877e9,master,nvme82.excelero.com,,,,, ,,,,,,,,,,,,,,,,,,,,,,,,,,,,,,,,,,,,,,,,,,,,13/06/2021 15:23,,1024,553,1288/87%,32711/90%,240.0/97%,185.0/95%,101.66666666666667/98%,60484/55%,3128431/36%,1243918/27%,23815/61%,118664/64%,7444/88%,1933/81%,32524/72%,242.0/95%,148.83333333333334/97%,17311/64%,247839/63%,7514/87%,1606/73%,32523/71%,559.0/97%,151.66666666666666/97%,240235/61%,10382/65%,4611/85%,,,,,,,,,,,,,,,,,,,,,,,,,,,,,
1fefb3e,master,nvme82.excelero.com,,18/08/2021 16:02,,, ,2048,1945,2034,3552,24,46,91.17,464630,728125,191299,62082,61615,2018,18/08/2021 16:13,,1945,1638,2028,7131,39,66,91.66666667,282476,1440686,378342,61572,61217,2009,18/08/2021 16:24,,1945,1945,3968,13101,40,63,91.66666667,311312,2862059,764130,122094,121851,4006,18/08/2021 16:35,,362,219,419,32520,209,165,96.5,88164,5449396,1704572,42787,87551,2808,487,30742,563,164.1666667,4013,239263,3076,471,30796,806,160.5,236295,3593,2318,,,,,,,,,,,,,,,,,,,,,,,,,,,,,
1fefb3e,master,nvme82.excelero.com,,18/08/2021 18:07,,, ,2048,2048,2026,3300,25,44,90.5,466040,727175,191005,61597,60907,2023,18/08/2021 18:18,,2048,1740,2020,7121,40,64,91.66666667,288823,1455578,381786,61584,61432,2021,18/08/2021 18:29,,2048,2048,4023,13096,43,65,91.66666667,325966,2900321,763986,122236,121642,4001,18/08/2021 18:39,,376,226,423,32307,204,162,96.33333333,73131,5599207,1712348,37475,145254,2810,491,30924,550,163.8333333,4088,240315,3031,472,31116,791,160.8333333,237064,3644,2306,,,,,,,,,,,,,,,,,,,,,,,,,,,,,
64da4bb,2.2.0,nvme82.excelero.com,,19/08/2021 12:12,,, ,2048,1945,2045,3553,29,48,96.17,452512,723830,190118,61903,61889,2030,19/08/2021 12:22,,2048,1843,2027,7111,45,65,95.66666667,291117,1469667,382257,61641,61570,2021,19/08/2021 12:33,,3584,2560,4043,13073,45,64,95.33333333,449737,2901565,758496,122552,115459,4021,19/08/2021 12:44,,458,207,505,32413,217,154,101.6666667,80192,3020738,1189523,41846,113572,3078,515,30558,664,175.8333333,5024,232132,2940,548,31261,911,171.3333333,232409,4446,2259,,,,,,,,,,,,,,,,,,,,,,,,,,,,,
64da4bb,2.2.0,nvme82.excelero.com,,19/08/2021 14:24,,, ,2048,1945,2034,3555,32,51,96.67,450923,727267,190980,61964,61825,2035,19/08/2021 14:35,,2048,1843,2017,7110,43,71,96,285436,1454033,381521,61269,61090,2008,19/08/2021 14:46,,3174,2355,4035,14196,42,68,95.16666667,444774,2861872,762331,122379,122260,4021,19/08/2021 14:56,,417,190,506,32490,218,163,102.3333333,107224,2919194,1257434,47407,118972,3047,511,30710,653,175,4902,240181,3127,545,31257,818,171.5,230403,4433,2248,,,,,,,,,,,,,,,,,,,,,,,,,,,,,
64da4bb,2.2.0,nvme82.excelero.com,,19/08/2021 16:11,,, ,2150,2048,2035,3288,29,51,96.17,453539,727304,190844,61932,61819,2033,19/08/2021 16:22,,2048,1843,2022,6509,46,70,94.83333333,277857,1437118,380768,61411,59469,2046,19/08/2021 16:33,,3584,2355,4053,13928,45,68,95.33333333,437647,2772798,751863,122682,117392,4006,19/08/2021 16:43,,396,192,505,32593,214,156,102,74536,2976438,1202989,38984,129261,3095,515,31207,574,174.8333333,4891,242433,3057,544,31188,903,170.1666667,232446,4439,2289,,,,,,,,,,,,,,,,,,,,,,,,,,,,,
d35545b,master,nvme82.excelero.com,,22/08/2021 17:56,,, ,2048,1945,2016,3555,46,75,101.67,464496,727978,191476,62228,62611,2048,22/08/2021 18:07,,1945,1740,2008,7118,35,60,91.33333333,270139,1454922,381276,61194,61065,2007,22/08/2021 18:18,,2150,2048,4037,14213,42,64,91.16666667,322248,2781393,762044,122672,120853,4030,22/08/2021 18:29,,377,226,442,32741,204,161,96.66666667,95216,5516872,1704756,43198,156053,2804,498,31166,556,164.3333333,4261,243915,2982,477,31289,799,160.8333333,237513,3828,2320,,,,,,,,,,,,,,,,,,,,,,,,,,,,,
9bcbac1,master,nvme82.excelero.com,,29/08/2021 11:46,,, ,2048,1945,1992,3272,49,90,119.33,440132,726324,190827,61394,61178,2009,29/08/2021 11:57,,1945,1638,2011,7114,43,72,95,271136,1454018,381025,61495,61079,2009,29/08/2021 12:08,,2252,2150,4024,13093,41,62,94,416052,2899394,760919,122642,122722,4018,29/08/2021 12:19,,453,215,486,32185,210,157,99.16666667,63603,3618468,error,,,,,,,,,,,,,,,,,,,,,,,,,,,,,,,,,,,,,,,,,,,,,,
9bcbac1,master,nvme82.excelero.com,,29/08/2021 13:26,,, ,2048,1945,2019,3562,50,93,97.17,446369,727686,191177,61859,61608,2018,29/08/2021 13:37,,1945,1638,2009,6544,42,68,94.5,265880,1454409,376286,61299,58040,1965,29/08/2021 13:48,,2355,1945,4018,13093,43,65,94.33333333,400802,2797480,759131,122359,116449,4032,29/08/2021 13:59,,398,193,467,32452,213,163,99.16666667,59250,3660975,1455511,35448,143392,3000,496,30981,577,169.3333333,5037,237309,3120,505,31307,923,164.6666667,230703,4118,2352,,,,,,,,,,,,,,,,,,,,,,,,,,,,,
f738772,2.4.0,nvme82.excelero.com,,29/08/2021 15:12,,, ,2048,1945,1996,3274,49,88,119.83,446303,727393,191300,61820,61349,2014,29/08/2021 15:23,,1945,1638,2021,6544,42,68,94.5,267055,1452379,381841,61448,61397,2020,29/08/2021 15:34,,2048,2048,4023,13090,43,65,94.16666667,401358,2880037,762896,122549,122471,4022,29/08/2021 15:45,,426,210,467,32226,212,162,99.16666667,49505,error,,,,,,,,,,,,,,,,,,,,,,,,,,,,,,,,,,,,,,,,,,,,,,,
cf7d43f,for_eldad,nvme82.excelero.com,,,,, ,,,,,,,,,,,,,,,,,,,,,,,,,,,,,,,,,,,,,,,,,,,,02/09/2021 9:54,,399,188,466,32692,221,165,101.6666667,100731,2834347,1126127,44525,201978,2949,476,28883,600,175.1666667,4519,241973,2995,508,29156,843,170,235410,4096,2277,,,,,,,,,,,,,,,,,,,,,,,,,,,,,
cf7d43f,for_eldad,nvme82.excelero.com,,,,, ,,,,,,,,,,,,,,,,,,,,,,,,,,,,,,,,,,,,,,,,,,,,02/09/2021 11:45,,396,194,469,32700,219,166,101.1666667,98503,2873436,1110345,44079,203596,2949,490,29112,590,174.5,4514,242046,3036,507,30070,881,170,235631,4089,2244,,,,,,,,,,,,,,,,,,,,,,,,,,,,,
cf7d43f,for_eldad,nvme82.excelero.com,,02/09/2021 15:34,,, ,2048,1945,2000,3274,49,89,115.33,437628,725756,190749,61521,61481,2019,02/09/2021 15:45,,1945,1638,2021,7097,42,68,94.83333333,249082,1453845,380348,61246,61335,2020,02/09/2021 15:56,,2355,1945,4029,13096,44,68,94.66666667,381815,2884415,761979,122528,118998,4015,02/09/2021 16:06,,390,191,469,32695,219,170,100.8333333,86114,3074439,1168361,37673,175546,2885,477,30928,591,174.6666667,4487,238757,2947,507,31024,876,169.5,232460,4100,2244,,,,,,,,,,,,,,,,,,,,,,,,,,,,,
a148969,ec7399_softlockups,nvme82.excelero.com,,02/09/2021 17:27,,, ,2048,1945,1996,3274,49,90,119.17,439019,726753,190959,61328,61191,2016,02/09/2021 17:38,,2048,1638,2018,7106,46,69,94.83333333,253124,1453749,380901,61409,61583,2025,02/09/2021 17:49,,2355,2048,4025,14119,45,67,95.16666667,381709,2843104,761816,122456,117861,3979,02/09/2021 18:00,,392,204,458,32699,218,166,101.5,75211,2845981,1108598,37489,151622,2853,488,31051,620,174.5,4474,236001,2922,505,31427,853,170.1666667,236099,4089,2261,,,,,,,,,,,,,,,,,,,,,,,,,,,,,
897e427,2.4.0,nvme82.excelero.com,,05/09/2021 10:06,,, ,2048,1945,2007,3568,50,91,99.33,435800,727008,191091,61737,61695,2027,05/09/2021 10:17,,2048,1638,2022,7101,42,68,95,257828,1454721,381604,61583,61494,2016,05/09/2021 10:27,,2048,2048,4014,13876,44,68,95,385968,2772391,747939,122046,115778,4004,05/09/2021 10:38,,392,203,471,32705,220,166,101.3333333,89393,2934870,1126482,41433,156506,2834,487,31054,605,175,4516,241154,2953,505,31226,850,169.8333333,236778,4100,2190,,,,,,,,,,,,,,,,,,,,,,,,,,,,,
db6099d,core_master,nvme82.excelero.com,,05/09/2021 11:22,,, ,2048,1945,2023,3544,50,91,106.83,446369,727206,191187,61927,62145,2025,05/09/2021 11:33,,2048,1638,2014,6546,41,64,95.16666667,265118,1453428,381627,61402,61248,2015,05/09/2021 11:44,,2252,2048,4023,13818,43,66,94.33333333,395195,2819651,743931,122313,117983,4017,05/09/2021 11:55,,392,198,466,32371,217,166,101.1666667,81365,2972019,1180887,38827,145098,2965,494,31222,591,173.5,4517,243469,3058,516,30706,842,169,233233,4124,2298,,,,,,,,,,,,,,,,,,,,,,,,,,,,,
ac027ad,core_master,nvme82.excelero.com,,05/09/2021 13:41,,, ,2048,1945,2019,3545,50,89,118.67,444818,727327,191013,61941,61940,2029,05/09/2021 13:51,,2048,1638,2012,7099,43,67,94.33333333,280574,1453997,380683,61434,61305,2013,05/09/2021 14:02,,2150,2048,4015,13107,43,66,94.16666667,401520,2893480,752643,122107,125908,3989,05/09/2021 14:13,,403,201,475,32568,215,163,100.6666667,90859,3106056,1221005,39632,147852,2926,504,30752,602,173.1666667,4556,240157,2998,516,30930,822,169,231897,4148,2269,,,,,,,,,,,,,,,,,,,,,,,,,,,,,
ba4463e58,iscsiParam,nvmesh1,,12/09/2021 10:55,,, ,1433,1433,1388/97%,3385/98%,42.0/97%,58.0/98%,101.75/98%,282969/68%,224445/83%,131934/91%,41688/95%,41854/97%,1372/98%,12/09/2021 11:07,,1228,1331,1376/96%,5576/98%,60.0/97%,81.0/97%,101.25/97%,85895/76%,error,,,,,,,,,,,,,,,,,,,,,,,,,,,,,,,,,,,,,,,,,,,,,,,,,,,,,,,,,,,,,,,,,,,,,,,,,,,,,
ba4463e58,iscsiParam,nvmesh1,,12/09/2021 12:06,,, ,1433,1433,1381/99%,3378/98%,41.0/98%,57.0/98%,103.5/98%,319831/60%,227859/83%,128304/91%,41471/95%,40553/97%,1361/98%,12/09/2021 12:18,,1228,1331,1363/97%,5605/98%,57.0/98%,81.0/98%,103.25/97%,86247/73%,417232/80%,263353/85%,39402/91%,41228/94%,1352/97%,12/09/2021 12:30,,2252,2150,2773/94%,11091/97%,60.0/98%,81.0/98%,103.75/98%,84712/76%,917803/56%,512783/80%,82590/79%,83647/91%,2746/97%,,,,,,,,,,,,,,,,,,,,,,,,,,,,,,,,,,,,,,,,,,,,,,,,,,,,,,,,,,
95e1374,2.4.0_stage,nvmesh1,,14/09/2021 14:22,,, ,74.8,453,1236/93%,error,,,,,,,,,,,,,,,,,,,,,,,,,,,,,,,,,,,,,,,,,,,,,,,,,,,,,,,,,,,,,,,,,,,,,,,,,,,,,,,,,,,,,,,,,,,,,,,,,
95e1374,2.4.0_stage,nvmesh1,,14/09/2021 16:08,,, ,,,1324/96%,2987/93%,192.0/97%,250.0/97%,259.67/94%,107588/90%,216117/88%,156407/89%,31485/93%,41395/94%,1436/95%,14/09/2021 16:19,,,,497/93%,2380/92%,552.0/94%,595.0/94%,236.0/94%,40312/88%,89264/88%,62501/90%,5592/92%,14741/86%,1161/86%,14/09/2021 16:30,,,,334/91%,2051/89%,468.0/93%,531.0/93%,242.3\4/91%,26311/85%,84933/86%,41573/87%,6658/88%,10767/86%,1000/87%,,,,,,,,,,,,,,,,,,,,,,,,,,,,,,,,,,,,,,,,,,,,,,,,,,,,,,,,,,
ec0be71cb1,2.4.0_stage,nvmesh1,,19/09/2021 10:57,,, ,437,414,1326/96%,2923/94%,169.0/97%,234.0/98%,236.66666666666666/93%,114709/92%,223437/89%,140657/89%,33559/94%,41244/90%,1424/92%,19/09/2021 11:15,,286,384,584/92%,2189/87%,506.0/94%,570.0/95%,259.0/90%,71569/86%,77149/84%,47132/86%,11853/92%,13246/84%,1143/83%,19/09/2021 11:54,,393,446,619/91%,1949/42%,500.0/73%,534.0/98%,264.0/88%,57088/87%,,,,,,,,,,,,,,,,,,,,,,,,,,,,,,,,,,,,,,,,,,,,,,,,,,,,,,,,,,,,,,,
6fd6221,2.4.0,nvme82.excelero.com,,05/10/2021 13:29,,, ,2048,1945,1995,3279,49,91,119.17,434541,726849,191178,61366,61465,2016,05/10/2021 13:40,,2048,1638,2018,6535,42,68,94.66666667,249693,1452413,372492,61351,57370,2011,05/10/2021 13:51,,2048,1945,4021,13096,43,65,94.33333333,377302,2809028,762070,122479,123167,4021,05/10/2021 14:01,,400,207,467,32356,217,164,100.8333333,100216,2995424,1243879,44078,128408,2844,483,30727,583,174.1666667,4489,238628,2970,516,30707,829,169.1666667,232259,4157,2244,,,,,,,,,,,,,,,,,,,,,,,,,,,,,
2f06331,2.4.0,nvme82.excelero.com,,11/10/2021 15:18,,, ,2048,1945,2015,3550,50,89,101.83,434837,727434,190961,61797,61630,2039,11/10/2021 15:29,,2048,1638,2011,7183,42,67,94.5,265738,1454218,381503,61405,61270,2022,11/10/2021 15:40,,2252,2048,4027,13121,44,66,94.16666667,380707,2816767,764730,122323,118776,4029,11/10/2021 15:51,,390,206,470,31969,218,165,101.1666667,90842,3066233,1236654,39804,160302,2887,487,31094,615,173.8333333,4538,239051,2962,515,31098,835,168.8333333,236579,4140,2258,,,,,,,,,,,,,,,,,,,,,,,,,,,,,
ca09a37,2.4.0,nvme82.excelero.com,,11/10/2021 19:10,,, ,2048,1945,2010,3560,49,89,102,449175,727019,191056,62123,62243,2040,11/10/2021 19:21,,2048,1740,2014,7178,43,67,94.66666667,259665,1453994,381395,61372,61419,2022,11/10/2021 19:32,,2150,2048,4022,13107,43,65,94.66666667,377787,2898787,761986,122743,117006,4034,11/10/2021 19:43,,394,213,469,32720,214,167,101,84032,3086695,1183806,38044,142096,2873,495,31313,592,173.5,4563,240014,3006,514,31511,832,169,232721,4127,2274,,,,,,,,,,,,,,,,,,,,,,,,,,,,,
64da4bb,2.2.0,nvme82.excelero.com,,14/10/2021 10:48,,, ,2048,1945,2003,3558,51,91,120.5,438444,727490,190784,61592,61409,2037,14/10/2021 10:59,,1945,1740,2020,6556,43,71,95.83333333,287282,1453600,382067,61569,61400,1996,14/10/2021 11:10,,3379,2355,4017,13104,43,68,95.16666667,430291,2887803,744715,122122,122213,4024,14/10/2021 11:21,,407,217,505,32305,216,157,101.6666667,84215,2954532,1197334,38825,139729,3029,516,31300,569,175.3333333,4926,237109,3046,547,31413,965,171,228516,4473,2255,,,,,,,,,,,,,,,,,,,,,,,,,,,,,
64da4bb,2.2.0,nvme82.excelero.com,,14/10/2021 12:03,,, ,2048,1945,2010,3553,51,91,120.17,448837,727711,191096,61921,61766,2033,14/10/2021 12:14,,2048,1740,2023,7154,45,69,95.83333333,273769,1454788,382585,61613,61740,2019,14/10/2021 12:25,,3481,2457,4023,12958,43,67,95.16666667,365025,2893054,763484,122184,115633,4017,14/10/2021 12:36,,435,201,501,32052,214,157,101.6666667,74309,3025972,1219071,38421,140991,3105,509,30975,578,175.5,4905,235301,3015,541,31329,827,171,229390,4478,2255,,,,,,,,,,,,,,,,,,,,,,,,,,,,,
03bf475,2.4.0,nvme82.excelero.com,,14/10/2021 14:36,,, ,2048,1945,2011,3548,49,92,101,442627,727342,191107,61737,61764,2029,14/10/2021 14:47,,2048,1638,2018,7231,45,67,94.33333333,263296,1445187,380704,61548,61312,2068,14/10/2021 14:58,,2355,2048,4041,13717,43,66,94.83333333,390229,2838732,734859,122659,116731,4028,14/10/2021 15:09,,399,211,469,32703,215,162,101.1666667,84538,3066273,1183390,36521,106076,2848,501,31313,579,173.3333333,4572,238145,3053,515,31096,824,169,232062,4140,2223,,,,,,,,,,,,,,,,,,,,,,,,,,,,,
a3498b72f,2.4.1 (RDDA on),nvme82.excelero.com,,07/12/2021 11:39,,, ,2048,1945,2011,3573,46,77,90.83,464744,728434,190998,61722,61431,2034,07/12/2021 11:51,,2048,1638,2013,7189,40,68,91.5,287164,1453840,381328,61533,61077,2021,07/12/2021 12:03,,2150,1945,4026,14222,40,63,91.66666667,317690,2902445,764801,122320,122250,4025,07/12/2021 12:15,,363,222,425,32718,205,160,96.83333333,83286,5290363,1645296,45183,122958,2753,490,31131,557,164.6666667,4055,244845,2972,469,31531,797,161,236745,3630,2255,,,,,,,,,,,,,,,,,,,,,,,,,,,,,
a3498b72f,2.4.1,nvme82.excelero.com,,07/12/2021 15:26,,, ,2150,1945,2040,3546,28,49,94.67,451519,727573,190976,61799,61696,2027,07/12/2021 15:38,,2048,1638,2010,6563,44,66,94.83333333,261030,1453228,381037,61101,61092,2008,07/12/2021 15:50,,2355,2048,4025,13096,43,65,94.5,378590,2848035,762629,122499,122699,4002,07/12/2021 16:02,,423,202,467,32502,215,163,101.3333333,70060,3007196,1199179,35136,151572,2873,496,31227,614,174,4519,237628,2955,512,31506,831,169.5,233513,4114,2279,,,,,,,,,,,,,,,,,,,,,,,,,,,,,
b3108853b,2.4.1,nvme82.excelero.com,,08/12/2021 12:33,,, ,2048,1945,2009,3548,46,76,93.33,466088,730046,191242,61901,62075,2039,08/12/2021 12:45,,1945,1740,2013,6508,40,64,91.5,280675,1455453,382251,61168,61284,2016,08/12/2021 12:57,,2252,2048,4034,13116,40,63,91.33333333,349695,2863750,751493,122905,123182,4061,08/12/2021 13:09,,375,219,427,32757,208,166,96.5,89696,5251499,1628445,38692,126854,2811,495,31187,564,164.6666667,4101,238748,2714,464,31476,805,161,235051,3664,2217,,,,,,,,,,,,,,,,,,,,,,,,,,,,,
bd3ff035f,master,nvme82.excelero.com,,15/12/2021 11:18,,, ,2048,1945,2003,3548,46,76,100.67,464159,728402,191475,61699,61846,2024,15/12/2021 11:30,,2048,1638,2011,6554,42,66,92.66666667,278903,1454237,381576,61226,61362,2015,15/12/2021 11:42,,2252,2048,4050,13115,39,62,91.66666667,281574,2899709,767005,122870,122912,4043,15/12/2021 11:54,,390,204,441,32780,203,163,96.83333333,73157,4788511,1559342,38694,128812,2783,448,31227,600,166,4139,243835,2585,451,31478,830,161.3333333,246512,3708,2218,,,,,,,,,,,,,,,,,,,,,,,,,,,,,
2b3315234,2.4.1 (With RDDA),nvme82.excelero.com,,15/12/2021 18:11,,, ,2048,1945,2007,3547,46,86,101.5,465097,728714,191346,61589,61988,2045,15/12/2021 18:23,,2048,1638,2024,7132,39,65,91.33333333,289342,1456695,381251,61762,61699,2046,15/12/2021 18:35,,2252,1945,4018,13113,42,64,91.83333333,340084,2873209,764141,122036,122212,4005,15/12/2021 18:47,,372,224,416,32155,206,163,96,89453,5265582,1646257,42482,107950,2844,487,31247,561,164.1666667,4028,240657,2788,475,31515,801,160.8333333,232899,3618,2180,,,,,,,,,,,,,,,,,,,,,,,,,,,,,
2b3315234,2.4.1 (NO RDDA),nvme82.excelero.com,,16/12/2021 13:16,,, ,2048,1945,2004,3316,50,72,94.83,455394,727517,191210,61511,61874,2025,16/12/2021 13:27,,2048,1638,2031,7112,42,68,94.83333333,278884,1453415,381334,61706,60443,2033,16/12/2021 13:39,,2355,2048,4024,13102,43,65,94.66666667,392606,2903191,763252,122162,122799,4023,16/12/2021 13:51,,427,211,476,32385,214,163,100.8333333,83074,2996274,1128655,32440,114235,2878,495,30780,574,173.5,4624,235085,2992,525,30308,814,168.6666667,229175,4223,2254,,,,,,,,,,,,,,,,,,,,,,,,,,,,,
0674cd1dc,master,nvme82.excelero.com,,22/12/2021 8:48,,, ,2048,1945,2010,3546,46,79,100.83,465701,729297,191434,61980,61655,2041,22/12/2021 9:00,,2048,1638,2007,6553,41,67,92.16666667,281599,1455818,381414,61230,61336,2023,22/12/2021 9:11,,2252,1945,4049,13033,40,64,92.16666667,281107,2844915,744291,122649,116525,4046,22/12/2021 9:23,,395,206,441,32371,204,162,97,86888,4850862,1566473,40357,147499,2783,451,31100,584,165.8333333,4157,240610,2662,458,31345,830,161.1666667,236490,3717,2256,,,,,,,,,,,,,,,,,,,,,,,,,,,,,
8ccef8e96,2.5.0 (RDDA on),nvme82.excelero.com,,17/01/2022 17:14,,, ,2048,1843,2007,3556,46,87,93.17,463906,730315,191826,61819,61759,2050,17/01/2022 17:26,,1945,1638,2019,7134,41,67,95,230595,1458879,384055,61523,61660,2045,17/01/2022 17:38,,2252,2048,4027,14246,41,65,97.33333333,264624,2828789,750088,122323,123753,4074,17/01/2022 17:50,,2560,1228,4322,32781,217,172,110.1666667,56971,4373953,1472751,33299,58164,7968,2028,32190,234,145.5,24301,244063,5099,1768,31662,401,150,238381,13125,4260,,,,,,,,,,,,,,,,,,,,,,,,,,,,,
8ccef8e96,2.5.0 (RDDA on),nvme82.excelero.com,,20/01/2022 12:51,,, ,2048,1945,1996,3263,48,81,96.33,465325,731476,192289,61723,61774,2039,20/01/2022 13:03,,2048,1638,2022,7187,42,66,94.5,253596,1460559,383850,61320,61622,2026,20/01/2022 13:15,,2252,1945,4049,14226,39,64,97.16666667,316957,2870699,768592,123344,123664,4062,20/01/2022 13:27,,399,209,441,32777,209,166,104.3333333,79408,4901983,1608961,38281,167164,2757,451,30721,576,168.3333333,4144,242162,2752,455,31204,840,164,236928,3699,2228,,,,,,,,,,,,,,,,,,,,,,,,,,,,,
8ccef8e96,2.5.0 (RDDA off),nvme82.excelero.com,,20/01/2022 14:21,,, ,2048,1945,2003,3236,51,95,96.83,438589,732578,192564,61568,61973,2068,20/01/2022 14:32,,2048,1638,2014,7140,43,68,97,260742,1460927,383614,61574,61783,2044,20/01/2022 14:44,,2252,1945,4048,13914,43,66,97,385257,error,,,,,,,,,,,,,,,,,,,,,,,,,,,,,,,,,,,,,,,,,,,,,,,,,,,,,,,,,,,,,,
8ccef8e96,2.5.0 (RDDA off),nvme82.excelero.com,,23/01/2022 12:01,,, ,2048,1945,1991,3256,53,97,96.83,443172,731005,192642,61651,62174,2038,23/01/2022 12:13,,2048,1638,2023,7042,42,67,96.66666667,249947,1417712,383540,61391,61900,2025,23/01/2022 12:24,,2150,1945,4028,12978,50,69,97.33333333,378182,2828702,767848,122599,115539,4055,23/01/2022 12:36,,425,195,470,32239,228,166,106.1666667,89672,3375109,1252220,36971,113927,2852,496,31413,584,174.5,4502,239072,2896,513,31427,843,169.8333333,235922,4120,2292,,,,,,,,,,,,,,,,,,,,,,,,,,,,,
d94cddaa6,2.5.0 (RDDA on),nvme82.excelero.com,,23/01/2022 19:06,,, ,2048,1945,2000,3264,48,81,92.5,463973,732389,191646,61621,61395,2333,23/01/2022 19:18,,1945,1638,2021,7138,42,66,94.16666667,247895,1459903,383479,61487,61795,2030,23/01/2022 19:30,,2252,1945,4010,12705,41,65,96.83333333,303539,2860886,769439,122496,123357,4020,23/01/2022 19:42,,390,209,428,32386,209,169,106.3333333,78344,4874452,1587337,41254,140398,2777,449,31113,582,170.5,4130,241709,2780,447,30871,838,164.5,231862,3661,2255,,,,,,,,,,,,,,,,,,,,,,,,,,,,,
2b3315234,2.4.1  (RDDA on),nvme82.excelero.com,,24/01/2022 8:54,,, ,2048,1945,1988,3264,48,81,92,462937,735304,193749,61706,62763,2033,24/01/2022 9:06,,1945,1638,2020,6505,40,65,93.66666667,288701,1462553,383778,61384,61563,2080,24/01/2022 9:18,,2252,1945,3987,14262,40,62,96.66666667,333906,2891832,766363,122941,123591,4063,24/01/2022 9:30,,368,211,437,32479,211,167,105.1666667,92694,5405624,1712304,44432,151459,2749,490,31201,568,169.1666667,4033,244139,2968,466,31435,816,164.1666667,237400,3609,2225,,,,,,,,,,,,,,,,,,,,,,,,,,,,,
81705f432,z_2.5.0_eldad (RDDA on),nvme82.excelero.com,,24/01/2022 17:31,,, ,2048,1945,1993,3263,48,79,92,462449,730126,192746,61321,61745,2027,24/01/2022 17:43,,1945,1638,2033,7126,42,68,94.33333333,245508,1460595,383401,61914,61992,2047,24/01/2022 17:55,,2252,2048,4048,14113,39,61,95.83333333,292348,2836320,760529,123182,119525,4089,24/01/2022 18:07,,392,199,434,32261,210,165,106.3333333,80832,4700536,1564191,37556,146641,2775,449,30800,583,169.5,4153,242161,2647,455,30827,841,164.8333333,232769,3687,2262,,,,,,,,,,,,,,,,,,,,,,,,,,,,,
81705f432,z_2.5.0_eldad (RDDA ON),nvme82.excelero.com,,26/01/2022 15:59,,, ,2048,1945,1993,3260,48,90,92.17,464131,731980,191758,61536,61764,2027,26/01/2022 16:11,,2048,1740,2034,6403,42,66,93.5,247638,1468862,383653,61582,62156,2046,26/01/2022 16:23,,2150,1945,4052,12983,41,63,94.33333333,309898,2864929,768602,122906,124044,4059,26/01/2022 16:34,,399,208,439,32754,208,162,104.1666667,88087,5155814,1647980,38869,160922,2842,446,31075,591,168.1666667,4152,235588,2897,447,30872,836,163.6666667,235337,3694,2292,,,,,,,,,,,,,,,,,,,,,,,,,,,,,
0e50e9898,2.5.0 (RDDA ON),nvme82.excelero.com,,01/02/2022 19:57,,, ,2048,1945,1993,3260,48,80,92.83,464526,737074,191796,61493,61329,2031,01/02/2022 20:09,,2048,1638,2032,6416,42,66,94.16666667,250593,1462616,385048,61820,62227,2049,01/02/2022 20:22,,2252,1945,4029,14210,41,65,95.33333333,300402,2863943,749022,121840,123274,4046,01/02/2022 20:33,,393,195,436,32718,209,165,106.6666667,85260,4946653,1610947,37368,161370,2767,452,30755,632,169.3333333,4118,241404,2741,455,31031,835,165.3333333,233256,3669,2214,,,,,,,,,,,,,,,,,,,,,,,,,,,,,
0e50e9898,2.5.0 (RDDA Off),nvme82.excelero.com,,01/02/2022 21:15,,, ,2048,1945,1999,3253,53,97,96.5,425403,731108,192579,61210,61872,1951,01/02/2022 21:27,,2048,1638,2025,6483,46,78,97.5,257739,1458064,382381,61508,61924,2001,01/02/2022 21:39,,2150,2048,4047,12825,51,74,97.5,392711,error,,,,,,,,,,,,,,,,,,,,,,,,,,,,,,,,,,,,,,,,,,,,,,,,,,,,,,,,,,,,,,
0e50e9898,2.5.0 (RDDA Off),nvme82.excelero.com,,02/02/2022 9:35,,, ,2048,1945,1994,3256,57,102,97.67,442988,732649,192971,60989,62150,2036,02/02/2022 9:47,,2048,1638,2016,6434,47,73,97.66666667,263444,1456360,382497,61392,61444,1977,02/02/2022 9:59,,2252,2048,4029,14032,44,66,96.66666667,368547,2883578,769957,122587,122998,4047,02/02/2022 10:11,,426,195,471,32192,234,172,105,91872,3252344,1251952,37694,90059,2826,498,31213,612,174.5,4587,242437,2795,519,30873,858,170,232439,4170,2224,,,,,,,,,,,,,,,,,,,,,,,,,,,,,
84d0bd05d,2.5.0,nvme82.excelero.com,,20/02/2022 14:21,,, ,2048,1945,2006,3259,57,101,97.33,431837,734042,191841,61493,62317,2032,20/02/2022 14:32,,2048,1638,2022,7132,43,70,97,253124,1457331,383243,61437,61915,2041,20/02/2022 14:44,,2355,2048,4046,13907,43,65,96.5,368990,2842772,760661,122714,117847,4063,20/02/2022 14:56,,419,202,460,31988,235,175,106.3333333,89503,3211770,1267060,41623,183262,2811,496,31033,595,174.8333333,4561,240725,2860,514,31414,866,170,231204,4142,2236,,,,,,,,,,,,,,,,,,,,,,,,,,,,,
a74f163,2.6.5,nvme82.mtv.labs.mlnx,,,,, ,,,,,,,,,,,,,,,,,,,,,,,,,,,,,,,,,,,,,,,,,,,,04/12/2022 21:20,,2150,885,error,,,,,,,,,,,,,,,,,,,,,,,,,,,,,,,,,,,,,,,,,,,,,,,,,,,,,
a74f163,2.6.5,nvme82.mtv.labs.mlnx,,,,, ,,,,,,,,,,,,,,05/12/2022 14:12,,,,,,,,,,,,,,,,,,,,,,,,,,,,,,,,,,,,,,,,,,,,,,,,,,,,,,,,,,,,,,,,,,,,,,,,,,,,,,,,,,,,,,,
a74f163,2.6.5,nvme82.mtv.labs.mlnx,,05/12/2022 15:05,,, ,2048,1638,2000/95%,3563/98%,75.0/98%,112.0/98%,102.33333333333333/98%,429956/74%,733278/89%,192023/96%,61380/92%,61496/94%,2018/98%,05/12/2022 15:17,,1843,1024,2025/92%,7040/97%,55.0/97%,81.0/98%,100.83333333333333/98%,257178/61%,1462666/72%,385709/92%,61589/83%,62045/90%,2032/98%,05/12/2022 15:29,,2252,1228,4032/87%,13072/96%,64.0/98%,79.0/98%,102.0/98%,418976/35%,2909671/46%,766142/82%,122339/68%,122650/91%,4014/97%,05/12/2022 15:40,,2150,797,error,,,,,,,,,,,,,,,,,,,,,,,,,,,,,,,,,,,,,,,,,,,,,,,,,,,,,
a74f163,2.6.5,nvme82.mtv.labs.mlnx,,,,, ,,,,,,,,,,,,,,07/12/2022 15:45,,1945,1024,2034/92%,6468/97%,49.0/97%,79.0/97%,100.33333333333333/97%,237036/57%,1459275/70%,385663/92%,61708/83%,62056/94%,2039/96%,,,,,,,,,,,,,,,,,,,,,,,,,,,,,,,,,,,,,,,,,,,,,,,,,,,,,,,,,,,,,,,,,,,,,,,,,
a74f163,2.6.5 (binje=1),nvme82.mtv.labs.mlnx,,07/12/2022 17:24,,, ,2048,1740,2022/95%,3255/98%,32.0/97%,59.0/98%,100.33/98%,428924/73%,731784/87%,192079/96%,61468/91%,61970/95%,2035/96%,07/12/2022 17:36,,1843,1228,2027/91%,7026/97%,51.0/97%,82.0/98%,100.0/98%,252455/57%,1462146/74%,385366/93%,61556/83%,61572/93%,2022/95%,07/12/2022 17:47,,2252,1433,4040/85%,13998/96%,53.0/97%,88.0/97%,100.66666666666667/97%,389952/36%,2918791/52%,762229/84%,122637/67%,124765/93%,4070/96%,07/12/2022 17:59,,451,180,528/82%,32116/86%,274.0/99%,193.0/95%,114.66666666666667/98%,89244/49%,3455076/15%,1272476/29%,39404/60%,136013/75%,2917/83%,541/82%,31386/73%,643.0/95%,175.66666666666666/97%,4938/78%,235877/60%,3044/83%,574/79%,31419/71%,999.0/96%,170.16666666666666/96%,230611/40%,4481/76%,2311/84%,,,,,,,,,,,,,,,,,,,,,,,,,,,,,
a74f163,2.6.5 (binje=16),nvme82.mtv.labs.mlnx,,11/12/2022 9:39,,, ,2048,1843,2025/95%,3301/98%,34.0/97%,59.0/98%,100.83/98%,423701/74%,731264/88%,191634/96%,61801/91%,61696/95%,2035/96%,11/12/2022 9:50,,1945,1331,2032/92%,7139/97%,41.0/96%,64.0/97%,99.16666666666667/98%,244018/57%,1461349/73%,386718/93%,61746/82%,61826/92%,2033/97%,11/12/2022 10:02,,2252,1433,4034/87%,14114/96%,58.0/98%,80.0/98%,100.83333333333333/98%,413486/31%,2876051/54%,752010/83%,122261/67%,116370/92%,4033/95%,11/12/2022 10:13,,2457,1126,4990/81%,32513/87%,260.0/99%,178.0/95%,115.5/98%,77049/42%,3401485/17%,1229919/33%,30333/62%,57231/79%,7990/94%,1869/81%,31885/68%,248.0/97%,149.16666666666666/96%,20048/67%,237662/41%,5131/90%,1824/74%,31834/66%,460.0/98%,153.83333333333334/96%,233680/40%,13837/65%,4279/88%,,,,,,,,,,,,,,,,,,,,,,,,,,,,,
a74f163,2.6.5,nvme82.mtv.labs.mlnx,,11/12/2022 12:50,,, ,2048,1740,2019/95%,3289/98%,30.0/97%,57.0/98%,100.33/97%,435242/73%,739166/90%,192009/96%,61657/91%,62568/94%,2041/96%,11/12/2022 13:01,,1945,1228,2030/92%,6455/97%,45.0/97%,76.0/98%,101.66666666666667/98%,262590/57%,1458847/72%,385592/92%,61469/83%,61594/94%,2023/97%,11/12/2022 13:13,,2252,1433,4027/86%,13006/96%,56.0/97%,76.0/98%,101.5/98%,449265/33%,error,,,,,,,,,,,,,,,,,,,,,,,,,,,,,,,,,,,,,,,,,,,,,,,,,,,,,,,,,,,,,,
a74f163,2.6.5,nvme82.mtv.labs.mlnx,,11/12/2022 14:22,,, ,2048,1843,2016/95%,3331/98%,31.0/98%,61.0/98%,100.33/98%,430741/73%,728942/88%,191480/96%,61190/91%,61783/95%,2026/95%,11/12/2022 14:34,,1945,1228,2032/92%,6443/97%,49.0/97%,82.0/98%,101.16666666666667/98%,254917/57%,1462310/68%,386303/92%,61728/84%,61914/93%,2037/97%,11/12/2022 14:45,,2355,1331,4065/87%,13018/96%,60.0/98%,95.0/98%,103.0/98%,440424/35%,2870566/54%,766042/85%,122691/67%,117294/93%,4061/96%,11/12/2022 14:57,,2457,975,5100/81%,32098/87%,284.0/98%,184.0/95%,116.0/97%,83339/46%,2641097/34%,1249761/32%,37489/55%,58347/79%,7985/95%,1916/80%,31936/65%,249.0/97%,149.16666666666666/96%,25312/61%,240297/40%,5080/90%,1865/74%,32057/62%,467.0/98%,153.83333333333334/97%,233434/38%,14496/64%,4252/89%,,,,,,,,,,,,,,,,,,,,,,,,,,,,,
31f910c,master,nvme82.mtv.labs.mlnx,,20/12/2022 11:05,,, ,2048,1638,2020/95%,3562/98%,55.0/99%,96.0/98%,129.33/98%,438116/73%,732526/75%,191848/95%,61940/91%,62189/95%,2039/96%,20/12/2022 11:17,,1740,1126,2018/92%,6994/97%,62.0/97%,116.0/99%,102.83333333333333/98%,261953/59%,1461946/65%,386698/91%,61500/83%,61458/93%,2028/98%,20/12/2022 11:28,,2355,1433,4038/86%,13056/95%,92.0/99%,139.0/98%,105.66666666666667/98%,453495/27%,2911669/45%,766412/82%,122543/66%,122573/92%,4052/97%,20/12/2022 11:40,,2764,1126,5021/81%,32488/86%,306.0/100%,188.0/96%,121.16666666666667/98%,79726/43%,3395137/16%,1271940/30%,36852/51%,58132/78%,7985/94%,1900/81%,32108/63%,258.0/97%,153.16666666666666/96%,25169/57%,243601/36%,5096/90%,1857/75%,31661/54%,502.0/99%,158.33333333333334/96%,235698/39%,14256/64%,4288/88%,,,,,,,,,,,,,,,,,,,,,,,,,,,,,
xxxxxxx,2.7.0,before IOMMU,,17/01/2023,,, ,2048,1638,2000,3531,34,65,100,444595,731032,192036,61615,61841,2030,,,1843,1126,2031,7068,47,84,100,254435,1471050,385184,61364,61849,2027,,,2355,1433,4030,13008,54,93,101,465280,2917997,766801,122506,122282,4058,,,2662,959,5041,32509,278,181,114,79380,3816879,1328198,36624,57931,7955,1922,32188,245,148,26379,241853,5095,1854,31971,460,153,230618,14452,4239,,,,,,,,,,,,,,,,,,,,,,,,,,,,,
xxxxxxx,2.7.0,IOMMU enabled,,30/01/2023 13:41,,, ,2048,1638,1995,3153,57,99,130,443359,696164,187091,61705,61471,2022,,,1843,1331,2012,6461,56,95,103,264276,1404621,380356,61366,61602,2029,,,2355,1331,3998,12674,72,116,104,456238,1876401,751663,122503,123337,4051,,,2457,949,5054,30178,288,189,119,76303,1830253,363427,33098,14993,8004,1908,28939,254,152,24365,221480,5087,1887,29470,476,158,220822,14043,4234,,,,,,,,,,,,,,,,,,,,,,,,,,,,,
xxxxxxx,2.7.0,IOMMU disabled,,31/01/2023 15:20,,, ,2048,1740,1985,3545,64,102,129,438189,736328,192177,61309,61788,2028,,,1843,1331,2011,7153,45,76,100,255104,1464082,387006,61292,61711,2036,,,2252,1331,4027,14148,56,91,101,451265,2913595,769412,122207,122727,4045,,,2662,990,5047,32658,285,189,115,75364,3950420,1407871,33556,58077,7967,1925,31477,258,149,24375,243997,5099,1855,31856,476,154,237139,13983,4257,,,,,,,,,,,,,,,,,,,,,,,,,,,,,
b455c42,2.7.0,nvme82.mtv.labs.mlnx,,13/04/2023 20:14,,, ,2048,1638,1986/98%,3259/98%,63.0/99%,107.0/98%,114.0/98%,441610/79%,711225/82%,189632/96%,61833/95%,61976/97%,2033/98%,13/04/2023 20:25,,1843,1126,2002/94%,6469/97%,51.0/97%,81.0/98%,101.33333333333333/98%,254445/65%,1435247/52%,384388/79%,61189/85%,61408/96%,2021/95%,13/04/2023 20:37,,2355,1433,4016/88%,12909/76%,62.0/98%,87.0/99%,104.5/98%,448601/38%,2149035/40%,764299/78%,122299/69%,122159/93%,4040/97%,13/04/2023 20:49,,2662,1024,5037/83%,30221/70%,316.0/99%,188.0/96%,123.5/98%,74192/46%,1737863/28%,407448/26%,32814/56%,27980/79%,5952/90%,1943/82%,12710/69%,245.0/97%,178.66666666666666/97%,26677/58%,110733/24%,3156/90%,1927/75%,10577/69%,455.0/97%,212.33333333333334/97%,90202/25%,14916/63%,1718/88%,,,,,,,,,,,,,,,,,,,,,,,,,,,,,
3571fac,2.7.0,nvme82.mtv.labs.mlnx,,20/04/2023 12:35,,, ,2048,1740,1998/98%,3270/98%,54.0/99%,99.0/99%,111.5/98%,444600/79%,731077/88%,191820/96%,61310/95%,61422/98%,2019/98%,20/04/2023 12:46,,1843,1228,2023/95%,7079/97%,66.0/98%,92.0/98%,101.16666666666667/98%,263050/64%,1463475/76%,386786/93%,61543/85%,61752/96%,2040/98%,20/04/2023 12:58,,2252,1433,4061/89%,13012/96%,58.0/98%,90.0/98%,101.83333333333333/98%,447062/39%,2903075/50%,767006/84%,122918/69%,123612/93%,4069/97%,20/04/2023 13:09,,2764,1126,5114/83%,32507/86%,271.0/100%,184.0/95%,114.16666666666667/98%,75155/47%,3791480/13%,1443592/20%,33226/56%,58436/77%,7966/95%,1979/82%,32112/69%,231.0/97%,149.16666666666666/97%,27794/58%,246942/40%,5097/90%,1944/75%,31614/67%,438.0/97%,154.33333333333334/97%,236535/38%,14947/64%,4261/89%,,,,,,,,,,,,,,,,,,,,,,,,,,,,,
3571fac,2.7.0,nvme82.mtv.labs.mlnx,,23/04/2023 15:45,,, ,2048,1740,2018/98%,3264/98%,36.0/98%,69.0/98%,100.66666666666667/98%,435958/79%,733732/90%,192917/96%,61646/94%,62046/97%,2046/98%,23/04/2023 15:57,,1945,1126,2033/94%,6501/97%,61.0/97%,111.0/98%,102.66666666666667/98%,256575/64%,1462237/69%,385902/92%,61620/85%,61590/96%,2040/98%,23/04/2023 16:08,,2252,1433,4036/88%,14250/97%,64.0/98%,96.0/98%,101.5/98%,441247/39%,2937752/49%,767985/80%,121970/69%,122838/93%,4025/97%,23/04/2023 16:20,,2662,1024,5073/82%,32649/89%,286.0/99%,182.0/96%,115.33333333333333/98%,75290/46%,3739951/13%,1408315/22%,32840/56%,57847/78%,7987/95%,1957/82%,32279/66%,233.0/97%,149.0/97%,26443/59%,246587/38%,5095/91%,1916/75%,32040/66%,458.0/97%,154.16666666666666/97%,238927/36%,14844/64%,4281/89%,,,,,,,,,,,,,,,,,,,,,,,,,,,,,
ef4c657,2.6.5 (too much logs),nvme82.mtv.labs.mlnx,,23/04/2023 17:36,,, ,2048,1638,1998/95%,3526/98%,61.0/99%,105.0/99%,100.0/98%,429896/74%,730731/89%,192279/96%,61768/91%,62459/94%,2038/96%,23/04/2023 17:47,,1843,1126,2011/91%,6481/97%,45.0/97%,74.0/98%,100.83333333333333/98%,254549/60%,1463510/71%,385530/92%,61461/83%,61631/93%,2017/98%,23/04/2023 17:59,,2355,1433,4025/86%,14102/96%,47.0/97%,77.0/98%,100.5/98%,426176/34%,2918094/56%,766809/86%,122596/69%,123284/89%,4062/97%,23/04/2023 18:11,,2355,977,5034/82%,32673/84%,270.0/99%,180.0/96%,115.33333333333333/98%,77701/43%,3491865/17%,1294091/29%,32876/61%,58431/80%,7956/95%,1901/81%,32017/63%,241.0/97%,149.0/97%,21772/66%,243105/40%,5078/90%,1830/75%,31923/61%,460.0/98%,153.66666666666666/97%,235424/38%,14251/65%,4241/89%,,,,,,,,,,,,,,,,,,,,,,,,,,,,,
ef4c657,2.6.5,nvme82.mtv.labs.mlnx,,02/05/2023 17:12,,, ,2048,1740,2024/95%,3541/98%,32.0/97%,55.0/98%,100.16666666666667/98%,428456/74%,731920/88%,192317/97%,62020/91%,62564/95%,2047/96%,02/05/2023 17:24,,1945,1126,2015/92%,6474/98%,43.0/97%,83.0/98%,101.83333333333333/98%,243827/60%,1460633/74%,386773/93%,61167/84%,61388/93%,2027/97%,02/05/2023 17:35,,2355,1331,4033/85%,13060/97%,54.0/98%,85.0/98%,102.5/98%,398086/36%,error,,,,,,,,,,,,,,,,,,,,,,,,,,,,,,,,,,,,,,,,,,,,,,,,,,,,,,,,,,,,,,
ef4c657,2.6.5,nvme82.mtv.labs.mlnx,,02/05/2023 18:20,,, ,2048,1638,2034/95%,3533/99%,35.0/98%,64.0/99%,100.0/98%,426385/74%,736432/90%,192032/96%,61715/91%,62163/95%,2044/96%,02/05/2023 18:32,,1945,1331,2015/92%,6471/98%,45.0/97%,87.0/98%,101.66666666666667/98%,251725/59%,1459040/71%,386104/93%,61044/84%,61226/93%,1993/96%,02/05/2023 18:44,,2252,1433,4030/86%,13019/96%,74.0/98%,96.0/98%,102.16666666666667/98%,390293/37%,2908893/52%,767298/84%,122736/67%,121906/92%,4070/96%,02/05/2023 18:55,,2457,961,5005/82%,32728/88%,262.0/100%,180.0/95%,116.5/98%,79663/41%,3392553/16%,1244757/29%,32535/62%,58139/80%,7980/95%,1875/82%,32421/70%,237.0/98%,148.33333333333334/97%,21669/66%,240494/41%,5112/90%,1832/75%,32369/69%,467.0/98%,153.83333333333334/97%,237562/40%,14304/65%,4259/88%,,,,,,,,,,,,,,,,,,,,,,,,,,,,,
1956219,2.7.0,nvme82.mtv.labs.mlnx,,03/05/2023 16:28,,, ,2048,1638,2028/98%,3537/98%,33.0/98%,66.0/99%,100.83333333333333/98%,437059/80%,731152/85%,192629/96%,61872/95%,62331/97%,2045/99%,03/05/2023 16:39,,1945,1228,2015/95%,7066/98%,62.0/98%,114.0/99%,102.0/98%,261239/63%,1463459/67%,387148/92%,61425/85%,61565/96%,2036/98%,03/05/2023 16:51,,2355,1331,4030/88%,13077/96%,60.0/98%,95.0/99%,102.0/98%,449034/37%,2906975/49%,766257/83%,122383/69%,122260/93%,4007/97%,03/05/2023 17:03,,2662,1024,5053/83%,32690/86%,312.0/100%,188.0/96%,117.5/98%,75247/46%,3747140/13%,1337371/20%,33056/55%,59895/78%,7946/95%,1943/82%,32146/68%,232.0/98%,149.5/97%,27197/58%,239453/39%,5131/90%,1935/74%,32207/66%,466.0/98%,155.0/97%,231654/39%,14968/64%,4276/89%,,,,,,,,,,,,,,,,,,,,,,,,,,,,,
2717fa8,master,nvme82.mtv.labs.mlnx,,07/06/2023 11:53,,, ,2048,1740,2036/98%,3533/98%,32.0/98%,57.0/99%,99.66666666666667/98%,441471/76%,742475/87%,192610/96%,61960/95%,62587/97%,2044/98%,07/06/2023 12:05,,1945,1331,2025/94%,6498/98%,55.0/98%,82.0/99%,101.16666666666667/98%,73906/75%,1460811/74%,398588/90%,61740/76%,61626/95%,2038/97%,07/06/2023 12:17,,2355,1536,4032/88%,14183/96%,55.0/98%,83.0/99%,100.5/98%,125625/57%,2898472/54%,819032/84%,103893/56%,123828/91%,4077/96%,07/06/2023 12:28,,2355,1024,4909/83%,32609/88%,294.0/98%,230.0/96%,113.0/98%,33865/52%,2990022/14%,1017018/15%,24386/51%,58673/65%,8006/94%,1894/81%,32065/63%,278.0/96%,148.83333333333334/97%,20165/56%,241657/40%,5098/90%,1899/74%,31566/61%,507.0/97%,153.66666666666666/97%,234564/38%,13912/60%,4263/89%,,,,,,,,,,,,,,,,,,,,,,,,,,,,,
21d07d8,master,nvme82.mtv.labs.mlnx,,12/06/2023 17:49,,, ,2048,1740,2025/98%,3562/98%,31.0/98%,58.0/99%,101.33333333333333/98%,433137/77%,729395/89%,192023/96%,61594/95%,62116/98%,2038/98%,12/06/2023 18:00,,1945,1228,2033/95%,7149/97%,44.0/97%,73.0/99%,100.5/98%,255874/62%,1459800/76%,389016/93%,61409/84%,61744/96%,2030/97%,12/06/2023 18:12,,2252,1536,4029/88%,13042/96%,53.0/98%,83.0/98%,102.0/98%,362866/45%,2902601/51%,769017/84%,122027/67%,122409/93%,4021/97%,12/06/2023 18:23,,2662,1228,4926/84%,32751/83%,268.0/99%,187.0/96%,115.33333333333333/98%,69887/49%,3478481/16%,1292804/32%,33514/55%,57201/77%,7936/94%,1922/82%,32033/64%,227.0/96%,149.33333333333334/97%,26665/58%,247263/38%,5105/90%,1901/75%,32070/63%,451.0/97%,154.83333333333334/97%,233680/36%,14803/63%,4227/89%,,,,,,,,,,,,,,,,,,,,,,,,,,,,,
21d07d8,master,nvme82.mtv.labs.mlnx,,13/06/2023 13:30,,, ,2048,1843,2028/98%,3607/98%,32.0/98%,61.0/99%,99.5/98%,441099/77%,733625/88%,193094/96%,61632/95%,62053/97%,2039/98%,13/06/2023 13:41,,1945,1331,2033/94%,7157/97%,44.0/97%,73.0/98%,100.0/98%,258265/61%,1466327/72%,390100/93%,61804/85%,62450/96%,2054/98%,13/06/2023 13:53,,2355,1536,4044/89%,13044/97%,57.0/98%,89.0/99%,101.0/98%,429613/39%,2906434/48%,769625/86%,123050/67%,123775/92%,4088/97%,13/06/2023 14:04,,2764,1228,4967/84%,32797/89%,261.0/100%,187.0/96%,114.16666666666667/98%,70891/50%,3624038/15%,1292944/32%,33970/55%,58666/77%,7983/95%,1937/82%,32290/69%,233.0/97%,148.16666666666666/97%,27049/57%,245542/39%,5098/91%,1919/75%,31576/68%,458.0/97%,154.33333333333334/97%,234369/37%,14936/63%,4280/89%,,,,,,,,,,,,,,,,,,,,,,,,,,,,,
10ff7de,master,nvme82.mtv.labs.mlnx,,02/07/2023 16:24,,, ,2048,1740,1994/98%,3545/98%,63.0/99%,101.0/98%,118.16666666666667/98%,434162/77%,732980/87%,193242/96%,61804/94%,62527/97%,2042/99%,02/07/2023 16:36,,1843,1331,2015/94%,7082/97%,54.0/97%,88.0/98%,101.33333333333333/98%,296460/54%,1465679/75%,388659/92%,61313/84%,62207/95%,2040/98%,02/07/2023 16:47,,2355,1536,4042/88%,13072/97%,66.0/99%,96.0/99%,101.5/98%,421534/40%,3415685/50%,770075/82%,122557/66%,124057/92%,4057/97%,02/07/2023 16:59,,2662,1228,4986/83%,32808/85%,267.0/99%,192.0/96%,117.16666666666667/98%,69121/50%,3568930/15%,1338732/24%,33307/55%,58854/77%,7968/95%,1907/82%,31868/67%,234.0/96%,150.0/97%,26455/58%,245239/37%,5101/90%,1919/74%,32113/66%,459.0/97%,155.16666666666666/97%,234209/36%,14718/63%,4271/89%,,,,,,,,,,,,,,,,,,,,,,,,,,,,,
a034743,master,nvme82.mtv.labs.mlnx,,04/07/2023 11:34,,, ,2048,1740,1999/98%,3531/98%,62.0/99%,110.0/99%,118.5/98%,437615/77%,734331/86%,192546/96%,61773/94%,62392/97%,2044/98%,04/07/2023 11:46,,1843,1331,2017/94%,7239/97%,50.0/97%,80.0/98%,99.66666666666667/98%,287356/54%,1465348/71%,388583/92%,61451/83%,61858/96%,2040/98%,04/07/2023 11:58,,2355,1536,4033/88%,13043/95%,60.0/98%,88.0/98%,101.5/98%,411708/42%,2913544/50%,771036/81%,122368/66%,122950/92%,3958/97%,04/07/2023 12:09,,2662,1228,4938/83%,32619/80%,261.0/99%,187.0/96%,115.16666666666667/98%,68845/49%,3510158/15%,1278087/21%,32588/55%,57747/76%,8009/95%,1897/82%,31610/60%,233.0/97%,150.0/97%,26596/58%,241777/41%,5079/90%,1893/75%,31552/60%,451.0/98%,154.66666666666666/97%,232164/41%,14728/63%,4264/89%,,,,,,,,,,,,,,,,,,,,,,,,,,,,,
522393f,master - BF2,nvme82.mtv.labs.mlnx,,04/09/2023 18:51,,, ,1433,941,1988/0%,3566/0%,103.0/0%,137.0/0%,118.5/0%,55145/0%,729790/0%,210052/0%,13485/0%,62378/0%,2021/0%,04/09/2023 19:03,,527,441,1492/0%,7149/0%,213.0/0%,260.0/0%,118.83333333333333/0%,27668/0%,1145184/0%,387906/0%,25794/0%,62331/0%,2042/0%,04/09/2023 19:16,,501,454,1499/0%,13065/0%,237.0/0%,309.0/0%,124.0/0%,40238/0%,2234353/0%,760242/0%,25524/0%,123251/0%,4061/0%,04/09/2023 19:30,,320,268,225/0%,32335/0%,860.0/0%,901.0/0%,137.83333333333334/0%,3398/0%,2854477/0%,1076847/0%,673/0%,57937/0%,7925/0%,208/0%,31821/0%,1263.0/0%,194.5/0%,442/0%,241015/0%,5094/0%,156/0%,32013/0%,1620.0/0%,204.66666666666666/0%,232509/0%,213/0%,4153/0%,,,,,,,,,,,,,,,,,,,,,,,,,,,,,
fbd4f16,2.7.0 - BF2,nvme82.mtv.labs.mlnx,,11/09/2023 12:42,,, ,1433,1331,1991/76%,3546/95%,72.0/90%,64.0/90%,101.16%,139938/10%,733496/33%,199220/81%,61432/38%,62591/90%,2032/95%,11/09/2023 12:54,,491,522,1639/10%,7150/91%,6.0/86%,54.0/86%,101.5/92%,58933/10%,1225125/11%,376245/52%,31640/10%,61322/76%,2003/84%,11/09/2023 13:07,,470,518,1611/11%,13617/81%,33.0/86%,64.0/87%,102.33333333333333/92%,56501/10%,2374075/10%,772652/22%,29939/10%,123678/58%,4095/65%,11/09/2023 13:21,,359,349,1167/36%,32341/12%,432.0/87%,422.0/80%,116.83333333333333/91%,8019/29%,2942982/10%,1138893/12%,4351/39%,57089/40%,7960/50%,480/51%,31751/11%,607.0/82%,144.83333333333334/86%,3350/34%,239809/10%,5020/56%,358/48%,31757/10%,924.0/83%,146.83333333333334/87%,234300/10%,2535/31%,4200/49%,,,,,,,,,,,,,,,,,,,,,,,,,,,,,
f424235,2.8.0 - BF2,nvme82.mtv.labs.mlnx,,12/09/2023 12:12,,, ,1536,1433,2019/74%,3275/95%,46.0/87%,63.0/89%,102.16/92%,135560/9%,732619/23%,198513/78%,61460/36%,62089/88%,2022/95%,12/09/2023 12:23,,504,552,1651/10%,7130/89%,58.0/85%,60.0/86%,101.66666666666667/92%,53269/10%,1197147/11%,375266/47%,30931/11%,62299/66%,2023/84%,12/09/2023 12:37,,494,546,1616/11%,12988/87%,57.0/86%,79.0/86%,102.16666666666667/92%,50104/10%,3316439/36%,777164/30%,28950/11%,123722/56%,4067/70%,12/09/2023 12:50,,372,342,1160/36%,32585/10%,430.0/87%,423.0/80%,116.5/91%,8016/28%,2998894/10%,1124647/10%,4278/40%,57810/39%,7975/48%,479/50%,32042/10%,603.0/82%,146.5/86%,3458/31%,245887/12%,5056/56%,348/48%,32057/11%,917.0/83%,147.66666666666666/86%,232539/12%,2493/31%,4192/49%,,,,,,,,,,,,,,,,,,,,,,,,,,,,,
f424235,2.8.0 - BF2,nvme82.mtv.labs.mlnx,,12/09/2023 15:31,,, ,1536,1024,1940/0%,3639/0%,92.0/0%,114.0/0%,113.5/0%,47671/0%,731567/0%,213287/0%,39953/0%,61674/0%,2045/0%,12/09/2023 15:43,,510,420,1491/0%,7145/0%,205.0/0%,248.0/0%,121.5/0%,24124/0%,1127422/0%,393683/0%,22655/0%,62313/0%,2051/0%,12/09/2023 15:56,,497,439,1509/0%,13049/0%,220.0/0%,283.0/0%,119.33333333333333/0%,25863/0%,2177639/0%,788984/0%,15368/0%,123687/0%,4077/0%,12/09/2023 16:10,,316,273,220/0%,32666/0%,855.0/0%,749.0/0%,134.66666666666666/0%,2935/0%,3036003/0%,1151308/0%,1083/0%,56769/0%,7952/0%,188/0%,31800/0%,1201.0/0%,203.16666666666666/0%,920/0%,240667/0%,5076/0%,159/0%,32135/0%,1558.0/0%,202.16666666666666/0%,227520/0%,429/0%,4170/0%,,,,,,,,,,,,,,,,,,,,,,,,,,,,,
6de8e3f,2.8.0 - BF2,nvme82.mtv.labs.mlnx,,21/09/2023 12:24,,, ,1536,954,1996/0%,3539/0%,94.0/0%,123.0/0%,122.0/0%,18559/0%,730683/0%,199503/0%,16891/0%,62277/0%,2040/0%,21/09/2023 12:36,,500,499,1445/0%,7150/0%,242.0/0%,244.0/0%,120.33333333333333/0%,27524/0%,1137529/0%,389580/0%,24578/0%,61471/0%,2030/0%,21/09/2023 12:49,,492,438,1492/0%,13069/0%,258.0/0%,322.0/0%,121.5/0%,39719/0%,2250285/0%,758387/0%,21628/0%,123599/0%,4078/0%,21/09/2023 13:03,,300,270,210/0%,32750/0%,910.0/0%,879.0/0%,134.83333333333334/0%,3077/0%,2827748/0%,1100671/0%,588/0%,57576/0%,7974/0%,211/0%,31877/0%,1243.0/0%,195.83333333333334/0%,459/0%,246284/0%,5055/0%,153/0%,31879/0%,1760.0/0%,209.0/0%,235395/0%,260/0%,4133/0%,,,,,,,,,,,,,,,,,,,,,,,,,,,,,
6de8e3f,2.8.0 - BF2,nvme82.mtv.labs.mlnx,,21/09/2023 14:23,,, ,1433,863,2024/0%,3258/0%,98.0/0%,179.0/0%,133.5/0%,51922/0%,739124/0%,199537/0%,23518/0%,62923/0%,2031/0%,21/09/2023 14:35,,485,453,1457/0%,7028/0%,210.0/0%,307.0/0%,129.66666666666666/0%,42808/0%,1163115/0%,379421/0%,23910/0%,61567/0%,2038/0%,21/09/2023 14:48,,476,392,1463/0%,13063/0%,235.0/0%,323.0/0%,123.16666666666667/0%,20321/0%,2177059/0%,787020/0%,12840/0%,122463/0%,4053/0%,21/09/2023 15:02,,323,257,225/0%,32664/0%,861.0/0%,1099.0/0%,148.16666666666666/0%,2895/0%,3002461/0%,1084766/0%,775/0%,56763/0%,8008/0%,207/0%,32218/0%,1409.0/0%,202.83333333333334/0%,602/0%,242331/0%,5078/0%,151/0%,32210/0%,1680.0/0%,211.33333333333334/0%,233372/0%,325/0%,4132/0%,,,,,,,,,,,,,,,,,,,,,,,,,,,,,
6de8e3f,2.8.0 - BF2,nvme82.mtv.labs.mlnx,,21/09/2023 17:23,,, ,1536,868,1932/0%,3536/0%,138.0/0%,180.0/0%,120.0/0%,27264/0%,732284/0%,215765/0%,19650/0%,62740/0%,2046/0%,21/09/2023 17:35,,512,462,1463/0%,7120/0%,216.0/0%,313.0/0%,130.16666666666666/0%,41651/0%,1155221/0%,377913/0%,25905/0%,61557/0%,2047/0%,21/09/2023 17:49,,492,435,1439/0%,13768/0%,252.0/0%,342.0/0%,120.83333333333333/0%,42128/0%,error,,,,,,,,,,,,,,,,,,,,,,,,,,,,,,,,,,,,,,,,,,,,,,,,,,,,,,,,,,,,,,
51449c8,2.8.0,nvme82.mtv.labs.mlnx,,27/09/2023 22:02,,, ,2048,1740,1993/98%,3299/98%,71.0/99%,117.0/99%,123.0/98%,435703/77%,732323/89%,192425/96%,61756/95%,62522/98%,2029/99%,27/09/2023 22:13,,1843,1433,2007/95%,7028/97%,69.0/98%,99.0/99%,100.83333333333333/98%,292859/55%,1463358/72%,387088/92%,61309/84%,61514/95%,2026/98%,27/09/2023 22:25,,2560,1638,4019/88%,14258/96%,59.0/98%,87.0/99%,100.83333333333333/98%,431369/41%,3083525/47%,767575/84%,122343/67%,123678/92%,4068/97%,27/09/2023 22:36,,2662,1228,4950/84%,32738/85%,255.0/100%,185.0/95%,114.83333333333333/98%,71296/48%,3495480/15%,1287672/28%,33554/54%,58098/77%,7982/95%,1910/82%,31815/63%,228.0/96%,150.16666666666666/97%,26594/58%,240724/38%,5100/90%,1926/75%,31654/61%,446.0/98%,155.0/97%,235417/37%,14837/63%,4265/89%,,,,,,,,,,,,,,,,,,,,,,,,,,,,,
cfaa244,master,nvme82.mtv.labs.mlnx,,20/02/2024 15:00,,, ,2048,1638,2014/98%,3660/98%,65.0/99%,118.0/99%,105.66666666666667/98%,433209/77%,732878/84%,194159/97%,62049/94%,63161/98%,2051/98%,20/02/2024 15:11,,1843,1433,2032/95%,6567/97%,49.0/97%,79.0/98%,98.5/98%,295500/54%,1462275/73%,388302/92%,61920/84%,61748/95%,2045/98%,20/02/2024 15:23,,2560,1740,4054/88%,13160/96%,63.0/98%,90.0/98%,98.33333333333333/98%,427586/40%,2919980/50%,770305/83%,123185/67%,123985/93%,4072/97%,20/02/2024 15:34,,2662,1228,4891/83%,32906/89%,250.0/99%,182.0/96%,109.0/98%,70388/49%,3561390/15%,1315888/15%,33534/54%,58026/76%,7998/95%,1904/81%,32633/69%,227.0/96%,149.66666666666666/97%,26514/57%,249238/63%,5114/90%,1920/74%,32633/68%,446.0/97%,154.83333333333334/97%,240647/57%,14691/63%,4276/88%,,,,,,,,,,,,,,,,,,,,,,,,,,,,,
c764228,master,nvme82.mtv.labs.mlnx,,08/04/2024 19:00,,, ,2048,1740,1991/98%,3553/98%,52.0/98%,97.0/98%,119.16666666666667/98%,434835/77%,741529/85%,192291/95%,61226/94%,62220/97%,2024/98%,08/04/2024 19:11,,1843,1433,2023/95%,7143/98%,54.0/97%,88.0/98%,98.83333333333333/98%,299031/54%,1461525/73%,388181/93%,61488/84%,61834/96%,2030/98%,08/04/2024 19:22,,2560,1740,4051/89%,14282/97%,64.0/98%,94.0/98%,98.83333333333333/98%,425056/39%,error,,,,,,,,,,,,,,,,,,,,,,,,,,,,,,,,,,,,,,,,,,,,,,,,,,,,,,,,,,,,,,
c764228,master,nvme82.mtv.labs.mlnx,,11/04/2024 11:18,,, ,2048,1843,2017/98%,3566/98%,28.0/98%,49.0/99%,98.0/98%,435804/77%,731345/88%,192332/96%,61401/95%,61851/97%,2027/98%,11/04/2024 11:30,,1945,1433,2022/95%,7073/98%,58.0/98%,85.0/98%,98.83333333333333/98%,298122/55%,1467342/72%,387477/93%,61408/84%,61843/95%,2034/98%,11/04/2024 11:41,,2560,1638,4057/89%,14278/97%,67.0/98%,94.0/98%,98.66666666666667/98%,438813/39%,3745264/46%,771166/84%,123089/68%,123612/94%,4040/97%,11/04/2024 11:52,,2662,1228,4948/84%,32923/86%,249.0/99%,182.0/96%,109.66666666666667/98%,71130/49%,3340537/16%,1250348/20%,34015/55%,58451/78%,7996/95%,1933/82%,32646/67%,222.0/96%,149.16666666666666/97%,26938/58%,246919/41%,5074/90%,1939/74%,32623/66%,444.0/97%,154.16666666666666/97%,239149/41%,14868/64%,4262/89%,,,,,,,,,,,,,,,,,,,,,,,,,,,,,
,3.1.0,nvme82.mtv.labs.mlnx,,9/26/2024,,, ,,,2017,3578,29,52,98,439427,732875,192543,61421,62287,2036,,,,,2023,7352,54,85,99.16666667,298778,1462855,388040,61629,62283,2040,,,,,4034,14293,64,94,98,421763,2959130,776089,122842,124224,4083,,,,,5081,32963,257,184,110.6666667,80045,3453731,1290338,22464,58000,7994,1917,32615,229,149.5,17691,247545,5122,1740,32653,446,154.3333333,238704,12573,4363,,,,,,,,,,,,,,,,,,,,,,,,,,,,,
,3.1.0,nvme1138 (RoCE),,9/29/2024,,, ,,,3400,5993,299,323,438.4,469612,931287,266219,124846,123899,3907,,,,,4286,12971,673,759,436.6,352386,2157133,587159,123919,123787,4211,,,,,8869,25623,358,716,426.6,597583,3310236,1132877,245925,258846,8850,,,,,2756,64696,1611,1260,540.2,117868,9968102,1537872,8102,79922,14106,1032,60314,1399,749.6,6792,498267,4739,923,58858,2086,741.8,448374,11115,4431,,,,,,,,,,,,,,,,,,,,,,,,,,,,,
,,,,,,, ,,,,,,,,,,,,,,,,,,,,,,,,,,,,,,,,,,,,,,,,,,,,,,,,,,,,,,,,,,,,,,,,,,,,,,,,,,,,,,,,,,,,,,,,,,,,,,,,,,,,,
,,,,,,, ,,,,,,,,,,,,,,,,,,,,,,,,,,,,,,,,,,,,,,,,,,,,,,,,,,,,,,,,,,,,,,,,,,,,,,,,,,,,,,,,,,,,,,,,,,,,,,,,,,,,,
,,,,,,, ,,,,,,,,,,,,,,,,,,,,,,,,,,,,,,,,,,,,,,,,,,,,,,,,,,,,,,,,,,,,,,,,,,,,,,,,,,,,,,,,,,,,,,,,,,,,,,,,,,,,,
,,,,,,, ,,,,,,,,,,,,,,,,,,,,,,,,,,,,,,,,,,,,,,,,,,,,,,,,,,,,,,,,,,,,,,,,,,,,,,,,,,,,,,,,,,,,,,,,,,,,,,,,,,,,,
,,,,,,, ,,,,,,,,,,,,,,,,,,,,,,,,,,,,,,,,,,,,,,,,,,,,,,,,,,,,,,,,,,,,,,,,, ,,,,,,,,,,,,,,,,,,,,,,,,,,,,,,,,,,,,
d538700,3.2.0,nvme82.mtl.labs.mlnx, ,21/01/2025 10:09,,, ,2048,1638,2021/98%,3329/98%,31.0/98%,77.0/99%<RED>,102.5/98%,444771/78%,727466/67%,190826/92%,61443/95%,61280/96%,2021/98%,21/01/2025 10:19,,1843,1331,2005/95%,6180/98%<RED>,85.0/98%<RED>,121.0/98%<RED>,110.5/98%<RED>,303400/56%,1452255/66%,381744/85%,60718/85%,60676/94%,1998/98%,21/01/2025 10:30,,2764,1638,4057/88%,12378/98%<RED>,111.0/99%<RED>,141.0/99%<RED>,114.5/99%,437796/41%,2900986/46%,760847/77%,123119/68%,122825/92%,4029/97%,21/01/2025 10:41,,2662,1126,5085/78%,30052/84%<RED>,384.0/99%<RED>,221.0/97%<RED>,138.5/99%<RED>,83916/50%<RED>,4224471/16%<RED>,1615700/17%,22656/69%<RED>,57085/78%,7937/94%,1913/84%,32425/43%,269.0/98%,146.83333333333334/99%<RED>,17726/70%<RED>,241698/42%<RED>,5122/89%,1746/77%,32415/42%,572.0/98%<RED>,152.16666666666666/99%,232874/40%<RED>,12477/69%<RED>,4358/87%,,,,,,,,,,,,,,,,,,,,,,,,,,,,,
d538700,3.2.0,nvme82.mtl.labs.mlnx, ,21/01/2025 11:57,,, ,2048,1638,2013/98%,3344/98%,30.0/98%,60.0/99%,102.16666666666667/97%,439346/79%,727931/70%,190723/93%,61215/95%,61142/96%,2027/98%,21/01/2025 12:08,,1945,1331,2041/95%,6187/98%<RED>,89.0/99%<RED>,127.0/99%<RED>,109.0/98%,304421/57%,1453389/66%,381898/85%,61883/84%,61266/95%,2035/98%,21/01/2025 12:19,,2560,1536,4052/89%,12492/98%<RED>,93.0/99%<RED>,131.0/99%<RED>,110.0/98%,438302/41%,2899929/37%,761477/77%,122773/68%,121961/91%,4034/97%,21/01/2025 12:29,,2560,1024,5211/78%,30087/85%<RED>,395.0/99%<RED>,215.0/98%<RED>,138.33333333333334/99%<RED>,84843/52%<RED>,4281544/14%<RED>,1622645/20%,23011/69%<RED>,57934/78%,7891/94%,1897/85%,32437/41%,274.0/98%,147.5/100%<RED>,17914/70%<RED>,243710/39%<RED>,5103/89%,1746/78%,32408/40%,554.0/99%<RED>,152.16666666666666/99%,234645/36%<RED>,12559/69%<RED>,4338/87%,,,,,,,,,,,,,,,,,,,,,,,,,,,,,
d279a61,2.7.2,nvme82.mtl.labs.mlnx, ,21/01/2025 13:18,,, ,2048,1638,1999/98%,3412/99%,61.0/99%,122.0/99%<RED>,108.16666666666667/98%,441402/77%,728028/70%,190920/94%,61907/95%,61189/96%,2024/99%,21/01/2025 13:29,,1843,1228,1997/94%,6697/98%,65.0/98%,104.0/99%<RED>,109.16666666666667/99%,262545/61%,1453722/69%,383286/84%,61426/85%,60895/94%,2013/98%,21/01/2025 13:40,,2252,1433,4004/88%,12395/98%<RED>,84.0/99%<RED>,114.0/99%<RED>,112.33333333333333/99%,418579/42%,2901504/42%,761654/75%,122025/67%,121257/89%,4001/97%,21/01/2025 13:51,,2764,1126,4852/85%,30152/89%<RED>,362.0/100%<RED>,213.0/98%<RED>,131.5/99%,70936/50%<RED>,4069141/15%<RED>,1565826/15%,33316/56%<RED>,58723/76%,7875/94%,1895/83%,32420/51%,268.0/98%,147.33333333333334/99%<RED>,26054/59%<RED>,244149/43%<RED>,5077/89%,1894/75%,32418/46%,500.0/99%<RED>,151.83333333333334/100%,234028/41%<RED>,14646/64%<RED>,4289/87%,,,,,,,,,,,,,,,,,,,,,,,,,,,,,
d279a61,2.7.2,nvme82.mtl.labs.mlnx, ,23/01/2025 18:58,,, ,2048,1638,1971/98%,3410/99%,55.0/99%,110.0/99%<RED>,107.5/98%,440629/77%,727727/69%,190880/95%,60461/94%,60678/96%,1994/99%,23/01/2025 19:09,,1843,1228,2025/94%,6691/99%,67.0/98%,111.0/99%<RED>,109.0/99%,258285/62%,1452743/61%,382617/83%,61613/85%,61335/94%,2018/98%,23/01/2025 19:20,,2252,1433,4042/89%,13268/98%,87.0/99%<RED>,118.0/99%<RED>,111.83333333333333/99%,420627/41%,2899945/43%,761531/75%,122544/67%,122425/90%,4041/97%,23/01/2025 19:31,,2560,1126,4891/84%,30070/84%<RED>,364.0/99%<RED>,213.0/98%<RED>,132.83333333333334/99%,70905/49%<RED>,4203197/17%<RED>,1602785/20%,32969/56%<RED>,57737/76%,7916/94%,1884/83%,32412/40%,273.0/99%,147.33333333333334/99%<RED>,26383/59%<RED>,239548/40%<RED>,5108/90%,1911/75%,32370/40%<RED>,506.0/98%<RED>,152.16666666666666/99%,229523/39%<RED>,14763/64%<RED>,4266/87%,,,,,,,,,,,,,,,,,,,,,,,,,,,,,
dd2dcb3,3.2.0,nvme82.mtl.labs.mlnx, ,20/02/2025 16:09,,, ,2048,1638,1975/98%,3341/99%,89.0/99%<RED>,132.0/99%<RED>,129.83333333333334/98%<RED>,443258/77%,727403/66%,190716/93%,60841/94%,60514/96%,1996/98%,20/02/2025 16:20,,1843,1331,2016/95%,6695/98%,67.0/98%,120.0/99%<RED>,109.33333333333333/98%,307870/55%,1453647/68%,382755/85%,61593/85%,61189/95%,2019/98%,20/02/2025 16:31,,2457,1638,4057/89%,13507/98%,91.0/99%<RED>,122.0/99%<RED>,110.33333333333333/98%,438712/41%,2900421/42%,762156/76%,122789/68%,121621/89%,4038/97%,20/02/2025 16:42,,2560,1024,4887/78%,30022/80%<RED>,385.0/100%<RED>,219.0/98%<RED>,137.16666666666666/98%<RED>,83823/51%<RED>,4369452/15%<RED>,1643373/19%,22839/69%<RED>,59174/78%,7943/94%,1917/83%,32414/40%,273.0/98%,146.83333333333334/98%<RED>,17757/70%<RED>,244372/39%<RED>,5138/89%,1725/78%,32400/38%,553.0/98%<RED>,152.33333333333334/99%,234515/37%<RED>,12528/68%<RED>,4363/87%,,,,,,,,,,,,,,,,,,,,,,,,,,,,,
e585013,3.2.0,nvme1138.mtl.labs.mlnx, ,11/03/2025 16:53,,, ,3788,3584,2673/99%,5839/95%,134.0/99%<RED>,158.0/99%<RED>,387.4/98%<RED>,515461/89%,932004/79%,266410/85%,124944/97%,124250/88%,4221/96%,11/03/2025 17:03,,3686,1945,4440/97%,13039/92%,158.0/99%<RED>,170.0/99%<RED>,389.4/98%<RED>,409003/77%,2157274/76%,588331/82%,129859/91%,129455/89%,4414/94%,11/03/2025 17:14,,4710,1843,8856/93%,25718/89%,226.0/99%<RED>,230.0/99%<RED>,398.8/98%<RED>,646795/62%,4225917/60%,1128327/73%,258368/79%,258473/79%,8797/89%,11/03/2025 17:24,,2355,730,4965/92%,65275/77%,643.0/99%<RED>,497.0/99%<RED>,446.2/98%<RED>,186333/61%,9239392/31%,2513221/38%,29700/88%<RED>,88308/82%,14282/83%,2402/93%,64796/68%,539.0/99%,644.8/97%<RED>,21423/87%<RED>,505636/63%<RED>,5791/81%,2330/90%,60127/67%,943.0/99%<RED>,690.0/97%<RED>,453145/62%<RED>,17146/85%<RED>,4782/81%,,,,,,,,,,,,,,,,,,,,,,,,,,,,,
e585013,3.2.0,nvme1138.mtl.labs.mlnx, ,12/03/2025 15:52,,, ,3788,3686,2765/99%,5873/95%,135.0/99%<RED>,174.0/99%<RED>,391.2/98%<RED>,519078/89%,931167/77%,267976/85%,124194/97%,124102/88%,4221/96%,12/03/2025 16:02,,3686,2048,4436/97%,12970/93%,158.0/99%<RED>,165.0/99%<RED>,379.4/98%<RED>,421955/77%,2159821/76%,588522/82%,129725/91%,129314/89%,4418/94%,12/03/2025 16:12,,3788,1945,8874/93%,25794/89%,229.0/99%<RED>,225.0/99%<RED>,398.4/98%<RED>,642047/63%,4208643/59%,1121037/71%,259296/81%,258600/80%,8841/90%,12/03/2025 16:23,,2457,705,3440/93%,65625/75%,648.0/99%<RED>,479.0/99%<RED>,427.8/98%<RED>,175621/63%,9017757/31%,2563347/37%,28987/89%<RED>,77947/80%,14903/83%,1971/94%,64572/68%,531.0/99%,642.2/97%<RED>,20738/87%<RED>,505640/58%<RED>,5941/83%,2410/90%,59866/68%,916.0/99%<RED>,685.4/97%<RED>,453401/60%<RED>,16270/86%<RED>,5479/81%,,,,,,,,,,,,,,,,,,,,,,,,,,,,,
20cd9260,master,nvme1138.mtl.labs.mlnx, ,16/03/2025 19:33,,, ,1843,1536,4171/81%,6419/80%,56.0/89%,74.0/89%<RED>,359.2/89%<RED>,616751/73%,932608/70%,266540/77%,124013/74%,123755/76%,4217/80%,16/03/2025 19:44,,1843,1433,4360/80%,13068/80%,67.0/89%,93.0/89%<RED>,376.8/89%<RED>,469962/75%,2161420/67%,590266/78%,129562/72%,129524/77%,4395/81%,16/03/2025 19:54,,1740,1126,7201/80%,25960/80%,216.0/89%<RED>,235.0/89%<RED>,401.4/89%<RED>,441500/75%,4210882/59%,1123452/70%,245013/73%,258733/73%,8826/87%, , , , , , , , , , , , , , , , , , , , , , , , , , , , , ,16/03/2025 20:05,,835,128,3269/81%,43492/77%,669.0/89%,805.0/89%,447.6/89%,159614/75%,7882115/33%,2097507/46%,69464/71%,195592/74%,12352/78%,3040/83%,43754/75%,1533.0/89%,729.6/89%,27826/65%,325988/65%,6090/79%,2039/81%,43203/75%,2216.0/89%,707.2/89%,326010/64%,23200/63%,5448/80%
86cf413df,master,nvme1138.mtl.labs.mlnx, ,16/03/2025 22:27,,, ,3686,3788,2648/99%,5856/95%,118.0/99%<RED>,165.0/99%<RED>,385.4/98%<RED>,512706/89%,928611/77%,267370/85%,124698/97%,123947/88%,4239/95%,16/03/2025 22:37,,3686,2048,4424/96%,12847/94%,158.0/99%<RED>,169.0/99%<RED>,379.6/98%<RED>,430476/78%,2162985/76%,585556/83%,129615/91%,129468/89%,4420/94%,16/03/2025 22:48,,3993,1945,8864/93%,25807/89%,220.0/99%<RED>,222.0/99%<RED>,398.2/98%<RED>,645482/62%,4213104/59%,1126936/69%,258954/80%,257842/81%,8844/89%, , , , , , , , , , , , , , , , , , , , , , , , , , , , , ,16/03/2025 22:58,,2764,739,4928/91%,47392/78%,642.0/99%,748.0/99%,427.2/98%,152698/70%,8433863/36%,2106233/48%,26857/88%,86902/77%,11246/84%,2792/91%,45210/74%,812.0/99%,749.2/97%,16800/89%,347391/66%,6106/83%,2654/91%,45500/72%,869.0/99%,732.2/97%,338588/70%,17950/87%,6210/82%
a91a55e,master,nvme1138.mtl.labs.mlnx, ,17/03/2025 20:29, (KC),, ,3891,3891,2904/99%,6220/95%,106.0/99%<RED>,132.0/99%<RED>,354.6/98%<RED>,536399/88%,1080105/77%,294334/85%,129767/97%,129660/88%,4428/96%,17/03/2025 20:39, (KC),3686,2048,4433/97%,13006/93%,155.0/99%<RED>,164.0/99%<RED>,373.6/98%<RED>,470266/77%,2160946/77%,584581/80%,129513/91%,129274/90%,4409/94%,17/03/2025 20:49, (KC),4300,1945,8864/93%,25815/89%,218.0/99%<RED>,229.0/99%<RED>,399.6/98%<RED>,637997/61%,4218632/59%,1127906/67%,259108/80%,258118/79%,8845/89%, , , , , , , , , , , , , , , , , , , , , , , , , , , , , ,17/03/2025 20:59, (KC),2560,708,6752/89%,47737/79%,694.0/99%,807.0/99%,431.8/98%,179787/62%,8335530/34%,2054644/48%,37714/83%,172137/77%,12732/80%,4854/83%,45661/75%,835.0/99%,762.2/97%,32761/83%,347926/67%,7913/78%,4495/83%,45793/76%,898.0/99%,749.0/97%,340128/68%,32666/82%,8052/78%
6179327,master,nvme1138.mtl.labs.mlnx, ,01/04/2025 22:51, (UM),, ,1843,1433,4215/76%,6641/75%,45.0/84%,70.0/84%,317.8/84%<RED>,577432/63%,1083775/64%,296471/69%,130057/60%,129857/65%,4426/72%,01/04/2025 23:02, (UM),1740,1331,4374/75%,13171/75%,66.0/84%,90.0/84%<RED>,380.0/84%<RED>,274099/60%,2150472/61%,589607/64%,129595/65%,129505/68%,4421/77%,01/04/2025 23:13, (UM),1536,1126,7876/75%,26132/75%,223.0/84%<RED>,236.0/84%<RED>,399.6/84%<RED>,320758/61%,4251323/59%,1123131/63%,186332/60%,259493/67%,8850/84%, , , , , , , , , , , , , , , , , , , , , , , , , , , , , ,01/04/2025 23:24, (UM),873,126,3282/75%,43381/75%,675.0/84%,798.0/84%,473.0/84%,158200/64%,7783927/33%,2112390/44%,64926/62%,185764/68%,12227/77%,2912/77%,43750/72%,1557.0/84%,740.6/84%,26338/60%,330626/60%,5810/77%,1416/76%,43246/72%,2262.0/84%,711.4/84%,325188/58%,22010/59%,5750/77%
9c520bb,3.2.0,nvme1138.mtl.labs.mlnx, ,11/05/2025 18:16, (KC),, ,3993,3481,2651/99%,6224/95%,115.0/99%<RED>,131.0/99%<RED>,361.6/98%<RED>,531906/89%,1080253/77%,294809/85%,130078/97%,129864/88%,4438/96%,11/05/2025 18:26, (KC),3788,2048,4391/96%,12985/93%,154.0/99%<RED>,166.0/99%<RED>,364.2/98%<RED>,371671/79%,2154139/77%,586430/81%,129072/91%,128987/90%,4377/95%,11/05/2025 18:36, (KC),4608,1945,8726/93%,25717/89%,223.0/99%<RED>,232.0/99%<RED>,402.0/98%<RED>,646966/63%,4228491/60%,1130438/70%,257852/80%,256925/82%,8764/89%, , , , , , , , , , , , , , , , , , , , , , , , , , , , , ,11/05/2025 18:47, (KC),2355,696,5535/90%,47627/77%,682.0/99%,818.0/99%,441.4/98%,187918/60%,8451100/36%,2063522/43%,34720/84%,183926/77%,12638/79%,4522/84%,45578/76%,843.0/99%,762.2/97%,34529/84%,346116/70%,7360/81%,3880/85%,45472/76%,894.0/99%,751.6/97%,338324/70%,30076/83%,8140/80%
9c520bb,3.2.0,nvme1138.mtl.labs.mlnx, ,12/05/2025 16:36, (KC),, ,121,163,4085/95%,6298/84%,104.0/99%<RED>,212.0/99%<RED>,456.4/97%<RED>,681611/67%,1088117/67%,293668/80%,130240/90%,130084/77%,4436/88%,12/05/2025 16:56, (KC),107,124,1287/96%,10465/86%,824.0/99%<RED>,854.0/99%<RED>,540.6/97%<RED>,287173/72%,2133232/60%,587224/73%,128938/74%,128420/78%,4385/84%,12/05/2025 17:18, (KC),120,224,1164/96%<RED>,24960/77%,962.0/99%<RED>,990.0/99%<RED>,564.6/97%<RED>,320264/67%,2521701/55%,1133171/58%,155699/70%,257682/64%,2484/87%, , , , , , , , , , , , , , , , , , , , , , , , , , , , , ,12/05/2025 17:37, (KC),1433,324,7267/73%,47580/69%,2134.0/99%,2014.0/99%,901.8/97%,102128/65%,2270197/53%,787045/55%,51946/66%,142304/60%,11852/80%,2326/85%,31987/69%,2087.0/99%,1320.2/96%,35624/67%,276481/57%,7323/76%,1926/87%,30954/68%,2222.0/99%,1288.8/96%,262179/58%,31353/68%,6465/78%
df4a483,3.2.0,nvme1138.mtl.labs.mlnx, ,13/05/2025 16:43, (KC),, ,3891,3891,2878/99%,6189/95%,122.0/99%<RED>,142.0/99%<RED>,376.0/98%<RED>,527105/89%,1078487/78%,293353/85%,128299/97%,128190/88%,4366/96%,13/05/2025 16:53, (KC),3686,2048,4393/96%,12963/93%,160.0/99%<RED>,171.0/99%<RED>,382.4/98%<RED>,364156/78%,2160258/76%,588450/80%,128605/91%,128221/87%,4353/94%,13/05/2025 17:03, (KC),4505,1945,8817/93%,25973/89%,222.0/99%<RED>,231.0/99%<RED>,402.4/98%<RED>,637960/62%,4226980/59%,1129925/70%,258026/81%,257040/80%,8760/89%, , , , , , , , , , , , , , , , , , , , , , , , , , , , , ,13/05/2025 17:13, (KC),2560,687,6428/89%,47886/77%,677.0/99%,812.0/99%,438.6/98%,179136/61%,8385722/36%,2082885/48%,43541/83%,180255/77%,12654/79%,4726/84%,45745/73%,833.0/99%,766.4/97%,35731/83%,348645/67%,7053/79%,3695/86%,45521/75%,882.0/99%,758.4/97%,341297/70%,25625/84%,7264/80%
df4a483,3.2.0,nvme1138.mtl.labs.mlnx, ,14/05/2025 16:01, (KC),, ,3788,3481,2963/99%,5858/95%,54.0/99%,160.0/99%<RED>,408.8/98%<RED>,506925/89%,929860/78%,264999/85%,122907/97%,122399/88%,4183/96%,14/05/2025 16:11, (KC),3686,1945,4360/96%,12848/94%,157.0/99%<RED>,162.0/99%<RED>,384.8/98%<RED>,341853/80%,2143478/76%,585004/82%,128485/91%,128140/90%,4366/94%,14/05/2025 16:21, (KC),4710,1843,8807/93%,25906/89%,232.0/99%<RED>,234.0/99%<RED>,405.2/98%<RED>,642914/62%,4234694/59%,1127831/69%,258411/81%,256208/80%,8736/88%, , , , , , , , , , , , , , , , , , , , , , , , , , , , , ,14/05/2025 16:31, (KC),2560,705,5455/91%,48054/77%,685.0/99%,810.0/99%,442.0/98%,169479/63%,8450845/35%,2096512/47%,38692/84%,180993/77%,11951/80%,4849/83%,44987/75%,830.0/99%,767.6/97%,33064/83%,346933/68%,7669/80%,3798/85%,45252/75%,909.0/99%,750.8/97%,339334/68%,23914/85%,6829/79%
104fe1c,3.2.0,nvme1138.mtl.labs.mlnx, ,14/05/2025 17:51, (KC),, ,3788,3584,2812/99%,5927/95%,145.0/99%<RED>,130.0/99%<RED>,374.0/98%<RED>,526011/88%,929160/79%,265668/85%,123411/97%,122614/88%,4187/96%,14/05/2025 18:01, (KC),3686,1945,4360/96%,12947/93%,163.0/99%<RED>,171.0/99%<RED>,387.0/98%<RED>,390846/79%,2156367/77%,588743/80%,128030/91%,127807/90%,4375/94%,14/05/2025 18:11, (KC),4505,1843,8759/93%,25723/89%,230.0/99%<RED>,232.0/99%<RED>,404.6/98%<RED>,636683/64%,4221926/59%,1125692/70%,255967/81%,256159/78%,8716/89%, , , , , , , , , , , , , , , , , , , , , , , , , , , , , ,14/05/2025 18:21, (KC),2764,709,5605/90%,47406/76%,671.0/99%,816.0/99%,440.6/98%,179127/61%,8308868/35%,2060630/46%,39067/84%,179224/78%,12548/79%,4748/83%,45570/75%,839.0/99%,766.8/97%,29627/84%,345686/69%,7927/78%,3819/86%,45335/76%,904.0/99%,758.0/97%,339284/67%,29098/82%,6981/80%
f6e8a4e,3.2.0,nvme1138.mtl.labs.mlnx, ,15/05/2025 12:26, (KC),, ,3891,3379,3292/99%,6271/95%,125.0/99%<RED>,141.0/99%<RED>,367.4/98%<RED>,572304/89%,1079079/79%,294234/84%,128527/97%,128162/88%,4380/96%,15/05/2025 12:36, (KC),3686,1945,4383/97%,12972/93%,157.0/99%<RED>,167.0/99%<RED>,381.0/98%<RED>,373525/79%,2154650/75%,585773/84%,128076/91%,128248/89%,4382/94%,15/05/2025 12:46, (KC),4710,1843,8707/93%,25532/87%,228.0/99%<RED>,221.0/99%<RED>,400.2/98%<RED>,628167/62%,4216833/60%,1122429/67%,256567/81%,255917/78%,8712/89%, , , , , , , , , , , , , , , , , , , , , , , , , , , , , ,15/05/2025 12:56, (KC),2355,709,5905/90%,47496/76%,667.0/99%,805.0/99%,429.4/98%,177325/61%,8369668/35%,2073990/44%,38083/83%,181132/76%,12551/79%,4724/84%,45845/75%,841.0/99%,769.0/97%,36691/83%,347215/66%,7689/80%,3876/86%,45844/75%,903.0/99%,749.4/97%,339398/70%,22344/86%,7731/80%
449cf32,3.2.0,nvme1138.mtl.labs.mlnx, ,19/05/2025 13:13, (KC),, ,3788,3481,3044/99%,5959/95%,109.0/99%<RED>,134.0/99%<RED>,361.4/98%<RED>,523812/89%,930094/79%,266773/86%,124495/97%,123993/89%,4239/96%,19/05/2025 13:23, (KC),3686,2048,4413/96%,13044/93%,158.0/99%<RED>,168.0/99%<RED>,371.2/98%<RED>,412507/78%,2156965/78%,585765/82%,129144/91%,128684/89%,4378/94%,19/05/2025 13:33, (KC),3993,1945,8789/93%,25877/89%,229.0/99%<RED>,231.0/99%<RED>,394.0/98%<RED>,637520/61%,4224720/60%,1131827/69%,257723/80%,255909/82%,8734/89%, , , , , , , , , , , , , , , , , , , , , , , , , , , , , ,19/05/2025 13:43, (KC),2662,714,6160/89%,47316/76%,678.0/99%,816.0/99%,463.2/98%,178191/61%,8348361/35%,2098404/48%,37764/84%,183321/76%,12623/79%,4745/83%,45392/74%,833.0/99%,761.4/97%,35986/83%,349298/71%,7418/80%,3873/85%,45555/76%,889.0/99%,750.4/97%,338146/71%,32338/82%,7355/80%
b880db407,master,nvme1138.mtl.labs.mlnx, ,05/06/2025 22:28, (KC),, ,3788,2560,2816/99%,5934/94%,129.0/99%<RED>,164.0/99%<RED>,374.2/96%<RED>,524867/89%,931263/77%,265411/84%,124233/96%,124144/87%,4229/95%,05/06/2025 22:38, (KC),3686,1945,4386/96%,12944/92%,152.0/99%<RED>,164.0/99%<RED>,359.4/96%<RED>,409095/77%,2153456/76%,587440/82%,128422/91%,128529/89%,4393/93%,05/06/2025 22:48, (KC),4300,1843,8830/93%,26028/87%,232.0/99%<RED>,226.0/99%<RED>,404.0/96%<RED>,630909/62%,4217212/59%,1123110/68%,257939/81%,256677/78%,8765/88%, , , , , , , , , , , , , , , , , , , , , , , , , , , , , ,05/06/2025 22:59, (KC),2457,703,5461/90%,47968/76%,683.0/99%,807.0/99%,465.8/97%,163846/65%,8391372/34%,2086927/46%,44634/82%,168445/76%,12670/78%,4761/83%,45487/74%,866.0/99%,775.0/96%,29339/83%,344779/65%,7719/79%,3828/85%,45752/72%,913.0/99%,756.2/96%,339193/66%,25019/85%,7245/78%
b880db407,master,nvme1138.mtl.labs.mlnx, ,08/06/2025 13:24, (KC),, ,3788,2560,2915/99%,5961/94%,136.0/99%<RED>,155.0/99%<RED>,376.2/97%<RED>,527089/89%,937396/78%,268704/85%,124085/97%,143659/88%,4183/95%,08/06/2025 13:34, (KC),3686,1945,4377/97%,13003/93%,156.0/99%<RED>,170.0/99%<RED>,374.8/97%<RED>,395443/78%,2167730/73%,591317/81%,128793/91%,128478/88%,4382/93%,08/06/2025 13:44, (KC),4198,1843,8783/93%,25720/88%,201.0/99%<RED>,210.0/99%<RED>,394.4/97%<RED>,648291/62%,4219840/59%,1123927/70%,256480/80%,245772/80%,8763/88%, , , , , , , , , , , , , , , , , , , , , , , , , , , , , ,08/06/2025 13:55, (KC),2252,719,6100/90%,47978/78%,691.0/99%,808.0/99%,469.0/97%,181386/60%,8460562/34%,2087380/46%,35272/84%,174938/77%,12602/79%,4759/83%,45753/72%,850.0/99%,766.4/96%,34491/84%,347102/67%,6926/81%,4372/84%,45633/73%,902.0/99%,753.6/96%,339123/65%,27884/84%,6504/81%
8a8c5a0ab,3.2.0,nvme1138.mtl.labs.mlnx, ,08/06/2025 14:37, (KC),, ,3788,2662,3003/99%,5946/95%,138.0/99%<RED>,142.0/99%<RED>,394.0/98%<RED>,523973/88%,928306/78%,263090/85%,124014/96%,123243/88%,4208/96%,08/06/2025 14:47, (KC),3686,1945,4416/96%,12946/94%,160.0/99%<RED>,167.0/99%<RED>,383.2/98%<RED>,410666/78%,2155824/76%,587743/81%,129211/91%,128428/90%,4396/94%,08/06/2025 14:57, (KC),4300,1843,8789/93%,25731/88%,216.0/99%<RED>,231.0/99%<RED>,399.2/98%<RED>,643052/62%,4213438/60%,1120503/69%,256502/81%,256637/81%,8721/89%, , , , , , , , , , , , , , , , , , , , , , , , , , , , , ,08/06/2025 15:07, (KC),2355,664,5504/91%,47874/78%,685.0/99%,810.0/99%,458.4/98%,179710/61%,8415388/35%,2068713/46%,34832/85%,177669/77%,12551/79%,4730/84%,46023/74%,847.0/99%,775.8/97%,29396/84%,348875/66%,7130/80%,3770/86%,45740/75%,912.0/99%,756.6/97%,340833/68%,34033/82%,7424/80%
b880db407,master,nvme1138.mtl.labs.mlnx, ,08/06/2025 17:05, (KC),, ,3686,2662,2672/99%,5840/94%,72.0/99%<RED>,156.0/99%<RED>,398.8/97%<RED>,519597/89%,935092/78%,265895/84%,123867/97%,123179/87%,4196/95%,08/06/2025 17:15, (KC),3788,1945,4379/96%,12973/93%,160.0/99%<RED>,171.0/99%<RED>,383.2/97%<RED>,367537/79%,2154687/77%,586142/79%,128341/91%,128137/89%,4379/93%,08/06/2025 17:25, (KC),4505,1843,8729/93%,25759/88%,199.0/99%<RED>,205.0/99%<RED>,406.0/97%<RED>,628258/61%,4215183/59%,1122707/68%,255969/80%,255122/78%,8745/87%, , , , , , , , , , , , , , , , , , , , , , , , , , , , , ,08/06/2025 17:35, (KC),2457,686,5971/90%,47910/77%,698.0/99%,808.0/99%,474.6/97%,178642/61%,8271689/35%,2090113/48%,37146/83%,177770/76%,12582/79%,4812/83%,45436/74%,852.0/99%,776.2/96%,32758/83%,346664/67%,6991/81%,3858/85%,45880/73%,897.0/99%,762.4/96%,341835/66%,31182/82%,7900/80%
caddb64c5,master,nvme1138.mtl.labs.mlnx, ,11/06/2025 10:18, (KC),, ,3788,2662,3084/99%,5920/94%,137.0/99%<RED>,163.0/99%<RED>,377.2/96%<RED>,536463/88%,929622/77%,265298/84%,124443/96%,123168/87%,4181/94%,11/06/2025 10:28, (KC),3686,1945,4380/97%,12966/92%,156.0/99%<RED>,163.0/99%<RED>,376.4/95%<RED>,422680/77%,2160209/73%,583407/78%,128242/92%,128165/88%,4378/93%,11/06/2025 10:38, (KC),4608,1945,8742/93%,25816/88%,222.0/99%<RED>,226.0/99%<RED>,400.6/97%<RED>,626901/63%,4216182/60%,1122153/68%,256575/81%,255846/79%,8722/87%, , , , , , , , , , , , , , , , , , , , , , , , , , , , , ,11/06/2025 10:48, (KC),2457,702,5455/91%,47329/77%,678.0/99%,814.0/99%,447.0/97%,180352/62%,8400782/36%,2101169/44%,34457/84%,176937/76%,12560/79%,4750/83%,45589/74%,852.0/99%,766.6/96%,35880/84%,345413/68%,7072/80%,3736/86%,45612/72%,902.0/99%,751.6/96%,341024/67%,23921/85%,7854/80%
8ad99c42d,3.3.0,nvme1138.mtl.labs.mlnx, ,12/06/2025 19:53, (KC),, ,3686,2560,2810/99%,5928/93%,143.0/99%<RED>,175.0/99%<RED>,386.8/96%<RED>,525328/89%,928454/75%,264836/83%,123463/96%,122577/86%,4170/94%,12/06/2025 20:03, (KC),3686,1945,4367/96%,12916/92%,161.0/99%<RED>,172.0/99%<RED>,373.4/96%<RED>,377189/80%,2153612/74%,584864/81%,128205/91%,128107/88%,4394/93%,12/06/2025 20:14, (KC),4300,1945,8787/93%,25840/87%,229.0/99%<RED>,235.0/99%<RED>,402.2/96%<RED>,626045/63%,4222151/57%,1126155/67%,257084/80%,255211/79%,8710/87%, , , , , , , , , , , , , , , , , , , , , , , , , , , , , ,12/06/2025 20:24, (KC),2252,683,5337/90%,47979/76%,705.0/99%,826.0/99%,473.0/97%,180995/61%,8308550/33%,2077331/46%,43051/82%,167946/76%,12581/79%,4673/84%,45414/74%,848.0/99%,768.2/96%,32424/84%,345401/65%,7314/78%,3777/85%,45488/74%,908.0/99%,749.4/96%,336664/67%,33943/81%,6835/79%
a1d9e50,3.3.0,nvme1138.mtl.labs.mlnx, ,25/06/2025 21:34, (KC),, ,3788,2662,2816/99%,5958/93%,148.0/99%<RED>,168.0/99%<RED>,395.6/96%<RED>,526602/89%,931208/76%,265913/84%,109415/97%,109493/87%,3719/95%,25/06/2025 21:45, (KC),3686,1945,4334/97%,13013/93%,156.0/99%<RED>,166.0/99%<RED>,380.6/96%<RED>,409920/78%,2162857/75%,586615/78%,124006/92%,124004/88%,4209/93%,25/06/2025 21:55, (KC),4608,1945,8779/93%,25352/88%,196.0/99%<RED>,204.0/99%<RED>,392.6/96%<RED>,629234/63%,4224861/58%,1125132/70%,247222/81%,246854/77%,8428/89%, , , , , , , , , , , , , , , , , , , , , , , , , , , , , ,25/06/2025 22:05, (KC),2560,712,5982/90%,47744/77%,670.0/99%,771.0/99%,463.4/97%,174339/60%,8405096/34%,2102308/44%,45003/82%,179693/77%,12664/79%,4833/83%,45687/74%,810.0/99%,765.0/96%,33849/82%,347517/69%,7722/79%,3801/85%,45443/75%,877.0/99%,747.4/96%,339523/66%,26273/83%,6172/80%
6e13ce8,3.3.0,nvme1138.mtl.labs.mlnx, ,26/06/2025 18:35, (KC),, ,3788,2662,2711/99%,5932/94%,149.0/99%<RED>,169.0/99%<RED>,372.8/97%<RED>,524214/89%,930408/71%,266628/84%,124795/97%,123991/88%,4235/95%,26/06/2025 18:45, (KC),3686,1945,4442/97%,13011/93%,156.0/99%<RED>,160.0/99%<RED>,383.4/97%<RED>,436475/79%,2166290/74%,591928/82%,129896/91%,129990/89%,4423/94%,26/06/2025 18:56, (KC),4198,1945,8824/93%,25719/87%,230.0/99%<RED>,230.0/99%<RED>,406.8/97%<RED>,637762/62%,4216591/56%,1127964/68%,258878/81%,258758/79%,8849/88%, , , , , , , , , , , , , , , , , , , , , , , , , , , , , ,26/06/2025 19:06, (KC),2457,708,6418/89%,47814/77%,686.0/99%,803.0/99%,471.8/97%,181973/59%,8319215/34%,2061752/45%,36033/84%,183995/76%,12641/80%,4823/83%,45620/73%,842.0/99%,771.4/97%,30105/83%,345431/68%,6013/80%,3791/85%,45306/73%,881.0/99%,757.0/96%,336581/61%,27756/84%,6919/80%
6e13ce8,3.3.0,nvme1138.mtl.labs.mlnx, ,27/06/2025 11:30, (KC),, ,3788,3072,2666/99%,5944/94%,122.0/99%<RED>,127.0/99%<RED>,371.0/96%<RED>,535999/89%,930312/73%,265357/84%,124677/96%,124048/87%,4223/94%,27/06/2025 11:40, (KC),3686,1945,4433/97%,12913/93%,157.0/99%<RED>,167.0/99%<RED>,370.8/97%<RED>,405936/78%,2165408/74%,586865/77%,129824/92%,143300/86%,4427/93%,27/06/2025 11:50, (KC),4096,1843,8869/93%,25425/88%,194.0/99%<RED>,204.0/99%<RED>,391.8/96%<RED>,644013/62%,4203538/59%,1122785/68%,258767/80%,258218/78%,8831/88%, , , , , , , , , , , , , , , , , , , , , , , , , , , , , ,27/06/2025 12:01, (KC),2252,750,5834/90%,47823/77%,660.0/99%,773.0/99%,461.6/97%,179357/60%,8182578/34%,1782092/50%,38831/84%,181226/76%,12685/79%,4715/84%,45861/73%,826.0/99%,762.2/96%,33520/84%,348063/67%,7215/79%,4285/84%,45766/74%,910.0/99%,751.2/96%,339184/67%,25339/84%,6953/80%
fb6fc65,3.2.0,nvme1138.mtl.labs.mlnx, ,29/06/2025 18:35, (KC),, ,153,191,4117/95%,6285/85%,100.0/99%<RED>,190.0/99%<RED>,480.4/97%<RED>,700464/69%,1084803/68%,295089/79%,130089/90%,129805/77%,4426/88%,29/06/2025 18:53, (KC),87.1,125,1214/96%,9079/87%,796.0/99%<RED>,850.0/99%<RED>,556.2/97%<RED>,310670/70%,2123148/60%,587674/74%,130060/75%,129528/78%,4423/83%,29/06/2025 19:16, (KC),120,159,1178/96%<RED>,25456/78%,944.0/99%<RED>,978.0/99%<RED>,554.2/97%<RED>,329989/68%,2557119/55%,1125771/57%,169011/68%,258729/65%,2608/87%, , , , , , , , , , , , , , , , , , , , , , , , , , , , , ,29/06/2025 19:36, (KC),1433,321,7162/74%,47748/69%,2141.0/99%,2011.0/99%,908.6/98%,97387/66%,2343118/54%,822054/56%,49981/67%,149634/59%,12285/79%,2240/85%,32898/68%,2072.0/99%,1293.6/96%,33911/68%,281178/55%,7367/77%,1875/87%,31854/68%,2190.0/99%,1278.6/96%,259933/54%,29794/69%,6560/79%
6e13ce8,3.3.0,nvme1138.mtl.labs.mlnx, ,30/06/2025 9:33, (KC),, ,132,159,4344/95%,6349/84%,96.0/99%<RED>,188.0/99%<RED>,491.4/95%<RED>,668449/69%,1085894/64%,294836/78%,130024/90%,129731/75%,4390/86%,30/06/2025 9:53, (KC),94.1,130,1332/96%,9413/85%,832.0/99%<RED>,862.0/99%<RED>,551.2/96%<RED>,302181/71%,2136620/57%,588985/72%,128620/75%,123813/76%,3750/82%,30/06/2025 10:15, (KC),134,192,1140/96%<RED>,25983/77%,964.0/99%<RED>,990.0/99%<RED>,554.8/96%<RED>,316153/67%<RED>,2445381/53%,1124145/58%,159992/70%,257748/62%,2789/85%, , , , , , , , , , , , , , , , , , , , , , , , , , , , , ,30/06/2025 10:34, (KC),1433,319,7180/74%,47713/68%,2134.0/99%,2029.0/99%,899.2/96%,96011/66%,2253293/53%,782994/54%,49585/67%,140323/59%,12096/79%,2277/85%,31720/68%,2096.0/99%,1304.0/95%,34247/68%,266313/55%,7445/76%,1903/87%,30829/68%,2220.0/99%,1286.8/94%,248297/55%,30103/69%,6550/77%
38ee72d3c,3.3.0,nvme1138.mtl.labs.mlnx, ,01/07/2025 0:13, (KC),, ,151,207,3922/96%,6362/85%,91.0/99%<RED>,183.0/99%<RED>,479.0/97%<RED>,653991/71%,1085073/69%,293921/79%,122875/91%,122647/77%,4181/88%,01/07/2025 0:30, (KC),100,90.6,1228/96%,9083/86%,799.0/99%<RED>,860.0/99%<RED>,552.8/97%<RED>,282315/72%,2130192/59%,586834/74%,129757/73%,129572/78%,4410/85%,01/07/2025 0:55, (KC),106,106,1226/96%<RED>,24862/78%,975.0/99%<RED>,999.0/99%<RED>,569.4/97%<RED>,316457/68%<RED>,2503279/54%,1125135/57%,154532/71%,258971/64%,2576/87%, , , , , , , , , , , , , , , , , , , , , , , , , , , , , ,01/07/2025 1:18, (KC),1433,316,7183/73%,47533/68%,2137.0/99%,2045.0/99%,911.0/97%,102654/64%,2238910/54%,773032/56%,51197/65%,137512/60%,11827/79%,2213/85%,31575/68%,2113.0/99%,1302.0/96%,35096/68%,274136/56%,7213/76%,1868/87%,30475/68%,2222.0/99%,1302.0/96%,257689/56%,30482/67%,6214/78%
fe763f4,3.3.0,nvme1138.mtl.labs.mlnx, ,07/07/2025 11:31, (KC),, ,137,172,3939/96%,6377/85%,92.0/99%<RED>,246.0/99%<RED>,487.0/97%<RED>,667017/69%,1083926/66%,293653/78%,129268/90%,128990/76%,4412/87%,07/07/2025 11:50, (KC),100,106,4077/91%,10082/87%,754.0/99%<RED>,901.0/99%<RED>,567.8/97%<RED>,299872/70%,2132997/58%,585127/74%,128434/74%,127856/78%,4358/83%,07/07/2025 12:14, (KC),121,201,1193/96%<RED>,23526/78%,948.0/99%<RED>,1026.0/99%<RED>,560.0/97%<RED>,316540/68%<RED>,2436247/55%,1123503/58%,152952/70%,255249/64%,2638/87%, , , , , , , , , , , , , , , , , , , , , , , , , , , , , ,07/07/2025 12:33, (KC),1331,314,6922/74%,47597/68%,2170.0/99%,2075.0/99%,897.8/97%,92240/66%,2230927/53%,775210/56%,48595/67%,133886/60%,11873/79%,2165/86%,31217/68%,2124.0/99%,1316.4/96%,33144/68%,267861/54%,7089/77%,1773/87%,30263/68%,2226.0/99%,1297.8/96%,250445/54%,29389/69%,6136/78%
fe763f4,3.3.0,nvme1138.mtl.labs.mlnx, ,07/07/2025 14:33, (KC),, ,145,171,4180/95%,6286/84%,98.0/99%<RED>,246.0/99%<RED>,516.6/97%<RED>,661163/69%,1084178/67%,294071/78%,128762/91%,129702/76%,4406/88%,07/07/2025 14:52, (KC),104,96,1125/96%,9948/85%,831.0/99%<RED>,873.0/99%<RED>,556.2/97%<RED>,291553/71%,2134508/59%,587738/73%,128029/74%,127804/78%,4292/83%,07/07/2025 15:16, (KC),130,144,1241/96%<RED>,25181/78%,916.0/99%<RED>,928.0/99%<RED>,582.8/97%<RED>,321808/68%,2406432/55%,1122210/59%,159226/70%,254358/64%,3000/86%, , , , , , , , , , , , , , , , , , , , , , , , , , , , , ,07/07/2025 15:36, (KC),1433,315,7181/73%,47530/70%,2162.0/99%,2039.0/99%,914.0/97%,98586/65%,2242732/53%,771393/57%,50206/66%,140454/59%,11943/79%,2247/85%,30955/69%,2115.0/99%,1304.4/96%,34488/67%,274686/56%,7303/77%,1888/87%,29915/68%,2241.0/99%,1293.6/96%,258327/56%,30222/68%,6445/77%
34e113c,3.3.0,nvme1138.mtl.labs.mlnx, ,07/07/2025 16:35, (KC),, ,144,158,4380/95%,6372/86%,85.0/99%<RED>,144.0/99%<RED>,484.8/97%<RED>,666458/67%,1086340/68%,295351/79%,129623/90%,129951/76%,4417/87%,07/07/2025 16:54, (KC),114,117,1188/96%,10083/86%,829.0/99%<RED>,894.0/99%<RED>,586.0/97%<RED>,284322/71%,2132988/58%,588173/74%,128542/74%,128202/78%,4384/83%,07/07/2025 17:17, (KC),105,113,1259/96%<RED>,25129/78%,968.0/99%<RED>,1015.0/99%<RED>,583.0/97%<RED>,291687/68%<RED>,2369610/55%,1121038/59%,155903/71%,255609/64%,2791/86%, , , , , , , , , , , , , , , , , , , , , , , , , , , , , ,07/07/2025 17:39, (KC),1433,317,7207/73%,47702/69%,2160.0/99%,2061.0/99%,906.0/97%,95702/65%,2211877/53%,756804/55%,50279/66%,134497/60%,11836/80%,2287/85%,30391/68%,2134.0/99%,1330.4/96%,34515/67%,268865/58%,7129/77%,1892/87%,29820/68%,2242.0/99%,1313.8/96%,251890/58%,30139/68%,6319/78%
6c74aa8,3.3.2,nvme1138.mtl.labs.mlnx, ,28/09/2025 18:30, (KC),, ,139,180,4159/95%,6250/84%,106.0/99%<RED>,259.0/99%<RED>,490.2/96%<RED>,664860/71%,1085057/65%,295194/76%,129943/89%,129749/74%,4418/87%,28/09/2025 18:49, (KC),92,132,1177/96%,9248/86%,837.0/99%<RED>,839.0/99%<RED>,572.2/97%<RED>,287565/72%,2121720/59%,587258/71%,129773/74%,129200/76%,4422/86%,28/09/2025 19:11, (KC),120,195,1145/96%<RED>,24194/77%,957.0/99%<RED>,1001.0/99%<RED>,581.8/97%<RED>,245385/71%<RED>,2173044/55%,1127537/56%,133568/71%,256875/60%,2495/86%, , , , , , , , , , , , , , , , , , , , , , , , , , , , , ,28/09/2025 19:31, (KC),1331,313,6450/73%,46784/67%,2160.0/99%,2071.0/99%,910.4/97%,79992/67%,1505475/55%,639688/57%,45131/67%,112571/62%,11586/78%,2109/85%,28788/68%,2132.0/99%,1331.6/96%,30927/68%,255149/57%,6746/76%,1747/87%,28060/68%,2259.0/99%,1295.4/95%,237129/57%,27509/69%,6144/77%
6c74aa8,3.3.2,nvme1138.mtl.labs.mlnx, ,29/09/2025 19:48, (KC),, ,129,195,4262/95%,6296/85%,80.0/99%<RED>,202.0/99%<RED>,482.8/96%<RED>,682017/67%,1087421/64%,294975/78%,129619/90%,129680/75%,4409/87%,29/09/2025 20:07, (KC),106,140,1133/96%,10071/86%,847.0/99%<RED>,890.0/99%<RED>,564.6/97%<RED>,265733/73%,2126079/59%,586638/71%,129415/73%,129211/74%,3650/84%,29/09/2025 20:29, (KC),120,121,1159/96%<RED>,23808/77%,953.0/99%<RED>,1000.0/99%<RED>,565.6/97%<RED>,277012/69%<RED>,2244077/54%,1119527/56%,142175/70%,257312/60%,2742/85%, , , , , , , , , , , , , , , , , , , , , , , , , , , , , ,29/09/2025 20:50, (KC),1433,315,6516/73%,47224/69%,2172.0/99%,2068.0/99%,910.8/97%,76650/67%,1497471/56%,624268/58%,44953/67%,114636/62%,11804/78%,2141/84%,29153/69%,2126.0/99%,1333.0/96%,31138/68%,256741/59%,6871/77%,1799/86%,28329/69%,2259.0/99%,1303.0/95%,240675/59%,28158/68%,6169/78%
12e8afb4c,3.3.1,nvme1138.mtl.labs.mlnx, ,30/09/2025 10:00, (KC),, ,206,169,4317/95%,6331/86%,86.0/99%<RED>,187.0/99%<RED>,519.6/96%<RED>,668914/67%,1086510/67%,296361/78%,129654/90%,129656/76%,4411/88%,30/09/2025 10:17, (KC),88.1,129,1203/96%,8788/87%,842.0/99%<RED>,884.0/99%<RED>,562.0/97%<RED>,288478/71%,2121139/60%,588867/73%,129541/73%,129364/76%,4413/85%,30/09/2025 10:41, (KC),116,179,1116/96%<RED>,24578/78%,958.0/99%<RED>,1014.0/99%<RED>,569.0/97%<RED>,284517/70%<RED>,2186488/54%,1132539/57%,147668/69%,253819/61%,2707/85%, , , , , , , , , , , , , , , , , , , , , , , , , , , , , ,30/09/2025 11:00, (KC),1331,315,6479/73%,46792/69%,2168.0/99%,2069.0/99%,904.4/97%,80595/66%,1434055/56%,623156/57%,45394/66%,111865/61%,11455/78%,2105/85%,28739/69%,2132.0/99%,1320.6/96%,31039/68%,253902/60%,6738/76%,1736/87%,27673/68%,2256.0/99%,1310.8/96%,238386/59%,27560/68%,5875/77%
d10be6c4a,3.3.0,nvme1138.mtl.labs.mlnx, ,30/09/2025 12:01, (KC),, ,118,150,4221/95%,6370/86%,87.0/99%<RED>,211.0/99%<RED>,485.0/96%<RED>,696818/66%,1088432/66%,296560/79%,129760/89%,129771/76%,4400/87%,30/09/2025 12:21, (KC),89.8,117,1271/96%,9019/86%,820.0/99%<RED>,895.0/99%<RED>,564.2/97%<RED>,283261/71%,2130991/59%,591336/70%,129753/73%,129594/75%,4402/84%,30/09/2025 12:45, (KC),114,179,1179/96%<RED>,23947/78%,965.0/99%<RED>,990.0/99%<RED>,557.4/97%<RED>,261326/70%<RED>,2158559/55%,1126371/56%,136337/71%,257436/61%,2682/86%, , , , , , , , , , , , , , , , , , , , , , , , , , , , , ,30/09/2025 13:05, (KC),1331,315,6528/73%,46709/68%,2179.0/99%,2082.0/99%,906.6/97%,75765/67%,1554526/54%,639216/55%,44090/67%,115994/60%,11014/79%,2104/85%,28826/68%,2145.0/99%,1321.0/96%,30609/68%,251658/58%,6431/77%,1768/86%,28036/68%,2264.0/99%,1326.8/96%,237845/58%,27120/68%,5816/78%
6c74aa8,3.3.2,nvme1138.mtl.labs.mlnx, ,30/09/2025 14:00, (KC),, ,3686,2867,3166/99%,5990/95%,128.0/99%<RED>,145.0/99%<RED>,376.8/98%<RED>,534871/89%,928713/78%,264448/85%,123939/97%,122889/88%,4182/96%,30/09/2025 14:10, (KC),3686,1945,4433/97%,12861/93%,153.0/99%<RED>,161.0/99%<RED>,384.2/98%<RED>,417847/79%,2162951/76%,589535/82%,129657/91%,128261/89%,4379/94%,30/09/2025 14:21, (KC),4505,1843,8818/93%,25697/89%,227.0/99%<RED>,229.0/99%<RED>,391.0/98%<RED>,636058/63%,4226305/60%,1129050/70%,257959/80%,257706/77%,8781/90%, , , , , , , , , , , , , , , , , , , , , , , , , , , , , ,30/09/2025 14:31, (KC),2457,712,5527/90%,47778/77%,692.0/99%,811.0/99%,447.4/98%,175490/61%,8345733/34%,2097259/47%,41266/83%,182865/77%,12702/79%,4750/83%,45714/71%,844.0/99%,771.0/97%,28751/84%,346997/68%,6657/80%,3958/85%,45492/72%,920.0/99%,748.6/97%,340270/65%,23012/85%,7101/79%
d10be6c4a,3.3.0,nvme1138.mtl.labs.mlnx, ,30/09/2025 16:31, (KC),, ,3686,2662,3152/99%,5977/95%,157.0/99%<RED>,161.0/99%<RED>,396.0/98%<RED>,508409/89%,928926/77%,266005/84%,123203/97%,137609/88%,4189/96%,30/09/2025 16:41, (KC),3686,1945,4403/97%,12959/93%,165.0/99%<RED>,172.0/99%<RED>,378.8/98%<RED>,406065/78%,2161704/74%,585059/79%,128375/91%,128234/90%,4370/94%,30/09/2025 16:52, (KC),4710,1843,8820/93%,25939/88%,225.0/99%<RED>,228.0/99%<RED>,402.8/98%<RED>,620348/62%,4223400/59%,1128410/68%,258346/80%,255728/79%,8721/86%, , , , , , , , , , , , , , , , , , , , , , , , , , , , , ,30/09/2025 17:02, (KC),2662,710,6689/89%,47821/77%,700.0/99%,824.0/99%,439.0/98%,180343/60%,8148437/35%,1826437/51%,41787/82%,176509/76%,12567/79%,4742/83%,45624/74%,865.0/99%,772.4/97%,34026/83%,345550/64%,7000/79%,3714/86%,45395/73%,910.0/99%,751.8/97%,339127/68%,28960/83%,7175/78%
6c74aa8,3.3.2,nvme1138.mtl.labs.mlnx, ,05/10/2025 14:11, (KC),, ,3686,3276,2941/99%,5948/95%,141.0/99%<RED>,151.0/99%<RED>,391.6/98%<RED>,529955/89%,939391/78%,268156/85%,122861/97%,122809/88%,4177/96%,05/10/2025 14:21, (KC),3686,1945,4388/96%,13116/93%,163.0/99%<RED>,170.0/99%<RED>,374.0/98%<RED>,425155/78%,2162946/75%,587032/79%,128429/91%,128196/89%,4372/94%,05/10/2025 14:32, (KC),4710,1945,8767/93%,25742/88%,202.0/99%<RED>,205.0/99%<RED>,392.2/98%<RED>,627305/62%,4219998/59%,1126081/70%,256142/80%,255943/79%,8726/89%, , , , , , , , , , , , , , , , , , , , , , , , , , , , , ,05/10/2025 14:42, (KC),2457,698,6785/88%,47684/77%,677.0/99%,822.0/99%,436.2/98%,168550/63%,8299804/36%,2090077/47%,33773/84%,179568/77%,12556/79%,4670/84%,45803/73%,835.0/99%,766.2/97%,30219/84%,348812/67%,7461/79%,3969/84%,45772/74%,899.0/99%,753.6/97%,340613/68%,22431/85%,7700/79%
6c74aa8,3.3.2,nvme1138.mtl.labs.mlnx, ,05/10/2025 15:28, (KC),, ,3788,3891,2684/99%,6004/95%,77.0/99%<RED>,162.0/99%<RED>,394.4/98%<RED>,512267/89%,930024/79%,266356/85%,124317/97%,123468/89%,4208/96%,05/10/2025 15:38, (KC),3481,2048,4389/97%,12910/93%,156.0/99%<RED>,167.0/99%<RED>,367.4/98%<RED>,416739/77%,2161321/75%,587981/84%,128809/91%,128611/90%,4377/94%,05/10/2025 15:49, (KC),3788,1945,8805/93%,25675/89%,201.0/99%<RED>,210.0/99%<RED>,395.6/98%<RED>,630707/62%,4208914/58%,1125989/68%,257181/81%,256833/79%,8736/89%, , , , , , , , , , , , , , , , , , , , , , , , , , , , , ,05/10/2025 15:59, (KC),2560,668,5609/91%,47986/78%,675.0/99%,787.0/99%,433.4/98%,177201/61%,8350505/34%,2097435/44%,33604/84%,176517/76%,12630/80%,4780/84%,45767/73%,847.0/99%,764.6/97%,30887/84%,349092/67%,7047/80%,3799/85%,45527/74%,910.0/99%,746.0/97%,339867/67%,28351/83%,7108/79%
d10be6c,3.3.0,nvme1138.mtl.labs.mlnx, ,05/10/2025 18:02, (KC),, ,3686,2969,2899/99%,5945/95%,158.0/99%<RED>,160.0/99%<RED>,386.0/98%<RED>,519545/89%,930964/77%,266293/85%,123364/97%,123349/88%,4212/95%,05/10/2025 18:13, (KC),3686,2048,4388/97%,12981/94%,159.0/99%<RED>,166.0/99%<RED>,374.6/98%<RED>,407804/78%,2161837/74%,585579/80%,128495/91%,128243/90%,4378/94%,05/10/2025 18:23, (KC),4710,1945,8778/93%,25729/89%,223.0/99%<RED>,222.0/99%<RED>,399.2/98%<RED>,622621/62%,4208891/59%,1134320/70%,257222/80%,257500/79%,8758/89%, , , , , , , , , , , , , , , , , , , , , , , , , , , , , ,05/10/2025 18:33, (KC),2355,670,5451/91%,47754/77%,703.0/99%,812.0/99%,436.4/98%,163753/67%,8388605/34%,1611117/51%,39457/83%,182361/77%,12647/80%,4815/83%,45616/74%,880.0/99%,769.6/97%,33083/83%,348364/65%,7223/80%,3853/85%,45647/74%,893.0/99%,761.0/97%,341333/67%,29741/83%,7425/80%
d95fb94,3.3.2,nvme1138.mtl.labs.mlnx, ,26/10/2025 15:33, (KC),, ,3788,2560,2890/99%,5962/94%,151.0/99%<RED>,168.0/99%<RED>,398.0/98%<RED>,551041/88%,932089/77%,264848/85%,124463/96%,123505/88%,4219/96%,26/10/2025 15:43, (KC),3379,1945,4391/96%,12997/93%,159.0/99%<RED>,163.0/99%<RED>,383.6/98%<RED>,354933/79%,2149080/77%,586588/82%,129488/91%,128860/89%,4387/94%,26/10/2025 15:53, (KC),3788,1843,8810/93%,25711/88%,201.0/99%<RED>,202.0/99%<RED>,397.0/98%<RED>,632306/62%,4240970/57%,1123229/73%,258406/81%,257667/80%,8810/89%, , , , , , , , , , , , , , , , , , , , , , , , , , , , , ,26/10/2025 16:03, (KC),2560,687,5432/90%,48063/77%,689.0/99%,832.0/99%,445.0/98%,178093/61%,8344512/36%,2096588/43%,39142/83%,170486/77%,12627/79%,4758/84%,45477/74%,858.0/99%,771.4/97%,37885/83%,346803/63%,7097/80%,3728/86%,45725/73%,923.0/99%,755.8/97%,339935/65%,25039/84%,7810/78%
0ef0334,master,nvme1138.mtl.labs.mlnx, ,12/11/2025 18:13, (UM),, ,2969,2150,4162/82%,6365/80%,47.0/89%,51.0/89%,320.8/89%<RED>,688609/65%,936758/64%,266226/65%,123588/66%,122807/67%,4196/83%,12/11/2025 18:23, (UM),1228,1228,4381/81%,12955/83%,55.0/89%,66.0/89%,339.4/89%<RED>,457077/65%,2164003/64%,585286/65%,128411/66%,128716/67%,4395/89%,12/11/2025 18:34, (UM),1228,1228,8764/81%,25514/80%,223.0/89%<RED>,221.0/89%<RED>,361.0/89%<RED>,409240/64%,4216057/63%,1125137/67%,253445/65%,256088/66%,8756/89%, , , , , , , , , , , , , , , , , , , , , , , , , , , , , ,12/11/2025 18:45, (UM),668,606,4687/83%,47674/81%,732.0/89%,903.0/89%,421.8/89%,161500/64%,5416622/60%,1838264/61%,71866/64%,188041/66%,12509/82%,4335/85%,45514/73%,939.0/89%,727.2/89%,34148/63%,347972/63%,10269/83%,4213/85%,45580/70%,1044.0/89%,699.4/89%,339829/64%,31945/66%,10421/82%
0ef0334,master,nvme1138.mtl.labs.mlnx, ,12/11/2025 19:59, (UM),, ,2969,2150,4182/81%,6365/80%,40.0/89%,53.0/89%,339.8/89%<RED>,682945/65%,936976/66%,265319/66%,124382/65%,123649/66%,4222/83%,12/11/2025 20:10, (UM),938,871,4405/81%,13024/80%,54.0/89%,62.0/89%,326.8/89%<RED>,504052/68%,2162687/65%,588048/68%,128572/65%,128737/68%,4377/84%,12/11/2025 20:21, (UM),1638,1331,8768/82%,25845/82%,236.0/89%<RED>,229.0/89%<RED>,367.4/89%<RED>,420180/64%,4225361/65%,1123331/65%,253709/64%,254737/67%,8748/89%, , , , , , , , , , , , , , , , , , , , , , , , , , , , , ,12/11/2025 20:32, (UM),666,438,4857/83%,47752/79%,724.0/89%,917.0/89%,436.4/89%,163407/66%,5451794/54%,1873118/57%,71307/63%,167269/67%,12472/81%,4431/85%,45298/79%,935.0/89%,722.8/89%,34357/65%,346769/67%,10218/79%,4328/87%,45589/75%,1028.0/89%,695.2/89%,338191/65%,31816/63%,10373/78%
0ef0334,master,nvme1138.mtl.labs.mlnx, ,12/11/2025 21:06, (UM),, ,2969,2560,4212/82%,6428/81%,47.0/89%,50.0/89%,318.4/89%<RED>,689703/65%,936620/65%,265079/66%,124818/65%,123580/66%,4223/80%,12/11/2025 21:17, (UM),1536,1433,4377/82%,13014/81%,56.0/89%,63.0/89%,340.0/89%<RED>,506829/66%,2157604/67%,585267/67%,127244/71%,128080/73%,4358/84%,12/11/2025 21:27, (UM),1536,1024,8764/80%,25945/81%,233.0/89%<RED>,206.0/89%<RED>,360.8/89%<RED>,434371/65%,4223515/65%,1123255/66%,255846/72%,255529/67%,8726/89%, , , , , , , , , , , , , , , , , , , , , , , , , , , , , ,12/11/2025 21:38, (UM),671,431,4918/83%,47649/78%,726.0/89%,886.0/89%,437.4/89%,165211/66%,5591536/56%,1846408/60%,74247/72%,187229/73%,12554/81%,4353/85%,45495/74%,933.0/89%,721.8/89%,34532/65%,346896/67%,10195/80%,4292/85%,45659/73%,1015.0/89%,716.0/89%,339069/65%,31816/65%,10503/79%
815a9cce,for_eldad,nvme1150.mtl.labs.mlnx, ,27/11/2025 20:48, (UM),Unknown, ,3993,1024,6926/84%,11867/83%,1654.0/91%<RED>,182.0/91%<RED>,208.33333333333334/91%<RED>,305844/71%,1937313/69%,372459/71%,208316/70%,210902/71%,,27/11/2025 20:59, (UM),1638,746,6593/84%,21057/84%,678.0/91%<RED>,287.0/91%<RED>,236.41666666666666/91%<RED>,241127/75%,3365602/70%,739885/72%,128155/71%,209889/72%,6927/89%, , , , , , , , , , , , , , , , , , , , , , , , , , , , , , , , , , , , , , , , , , , , , , , , , , , , , , , , , , , , , , , , , , , , , , , , ,
815a9cce,for_eldad,nvme1150.mtl.labs.mlnx, ,27/11/2025 21:25, (UM),RoCE, ,3891,1433,6945/83%,10199/84%,481.0/91%<RED>,159.0/91%<RED>,213.5/91%<RED>,305516/71%,1891572/69%,368886/71%,211225/74%,211160/71%,,27/11/2025 21:35, (UM),3276,1126,6861/84%,21054/84%,318.0/91%<RED>,185.0/91%<RED>,250.25/91%<RED>,152000/71%<RED>,3663833/68%,737764/71%,128125/70%,210076/72%,6922/88%, , , , , , , , , , , , , , , , , , , , , , , , , , , , , , , , , , , , , , , , , , , , , , , , , , , , , , , , , , , , , , , , , , , , , , , , ,
815a9cce,for_eldad,nvme1150.mtl.labs.mlnx, ,30-11-2025 13:05:41, (UM),RoCE, ,3891,1433,6915/84%,10624/84%,791.0/91%<RED>,135.0/91%<RED>,205.83333333333334/91%<RED>,303458/71%,1913972/70%,369028/71%,209879/71%,210421/71%,6934/84%,30-11-2025 13:16:20, (UM),2867,1228,6846/84%,21235/84%,299.0/91%<RED>,944.0/91%<RED>,259.0833333333333/91%<RED>,147258/71%<RED>,3531217/69%,743037/71%,177707/73%,209324/71%,6908/87%, , , , , , , , , , , , , , , , , , , , , , , , , , , , , , , , , , , , , , , , , , , , , , , , , , , , , , , , , , , , , , , , , , , , , , , , , 
17e9d5431,3.4.0,nvme1138.mtl.labs.mlnx, ,24-12-2025 16:18:02, (KC),RoCE, ,3788,2662,3180/99%,5984/94%,155.0/99%<RED>,166.0/99%<RED>,353.8/98%<RED>,512659/91%,850252/77%,267271/82%,123273/97%,123120/86%,4190/96%,24-12-2025 16:28:20, (KC),3788,1945,4404/97%,13008/92%,164.0/99%<RED>,162.0/99%<RED>,329.4/98%<RED>,301190/87%,1410862/78%,584520/78%,128451/92%,128185/88%,4370/93%,24-12-2025 16:38:39, (KC),4096,1843,8778/94%,25816/86%,226.0/99%<RED>,225.0/99%<RED>,364.4/98%<RED>,355920/82%,1173224/76%<RED>,1111308/67%,250315/84%,256454/77%,8716/89%, , , , , , , , , , , , , , , , , , , , , , , , , , , , , ,24-12-2025 16:48:57, (KC),2560,687,4297/94%,47783/73%,661.0/99%,802.0/99%,415.2/98%,64731/89%,1504783/68%,502348/68%,24810/92%,53872/77%,12497/78%,2446/94%,37863/68%,811.0/99%,704.0/97%,19003/93%,346144/67%,6059/79%,2144/94%,30489/67%,880.0/99%,691.6/97%,337884/68%,16008/93%,6433/76%
0bad17335,3.3.2,nvme1138.mtl.labs.mlnx, ,24-12-2025 17:37:12, (KC),RoCE, ,3788,3072,3347/99%,5984/95%,143.0/99%<RED>,150.0/99%<RED>,384.2/98%<RED>,528650/88%,931872/70%,266450/84%,123606/97%,122671/88%,4187/96%,24-12-2025 17:47:24, (KC),3686,2048,4373/96%,12906/92%,159.0/99%<RED>,169.0/99%<RED>,380.0/98%<RED>,386086/78%,2157710/76%,586476/78%,128165/91%,128181/90%,4379/94%,24-12-2025 17:57:42, (KC),4300,1843,8710/93%,25814/88%,199.0/99%<RED>,205.0/99%<RED>,394.6/98%<RED>,638032/62%,4228599/56%,1125498/68%,256772/80%,256069/78%,8752/88%, , , , , , , , , , , , , , , , , , , , , , , , , , , , , ,24-12-2025 18:08:01, (KC),2560,721,4827/91%,47597/77%,671.0/99%,792.0/99%,438.2/98%,164544/65%,8157071/35%,2094211/44%,30350/86%,87057/76%,11063/84%,3047/90%,45374/70%,846.0/99%,763.2/97%,22281/85%,347953/66%,6366/83%,2723/90%,45275/71%,882.0/99%,742.2/97%,337658/68%,19971/86%,6018/82%
17e9d5431,3.4.0,nvme1138.mtl.labs.mlnx, ,25-12-2025 17:53:18, (KC),RoCE, ,3891,2560,3258/99%,6256/74%,120.0/99%<RED>,134.0/99%<RED>,336.0/77%<RED>,568531/91%,859775/61%,293924/65%,128646/97%,127994/69%,4382/75%,25-12-2025 18:03:31, (KC),3686,1945,4388/97%,12971/74%,163.0/99%<RED>,164.0/99%<RED>,342.6/77%<RED>,300675/87%,1262279/61%<RED>,590815/63%,128564/92%,128071/71%,4379/74%,25-12-2025 18:13:49, (KC),4710,1843,8764/93%,25604/70%,161.0/99%<RED>,162.0/99%<RED>,344.8/77%<RED>,276775/86%<RED>,973901/63%<RED>,1120282/60%,222336/86%,255725/65%,8705/68%, , , , , , , , , , , , , , , , , , , , , , , , , , , , , ,25-12-2025 18:24:05, (KC),2560,645,7176/89%,47809/59%,772.0/99%,864.0/99%,451.6/77%,101481/83%,1595988/53%,479554/55%,35753/89%,80749/57%,11977/59%,3110/92%,39000/51%,881.0/99%,722.0/76%,29149/90%,343171/50%,8365/60%,3078/91%,34243/53%,971.0/99%,702.0/76%,333161/52%,26346/90%,6785/60%
5a11fc3522,340_no_dev_cq,nvme1138.mtl.labs.mlnx, ,25-12-2025 20:42:13, (KC),RoCE, ,3686,2969,3634/99%,6035/63%,159.0/99%<RED>,173.0/99%<RED>,391.6/66%<RED>,465398/90%,816213/51%,271695/56%,129458/97%,128505/59%,4391/64%,25-12-2025 20:52:25, (KC),3788,1945,4389/96%,12988/63%,155.0/99%<RED>,161.0/99%<RED>,366.4/66%<RED>,326454/83%,1139033/54%<RED>,586603/54%,125489/91%,128339/63%,4370/64%,25-12-2025 21:02:44, (KC),4608,1945,8733/93%,25939/59%,225.0/99%<RED>,225.0/99%<RED>,387.6/66%<RED>,405329/74%,967405/54%<RED>,1089978/47%,255441/79%,255671/53%,8716/60%, , , , , , , , , , , , , , , , , , , , , , , , , , , , , ,25-12-2025 21:13:02, (KC),2560,688,12386/76%,47421/51%,712.0/99%,822.0/99%,466.6/66%,97229/75%,1275380/47%,351390/50%,32970/84%,67117/53%,12463/52%,3525/87%,31565/47%,863.0/99%,759.4/65%,25556/85%,300268/44%,4509/57%,3314/87%,25579/48%,944.0/99%,745.6/65%,272533/45%,33253/80%,4077/57%
4da36d3,3.4.0,nvme1138.mtl.nbulabs.nvidia.com, ,04-01-2026 17:24:47, (KC),RoCE, ,3788,2355,3822/99%,6018/95%,133.0/99%<RED>,109.0/99%<RED>,370.2/98%<RED>,557634/62%,886595/71%,293949/84%,130066/96%,129996/91%,4429/96%,04-01-2026 17:35:08, (KC),3686,1740,4429/96%,13099/93%,165.0/99%<RED>,166.0/99%<RED>,387.2/98%<RED>,445107/67%,1759128/63%,591222/74%,129854/89%,129120/84%,4436/93%,04-01-2026 17:45:31, (KC),4198,1843,8754/92%,26054/86%,195.0/99%<RED>,201.0/99%<RED>,403.4/98%<RED>,494614/63%,1153139/64%<RED>,1138281/63%,257180/73%,256803/74%,8744/88%, , , , , , , , , , , , , , , , , , , , , , , , , , , , , ,04-01-2026 17:55:52, (KC),2150,650,12668/69%,47275/69%,708.0/99%,831.0/99%,467.4/98%,131870/63%,1843649/60%,504676/65%,42362/75%,52970/79%,12401/71%,7284/64%,44139/61%,847.0/99%,773.4/97%,53792/63%,346433/61%,9214/64%,6267/66%,38504/58%,907.0/99%,762.6/97%,340025/59%,50929/65%,6422/71%
b21b3d7,3.3.2,nvme1138.mtl.nbulabs.nvidia.com, ,05-01-2026 09:41:16, (KC),RoCE, ,3788,2662,2901/99%,6017/95%,114.0/99%<RED>,155.0/99%<RED>,385.0/98%<RED>,511759/88%,931339/77%,266538/85%,123741/97%,123176/88%,4199/95%,05-01-2026 09:51:32, (KC),3686,1945,4407/96%,13062/93%,165.0/99%<RED>,171.0/99%<RED>,376.8/98%<RED>,363816/79%,2159707/75%,586967/79%,129637/91%,129133/88%,4421/94%,05-01-2026 10:01:54, (KC),4710,1945,8843/93%,25836/89%,233.0/99%<RED>,229.0/99%<RED>,403.0/98%<RED>,629562/62%,3991982/61%,1129954/69%,258274/80%,258089/78%,8818/89%, , , , , , , , , , , , , , , , , , , , , , , , , , , , , ,05-01-2026 10:12:13, (KC),2252,655,5449/89%,47523/77%,691.0/99%,811.0/99%,449.6/98%,165201/64%,8440727/35%,2012275/48%,30495/86%,97104/78%,11209/83%,2832/91%,45512/72%,871.0/99%,765.6/97%,21586/86%,346033/68%,6523/82%,2710/90%,45357/73%,898.0/99%,746.4/97%,338274/64%,19646/86%,5922/81%
f588c4b,nvmesh_7401,nvme1138.mtl.nbulabs.nvidia.com, ,05-01-2026 11:20:57, (KC),RoCE, ,3686,3584,3598/99%,5947/95%,123.0/99%<RED>,108.0/99%<RED>,378.0/98%<RED>,511334/89%,939036/85%,267911/86%,124025/97%,123685/88%,4226/96%,05-01-2026 11:31:09, (KC),3686,1945,4391/96%,12967/93%,158.0/99%<RED>,171.0/99%<RED>,377.0/98%<RED>,393284/78%,2167147/80%,586209/83%,129178/91%,129289/89%,4448/94%,05-01-2026 11:41:30, (KC),4198,1843,8862/93%,25896/87%,235.0/99%<RED>,235.0/99%<RED>,399.6/98%<RED>,608279/64%,4226959/63%,1127671/67%,258624/80%,258092/78%,8827/88%, , , , , , , , , , , , , , , , , , , , , , , , , , , , , ,05-01-2026 11:51:51, (KC),2355,699,4275/92%,47708/77%,657.0/99%,802.0/99%,430.6/98%,157302/68%,8377335/33%,2102311/45%,28255/90%,85449/77%,11844/81%,3308/89%,45799/74%,849.0/99%,751.4/97%,21462/90%,344560/64%,8329/80%,3227/88%,45209/74%,876.0/99%,735.4/97%,339398/69%,19752/89%,7932/80%
4da36d3,3.4.0,nvme1138.mtl.nbulabs.nvidia.com, ,05-01-2026 13:52:27, (KC),RoCE, ,3686,2355,3970/98%,5982/95%,120.0/99%<RED>,138.0/99%<RED>,398.8/98%<RED>,493496/70%,864598/66%,265022/86%,124029/96%,112542/90%,3722/96%,05-01-2026 14:02:51, (KC),3686,1843,4390/96%,13126/92%,165.0/99%<RED>,166.0/99%<RED>,393.6/98%<RED>,419335/66%,1257464/71%<RED>,588229/71%,129281/89%,129007/84%,4405/93%,05-01-2026 14:13:13, (KC),4505,1843,8843/92%,26031/85%,232.0/99%<RED>,236.0/99%<RED>,408.6/98%<RED>,542318/55%,1308697/63%<RED>,1131001/63%,258724/74%,251023/72%,8764/87%, , , , , , , , , , , , , , , , , , , , , , , , , , , , , ,05-01-2026 14:23:36, (KC),2252,680,9783/76%,47157/70%,676.0/99%,798.0/99%,420.2/98%,119025/66%,2266941/56%,563224/60%,49374/70%,41187/81%,12328/72%,6104/71%,44673/60%,825.0/99%,753.0/97%,44940/67%,350453/57%,8722/66%,5122/75%,40923/59%,884.0/99%,747.0/97%,340189/59%,36754/72%,8520/66%
c3f86cb,3.4.0,nvme1138.mtl.nbulabs.nvidia.com, ,05-01-2026 19:12:25, (KC),RoCE, ,3788,2764,3301/99%,5991/95%,162.0/99%<RED>,164.0/99%<RED>,380.4/98%<RED>,514827/89%,936466/77%,266358/85%,123202/97%,122437/88%,4143/96%,05-01-2026 19:22:47, (KC),3686,1945,4189/96%,13001/93%,162.0/99%<RED>,166.0/99%<RED>,391.8/98%<RED>,386517/79%,2157907/72%,583780/81%,123045/91%,122503/90%,4177/94%,05-01-2026 19:33:11, (KC),4403,1945,8798/93%,25771/87%,229.0/99%<RED>,234.0/99%<RED>,408.0/98%<RED>,580495/64%,3784218/61%,1133968/69%,251181/81%,255607/75%,8715/89%, , , , , , , , , , , , , , , , , , , , , , , , , , , , , ,05-01-2026 19:43:34, (KC),2252,643,5948/88%,47510/74%,683.0/99%,830.0/99%,453.8/98%,153399/63%,6500687/33%,1822855/39%,30407/86%,56726/76%,10907/81%,3355/88%,45675/69%,876.0/99%,766.2/97%,23011/87%,348213/67%,6209/77%,3351/87%,45022/66%,889.0/99%,748.6/97%,337931/63%,19929/87%,6348/75%
a11c0e6,3.4.0,nvme1138.mtl.nbulabs.nvidia.com, ,06-01-2026 11:30:36, (KC),RoCE, ,3788,3072,3129/99%,5936/95%,154.0/99%<RED>,170.0/99%<RED>,407.2/98%<RED>,504075/88%,949955/73%,265128/85%,123627/97%,122430/89%,4186/96%,06-01-2026 11:40:55, (KC),3686,1945,4379/96%,13102/92%,167.0/99%<RED>,167.0/99%<RED>,385.4/98%<RED>,368019/79%,2152992/75%,583850/82%,128379/91%,128213/91%,4366/94%,06-01-2026 11:51:18, (KC),4198,1843,8476/93%,25884/85%,233.0/99%<RED>,240.0/99%<RED>,407.2/98%<RED>,569916/65%,3768063/59%,1136473/66%,245240/80%,243952/76%,8305/89%, , , , , , , , , , , , , , , , , , , , , , , , , , , , , ,06-01-2026 12:01:38, (KC),2457,708,5974/88%,47747/74%,680.0/99%,794.0/99%,449.0/98%,105036/73%,6050679/39%,1684427/38%,31355/86%,53141/76%,10783/81%,3376/88%,45306/66%,861.0/99%,761.6/97%,22978/87%,347937/65%,5579/79%,3175/88%,44768/65%,893.0/99%,749.0/97%,337987/63%,20551/88%,5236/78%
6cba563,3.4.0,nvme1138.mtl.nbulabs.nvidia.com, ,18-01-2026 11:46:51, (KC),RoCE, ,3788,3379,3170/99%,5942/95%,122.0/99%<RED>,148.0/99%<RED>,382.8/98%<RED>,533221/89%,938510/85%,266877/85%,123100/97%,116287/89%,3682/96%,18-01-2026 11:57:03, (KC),3686,1945,4384/96%,12947/93%,164.0/99%<RED>,165.0/99%<RED>,379.6/98%<RED>,380755/79%,2153795/71%,585152/81%,130001/92%,129473/89%,4378/94%,18-01-2026 12:07:23, (KC),4403,1843,8812/92%,25893/88%,229.0/99%<RED>,236.0/99%<RED>,399.8/98%<RED>,603217/63%,4225537/51%,1127366/69%,258743/80%,258010/75%,8801/86%, , , , , , , , , , , , , , , , , , , , , , , , , , , , , ,18-01-2026 12:17:41, (KC),2252,658,5668/89%,47763/74%,656.0/99%,808.0/99%,410.0/98%,148043/61%,6835909/27%,1998900/30%,32314/86%,75840/71%,11225/80%,4171/86%,45477/67%,850.0/99%,748.2/97%,22931/87%,344986/64%,7932/73%,3735/86%,45081/68%,882.0/99%,726.6/97%,339252/61%,20909/88%,7677/73%
143caa8ae,3.3.2,nvme1138.mtl.labs.mlnx, ,18-01-2026 16:04:23, (KC),RoCE, ,3788,2662,3257/99%,5969/95%,153.0/99%<RED>,171.0/99%<RED>,379.4/98%<RED>,505257/89%,929268/75%,263759/85%,122435/97%,122892/88%,4175/96%,18-01-2026 16:16:43, (KC),3686,1945,4220/96%,13090/93%,158.0/99%<RED>,168.0/99%<RED>,384.0/98%<RED>,399586/78%,2155113/75%,585810/82%,123425/92%,123297/89%,4206/95%,18-01-2026 16:29:04, (KC),4300,1843,8805/93%,25793/88%,228.0/99%<RED>,232.0/99%<RED>,399.6/98%<RED>,627243/62%,4219835/57%,1125016/70%,257354/80%,257602/79%,8425/89%, , , , , , , , , , , , , , , , , , , , , , , , , , , , , ,18-01-2026 16:41:26, (KC),2355,735,5374/90%,47826/77%,669.0/99%,790.0/99%,450.2/98%,132688/70%,8454938/35%,2106503/46%,28148/84%,95550/78%,11147/84%,2768/91%,45655/75%,826.0/99%,750.8/97%,21465/86%,345635/65%,6551/81%,2669/90%,45196/74%,918.0/99%,748.4/97%,339868/69%,19199/86%,5847/81%
284760e,for_eldad,nvme1138.mtl.nbulabs.nvidia.com, ,18-01-2026 17:54:48, (KC),RoCE, ,3686,2560,3682/99%,6008/95%,131.0/99%<RED>,141.0/99%<RED>,383.6/98%<RED>,488340/89%,928993/85%,266811/86%,123760/97%,122859/88%,4191/96%,18-01-2026 18:05:04, (KC),3686,1945,4378/96%,13008/93%,168.0/99%<RED>,170.0/99%<RED>,372.2/98%<RED>,335266/82%,2159577/79%,586575/86%,122735/92%,122679/89%,4171/95%,18-01-2026 18:15:23, (KC),4608,1843,8860/93%,25820/87%,234.0/99%<RED>,235.0/99%<RED>,402.6/98%<RED>,498093/70%,4225965/60%,1129676/71%,258018/81%,257890/77%,8378/90%, , , , , , , , , , , , , , , , , , , , , , , , , , , , , ,18-01-2026 18:25:43, (KC),2252,702,5680/89%,47700/76%,684.0/99%,813.0/99%,454.2/98%,131936/72%,7398468/36%,2070488/42%,31253/87%,76683/77%,11325/81%,4134/86%,45073/74%,848.0/99%,764.6/97%,23231/88%,347881/68%,8188/78%,3609/86%,45016/74%,895.0/99%,753.8/97%,338201/70%,20683/88%,7441/78%
284760e,for_eldad,nvme1138.mtl.nbulabs.nvidia.com, ,19-01-2026 10:35:46, (KC),RoCE, ,3891,2560,3155/99%,6288/94%,137.0/99%<RED>,138.0/99%<RED>,370.4/98%<RED>,512832/89%,1079933/86%,294987/85%,128504/97%,128473/88%,4363/95%,19-01-2026 10:46:07, (KC),3686,1843,4189/96%,13054/93%,164.0/99%<RED>,165.0/99%<RED>,383.2/98%<RED>,329496/81%,2147691/82%,587467/83%,122634/92%,122390/89%,4166/94%,19-01-2026 10:56:31, (KC),4608,1843,8373/93%,25751/88%,229.0/99%<RED>,229.0/99%<RED>,404.0/98%<RED>,534434/67%,4221891/58%,1127025/67%,245479/82%,243655/83%,8314/89%, , , , , , , , , , , , , , , , , , , , , , , , , , , , , ,19-01-2026 11:06:52, (KC),2457,693,5449/89%,48164/76%,681.0/99%,809.0/99%,451.8/98%,131905/73%,7064144/37%,2055881/44%,31007/87%,73448/78%,11498/81%,4204/86%,45408/74%,820.0/99%,761.4/97%,23152/88%,348797/71%,6087/80%,3802/86%,45363/74%,906.0/99%,756.2/97%,340378/68%,20734/88%,7679/80%
c1f793e,340_test,nvme1138.mtl.nbulabs.nvidia.com, ,19-01-2026 22:57:38, (KC),RoCE, ,3686,2867,2996/99%,5939/94%,114.0/99%<RED>,147.0/99%<RED>,346.4/98%<RED>,515205/89%,929535/82%,266949/85%,123600/97%,122348/88%,4168/96%,19-01-2026 23:07:54, (KC),3686,1945,4382/97%,12989/93%,164.0/99%<RED>,166.0/99%<RED>,333.8/98%<RED>,225876/88%<RED>,2143144/70%,588044/84%,128291/92%,127821/91%,4365/94%,19-01-2026 23:18:15, (KC),4710,1843,8586/94%,25861/87%,224.0/99%<RED>,229.0/99%<RED>,374.6/98%<RED>,444977/77%,4212377/52%,1119249/72%,245026/84%,244547/75%,8331/84%, , , , , , , , , , , , , , , , , , , , , , , , , , , , , ,19-01-2026 23:28:34, (KC),2560,710,3642/94%,47769/76%,649.0/99%,798.0/99%,387.0/98%,91771/84%,5637509/41%,1599253/47%,23621/93%,85637/78%,11398/82%,2387/93%,45449/72%,811.0/99%,701.0/97%,17188/93%,348845/67%,8353/79%,2276/93%,45380/70%,849.0/99%,685.4/97%,339911/66%,15313/93%,6810/81%
a3b6b3e,3.4.0,nvme1138.mtl.nbulabs.nvidia.com, ,22-01-2026 12:45:33, (KC),RoCE, ,3788,3584,3194/99%,5949/95%,128.0/99%<RED>,174.0/99%<RED>,404.2/98%<RED>,551648/89%,929703/79%,265781/86%,124877/96%,123585/88%,4201/96%,22-01-2026 12:55:46, (KC),3686,1945,4389/96%,12991/93%,160.0/99%<RED>,162.0/99%<RED>,387.0/98%<RED>,362488/78%,2153786/69%,586383/82%,129310/91%,129110/88%,4398/94%,22-01-2026 13:06:06, (KC),4710,1843,8768/93%,25667/87%,224.0/99%<RED>,227.0/99%<RED>,398.8/98%<RED>,615390/62%,4214405/53%,1130552/69%,257072/80%,256814/76%,8766/89%, , , , , , , , , , , , , , , , , , , , , , , , , , , , , ,22-01-2026 13:16:31, (KC),2252,694,5877/88%,47610/76%,652.0/99%,779.0/99%,406.2/98%,154326/60%,6531501/27%,1936732/33%,32643/86%,73570/71%,11212/81%,4208/86%,45610/70%,824.0/99%,753.6/97%,23204/88%,347043/60%,6536/76%,3943/85%,45221/69%,878.0/99%,737.4/97%,339569/64%,20635/88%,8199/72%
a3b6b3e,3.4.0,nvme1138.mtl.nbulabs.nvidia.com, , , , , , , , , , , , , , , , , , , , , , , , , , , , , , , , , , , , , , , , , , , , , , , , , , , , , , , , , , , , , , , , , , , , , , , , , , , , , ,22-01-2026 15:56:01, (KC),RoCE,2560,654,5842/89%,45941/75%,713.0/99%,842.0/99%,462.0/98%,152476/61%,6713907/28%,2075424/34%,32997/86%,77091/73%,11133/81%,4220/86%,45625/68%,738.0/99%,744.0/97%,24386/87%,346848/63%,7763/74%,3855/86%,45497/70%,783.0/99%,730.8/97%,339869/63%,20860/88%,7991/72%
a3b6b3e,3.4.0,nvme1138.mtl.nbulabs.nvidia.com, , , , , , , , , , , , , , , , , , , , , , , , , , , , , , , , , , , , , , , , , , , , , , , , , , , , , , , , , , , , , , , , , , , , , , , , , , , , , ,22-01-2026 16:32:25, (KC),RoCE,2764,798,5844/89%,47832/74%,591.0/99%,683.0/99%,399.8/98%,153818/61%,6567532/29%,2073161/30%,32692/85%,77781/74%,11249/81%,4131/85%,45965/66%,726.0/99%,737.4/97%,23519/88%,348740/60%,6985/74%,3900/86%,45279/70%,775.0/99%,722.4/97%,341315/63%,20851/88%,8723/71%
a3b6b3e,3.4.0,nvme1138.mtl.nbulabs.nvidia.com, , , , , , , , , , , , , , , , , , , , , , , , , , , , , , , , , , , , , , , , , , , , , , , , , , , , , , , , , , , , , , , , , , , , , , , , , , , , , ,22-01-2026 17:17:58, (KC),RoCE,2457,793,5847/89%,48194/73%,613.0/99%,693.0/99%,394.8/98%,153384/60%,6722168/28%,2109296/29%,33331/85%,90995/75%,11405/80%,4206/86%,45641/69%,752.0/99%,749.4/97%,24611/87%,347432/63%,7610/74%,3822/86%,45356/67%,784.0/99%,732.2/97%,338905/61%,20906/88%,8366/71%
a1eb9d3,nvmesh_7486x,nvme1138.mtl.nbulabs.nvidia.com, ,22-01-2026 19:25:42, (KC),RoCE, ,3686,2457,3601/99%,6048/95%,120.0/99%<RED>,127.0/99%<RED>,376.8/98%<RED>,503146/89%,929454/86%,266815/86%,123618/97%,122822/89%,4177/96%,22-01-2026 19:35:58, (KC),3686,1945,4377/97%,12920/93%,164.0/99%<RED>,167.0/99%<RED>,347.0/98%<RED>,428844/81%,2160751/80%,586732/84%,129106/92%,128968/88%,4402/94%,22-01-2026 19:46:18, (KC),4198,1843,8779/93%,25714/87%,223.0/99%<RED>,223.0/99%<RED>,380.8/98%<RED>,437572/78%,4225436/58%,1125039/69%,257108/83%,256243/83%,8747/89%, , , , , , , , , , , , , , , , , , , , , , , , , , , , , ,22-01-2026 19:56:35, (KC),2560,699,2791/95%,47825/79%,660.0/99%,786.0/99%,426.8/98%,100343/84%,7112483/43%,2076482/51%,21809/94%,69365/83%,10752/84%,2032/94%,45514/76%,826.0/99%,708.6/97%,15023/94%,345373/70%,6826/81%,2069/93%,45429/76%,868.0/99%,697.2/97%,338048/70%,11757/94%,6426/81%
1c614d7,3.3.2,nvme1138.mtl.nbulabs.nvidia.com, ,22-01-2026 21:18:34, (KC),RoCE, ,3686,3686,3004/99%,5999/95%,155.0/99%<RED>,169.0/99%<RED>,395.2/98%<RED>,530547/88%,929902/78%,262557/85%,123005/97%,122471/88%,4177/96%,22-01-2026 21:28:44, (KC),3686,1945,4381/97%,12972/93%,164.0/99%<RED>,172.0/99%<RED>,380.0/98%<RED>,419935/78%,2158327/74%,585985/79%,128288/91%,128249/88%,4359/94%,22-01-2026 21:39:05, (KC),4608,1945,8792/93%,25691/88%,228.0/99%<RED>,228.0/99%<RED>,393.6/98%<RED>,635348/62%,4217875/58%,1124252/68%,246233/81%,244895/79%,8317/89%, , , , , , , , , , , , , , , , , , , , , , , , , , , , , ,22-01-2026 21:49:23, (KC),2662,726,3262/93%,47780/77%,655.0/99%,780.0/99%,412.8/98%,139644/71%,8383762/35%,1849277/48%,27647/86%,90687/76%,11243/83%,2833/91%,45616/69%,817.0/99%,754.8/97%,20923/88%,347142/66%,6157/83%,2611/91%,45290/71%,896.0/99%,740.6/97%,337784/66%,19119/87%,5613/81%
e5280daf6,340_unbound,nvme1138.mtl.labs.mlnx, ,22-01-2026 22:34:17, (KC),RoCE, ,3686,3072,3457/98%,5990/95%,125.0/99%<RED>,151.0/99%<RED>,370.6/98%<RED>,537234/89%,942617/79%,267452/85%,123655/96%,122966/89%,4170/96%,22-01-2026 22:44:28, (KC),3686,2048,4376/96%,12919/94%,162.0/99%<RED>,166.0/99%<RED>,367.4/98%<RED>,419977/77%,2155643/66%,588275/81%,128392/90%,128141/86%,4366/94%,22-01-2026 22:54:45, (KC),4096,1843,8780/92%,25903/88%,232.0/99%<RED>,236.0/99%<RED>,381.2/98%<RED>,648628/56%,4220078/49%,1120891/65%,256644/66%,255485/80%,8719/90%, , , , , , , , , , , , , , , , , , , , , , , , , , , , , ,22-01-2026 23:05:03, (KC),2764,661,5442/90%,47655/78%,674.0/99%,779.0/99%,391.8/98%,114786/54%,3748097/38%,1441524/40%,29813/82%,94956/68%,12458/80%,4008/80%,45110/62%,814.0/99%,718.6/97%,21194/88%,349566/57%,9767/71%,3630/80%,45158/59%,869.0/99%,705.0/97%,340212/53%,21176/86%,9687/75%
bddf4fc,nvmesh_7486x,nvme1138.mtl.nbulabs.nvidia.com, ,23-01-2026 12:18:54, (KC),RoCE, ,3686,2764,2776/99%,5916/95%,145.0/99%<RED>,163.0/99%<RED>,389.2/98%<RED>,563428/89%,936648/86%,265067/86%,122748/97%,122527/89%,4167/96%,23-01-2026 12:29:08, (KC),3686,1945,4381/96%,13054/93%,163.0/99%<RED>,167.0/99%<RED>,364.0/98%<RED>,362782/81%,2153522/80%,593582/85%,128248/91%,128164/88%,4366/94%,23-01-2026 12:39:25, (KC),4403,1843,8745/93%,25818/87%,225.0/99%<RED>,232.0/99%<RED>,385.0/98%<RED>,599484/64%,4205434/59%,1121200/75%,255344/80%,254583/77%,8687/89%, , , , , , , , , , , , , , , , , , , , , , , , , , , , , ,23-01-2026 12:49:40, (KC),2457,669,3113/94%,47169/77%,671.0/99%,780.0/99%,388.2/98%,101535/79%,8143803/35%,2102890/47%,20441/93%,67766/79%,10964/83%,2623/92%,45286/72%,831.0/99%,715.4/97%,14361/93%,347734/67%,7759/80%,2231/93%,44946/72%,865.0/99%,704.2/97%,336295/66%,13453/94%,7166/80%
50f8180,nvmesh_7486x,nvme1138.mtl.nbulabs.nvidia.com, ,23-01-2026 13:34:13, (KC),RoCE, ,3788,2560,3146/99%,5982/95%,164.0/99%<RED>,178.0/99%<RED>,384.6/98%<RED>,514193/88%,933281/67%,265960/86%,122781/97%,122371/89%,4183/96%,23-01-2026 13:44:27, (KC),3686,1945,4377/96%,12884/93%,164.0/99%<RED>,164.0/99%<RED>,375.6/98%<RED>,320285/80%,2150818/78%,585507/81%,128496/91%,125169/91%,4170/94%,23-01-2026 13:54:44, (KC),3993,1843,8730/93%,25755/88%,232.0/99%<RED>,232.0/99%<RED>,404.2/98%<RED>,557532/64%,4217278/57%,1122664/66%,256020/81%,255884/77%,8641/89%, , , , , , , , , , , , , , , , , , , , , , , , , , , , , ,23-01-2026 14:05:01, (KC),2560,700,4599/91%,47580/74%,676.0/99%,804.0/99%,412.6/98%,139875/69%,8071646/29%,2114905/39%,18266/93%,54223/81%,11181/81%,3971/87%,45601/67%,839.0/99%,754.4/97%,13817/93%,347394/65%,7679/76%,3691/87%,45511/70%,896.0/99%,748.0/97%,338247/68%,17676/90%,6621/75%
9b97745,nvmesh_7486x,nvme1138.mtl.nbulabs.nvidia.com, ,23-01-2026 15:22:17, (KC),RoCE, ,3686,2560,3031/99%,5954/95%,150.0/99%<RED>,153.0/99%<RED>,346.6/98%<RED>,510652/89%,930500/85%,265195/86%,122576/97%,122739/88%,4184/96%,23-01-2026 15:32:30, (KC),3686,1945,4377/97%,13019/94%,163.0/99%<RED>,163.0/99%<RED>,360.0/98%<RED>,248675/91%,2150024/81%,596024/84%,128154/93%,128729/91%,4399/94%,23-01-2026 15:42:48, (KC),4608,1843,8729/93%,25727/87%,236.0/99%<RED>,242.0/99%<RED>,382.2/98%<RED>,220935/89%<RED>,4255458/62%,1137720/73%,246692/85%,246926/83%,8332/90%, , , , , , , , , , , , , , , , , , , , , , , , , , , , , ,23-01-2026 15:53:04, (KC),2252,669,3095/95%,47651/77%,665.0/99%,806.0/99%,423.6/98%,99048/84%,4901480/55%,1983765/58%,19639/94%,64571/84%,10288/85%,2046/94%,45575/76%,856.0/99%,717.2/97%,14770/94%,346874/68%,7892/84%,2051/93%,45229/75%,882.0/99%,702.4/97%,337817/63%,11983/94%,6062/84%
8deccc3,nvmesh_7486x,nvme1138.mtl.nbulabs.nvidia.com, ,25-01-2026 14:53:38, (KC),RoCE, ,3788,2764,3632/99%,5958/94%,138.0/99%<RED>,176.0/99%<RED>,382.4/98%<RED>,520905/89%,932735/85%,266097/86%,123915/96%,123974/88%,4216/95%,25-01-2026 15:03:50, (KC),3686,1945,4388/96%,13134/93%,166.0/99%<RED>,168.0/99%<RED>,369.2/98%<RED>,419647/77%,2164999/77%,586260/79%,128446/90%,128043/89%,4364/94%,25-01-2026 15:14:10, (KC),4198,1740,8336/93%,26001/87%,228.0/99%<RED>,238.0/99%<RED>,391.8/98%<RED>,668136/57%,4217073/55%,1118362/70%,245786/66%,245523/80%,8319/90%, , , , , , , , , , , , , , , , , , , , , , , , , , , , , ,25-01-2026 15:24:28, (KC),2252,718,3517/93%,48049/76%,671.0/99%,796.0/99%,398.2/98%,93356/60%,6019892/38%,2107925/40%,13606/95%,108232/74%,11484/83%,3739/85%,45130/66%,831.0/99%,736.0/97%,10572/95%,347563/55%,9815/75%,3345/85%,44912/65%,889.0/99%,723.4/97%,338137/53%,11376/93%,9622/75%
8deccc3,nvmesh_7486x,nvme1138.mtl.labs.mlnx, , , , , , , , , , , , , , , , , , , , , , , , , , , , , , , , , , , , , , , , , , , , , , , , , , , , , , , , , , , , , , , , , , , , , , , , , , , , , ,25-01-2026 16:34:01, (KC),RoCE,2252,732,3919/93%,48025/76%,601.0/99%,695.0/99%,392.4/98%,98029/58%,5590726/36%,2110548/35%,15462/93%,107379/70%,10859/84%,3777/84%,45355/65%,735.0/99%,731.8/97%,10793/94%,349756/63%,9841/72%,3270/84%,45323/65%,786.0/99%,719.2/97%,338297/54%,15255/91%,9661/76%
8deccc3,nvmesh_7486x,nvme1138.mtl.nbulabs.nvidia.com, , , , , , , , , , , , , , , , , , , , , , , , , , , , , , , , , , , , , , , , , , , , , , , , , , , , , , , , , , , , , , , , , , , , , , , , , , , , , ,25-01-2026 17:15:11, (KC),RoCE, , ,4099/93%, , , , , , , , , , ,3646/85%, , , , , , , , , , , , 
8deccc3,nvmesh_7486x,nvme1138.mtl.nbulabs.nvidia.com, , , , , , , , , , , , , , , , , , , , , , , , , , , , , , , , , , , , , , , , , , , , , , , , , , , , , , , , , , , , , , , , , , , , , , , , , , , , , ,25-01-2026 17:20:25, (KC),RoCE, , ,5231/90%, , , , , , , , , , ,4240/83%, , , , , , , , , , , , 
8deccc3,nvmesh_7486x,nvme1138.mtl.nbulabs.nvidia.com, , , , , , , , , , , , , , , , , , , , , , , , , , , , , , , , , , , , , , , , , , , , , , , , , , , , , , , , , , , , , , , , , , , , , , , , , , , , , ,25-01-2026 18:47:22, (KC),RoCE, , ,4427/92%,51800/76%,662.0/99%,818.0/99%, , , , , , , ,3782/84%,48785/65%,848.0/99%,731.6/97%, , , , , , , , , 
8deccc3,nvmesh_7486x,nvme1138.mtl.nbulabs.nvidia.com, , , , , , , , , , , , , , , , , , , , , , , , , , , , , , , , , , , , , , , , , , , , , , , , , , , , , , , , , , , , , , , , , , , , , , , , , , , , , ,25-01-2026 19:03:36, (KC),RoCE,2150,598,4577/92%,47794/78%,776.0/99%,854.0/99%,430.6/98%,96294/59%,6352808/34%,2113260/37%,15026/94%,121045/68%,12140/80%,3981/83%,45510/63%,883.0/99%,736.2/97%,11250/95%,348613/58%,9539/69%,3599/83%,45175/65%,948.0/99%,720.8/97%,337978/60%,13884/92%,9033/69%
3f3ca27,3.4.0,nvme1138.mtl.nbulabs.nvidia.com, , , , , , , , , , , , , , , , , , , , , , , , , , , , , , , , , , , , , , , , , , , , , , , , , , , , , , , , , , , , , , , , , , , , , , , , , , , , , ,25-01-2026 20:03:27, (KC),RoCE,2150,643,5669/89%,47638/74%,608.0/99%,701.0/99%,398.8/98%,151735/62%,6709088/28%,2042081/31%,33273/86%,80477/73%,11167/80%,4158/86%,45363/72%,742.0/99%,755.4/97%,23504/88%,345466/65%,8187/73%,3906/86%,45224/68%,780.0/99%,732.2/97%,339887/63%,20768/88%,8240/71%
3f3ca27,3.4.0,nvme1138.mtl.nbulabs.nvidia.com, ,26-01-2026 19:06:10, (KC),RoCE, ,3891,2560,3336/99%,6270/94%,123.0/99%<RED>,135.0/99%<RED>,376.4/98%<RED>,565676/89%,1083525/85%,295092/85%,128474/96%,128082/88%,4369/96%,26-01-2026 19:16:26, (KC),3686,1945,4181/96%,12925/92%,239.0/99%<RED>,243.0/99%<RED>,377.0/98%<RED>,375231/78%,2148264/69%,584009/79%,122667/92%,122155/88%,4168/94%,26-01-2026 19:26:48, (KC),4710,1843,8617/93%,25976/86%,201.0/99%<RED>,203.0/99%<RED>,398.0/98%<RED>,592765/63%,4213262/43%,1131372/69%,245250/81%,243622/82%,8318/89%, , , , , , , , , , , , , , , , , , , , , , , , , , , , , ,26-01-2026 19:37:07, (KC),2662,797,5820/89%,48218/75%,619.0/99%,701.0/99%,401.0/98%,147263/61%,7126815/26%,2066308/31%,33291/86%,73305/73%,10944/81%,4059/86%,45445/67%,737.0/99%,750.8/97%,23234/87%,346300/62%,6035/76%,3747/86%,45481/66%,788.0/99%,734.8/97%,338004/62%,20683/88%,7791/71%
32ec446d3,3.4.0,nvme1138.mtl.nbulabs.nvidia.com, , , , , , , , , , , , , , , , , , , , , , , , , , , , , , , , , , , , , , , , , , , , , , , , , , , , , , , , , , , , , , , , , , , , , , , , , , , , , ,27-01-2026 15:59:25, (KC),RoCE,2355,655,5745/89%,46069/76%,715.0/99%,851.0/99%,461.0/98%,151454/62%,6616660/30%,2081563/32%,33146/85%,75758/71%,11120/81%,4115/86%,45417/70%,741.0/99%,747.8/97%,23222/88%,346406/62%,8070/74%,3852/86%,45247/69%,776.0/99%,732.8/97%,340318/61%,20313/88%,8342/72%
32ec446,3.4.0,nvme1138.mtl.nbulabs.nvidia.com, , , , , , , , , , , , , , , , , , , , , , , , , , , , , , , , , , , , , , , , , , , , , , , , , , , , , , , , , , , , , , , , , , , , , , , , , , , , , ,27-01-2026 17:02:31, (KC),RoCE,2355,625,5764/89%,46087/75%,745.0/99%,925.0/99%,479.6/98%,146900/62%,6858658/30%,2020351/33%,32360/86%,73105/72%,11363/80%,4080/86%,45238/68%,888.0/99%,756.4/97%,24138/88%,347094/62%,8257/72%,3665/86%,45254/68%,936.0/99%,725.8/97%,340160/61%,21107/88%,7888/72%
b395555,nvmesh_7486x3,nvme1138.mtl.nbulabs.nvidia.com, ,27-01-2026 23:12:14, (KC),RoCE, ,3993,2560,2762/99%,6208/95%,130.0/99%<RED>,133.0/99%<RED>,372.2/98%<RED>,495395/89%,1079761/85%,293838/86%,129751/97%,129987/89%,4437/96%,27-01-2026 23:22:27, (KC),3379,1945,4411/96%,12964/93%,161.0/99%<RED>,162.0/99%<RED>,373.8/98%<RED>,351483/79%,2150669/71%,587940/83%,128702/91%,128708/90%,4388/94%,27-01-2026 23:32:46, (KC),4198,1843,8773/93%,25852/87%,225.0/99%<RED>,229.0/99%<RED>,403.8/98%<RED>,395563/76%,4201336/37%,1123367/67%,258114/81%,257235/83%,8755/88%, , , , , , , , , , , , , , , , , , , , , , , , , , , , , ,27-01-2026 23:43:02, (KC),2662,723,5867/89%,47811/77%,656.0/99%,786.0/99%,400.8/98%,146578/68%,6444561/28%,2059466/29%,33537/86%,104823/74%,11852/81%,4348/86%,45440/67%,833.0/99%,750.6/97%,23819/87%,348461/65%,9543/71%,4063/86%,45313/68%,886.0/99%,741.8/97%,338818/65%,20967/88%,9332/72%
bb247a3,340_no_shaper_no_dev_cq,nvme1138.mtl.nbulabs.nvidia.com, ,28-01-2026 10:05:06, (KC),RoCE, , , , , , , , ,498867/89%,932639/85%, , , , ,28-01-2026 10:06:59, (KC), , , , , , , ,330035/79%,1887617/80%, , , , ,28-01-2026 10:08:51, (KC), , , , , , , ,620179/62%,3635928/63%, , , , , , , , , , , , , , , , , , , , , , , , , , , , , , , , , ,28-01-2026 10:10:42, (KC), , , , , , , ,133396/73%,8984935/32%, , , , , , , , , , , , , , , , , , 
bb247a3,340_no_shaper_no_dev_cq,nvme1138.mtl.nbulabs.nvidia.com, ,28-01-2026 10:17:08, (KC),RoCE, , , , , , , , ,550389/88%,1081939/87%, , , , ,28-01-2026 10:19:01, (KC), , , , , , , ,379709/79%,2177716/81%, , , , ,28-01-2026 10:20:52, (KC), , , , , , , ,615026/62%,4229455/63%, , , , , , , , , , , , , , , , , , , , , , , , , , , , , , , , , ,28-01-2026 10:22:43, (KC), , , , , , , ,138807/72%,9308444/31%, , , , , , , , , , , , , , , , , , 
c8306ae,nvmesh_7486x3,nvme1138.mtl.nbulabs.nvidia.com, ,28-01-2026 11:14:50, (KC),RoCE, , , , , , , , ,503228/89%,932887/85%, , , , ,28-01-2026 11:16:43, (KC), , , , , , , ,347710/80%,1903100/80%, , , , ,28-01-2026 11:18:35, (KC), , , , , , , ,544334/67%,3647574/63%, , , , , , , , , , , , , , , , , , , , , , , , , , , , , , , , , ,28-01-2026 11:20:26, (KC), , , , , , , ,145605/71%,7798160/34%, , , , , , , , , , , , , , , , , , 
3588e22,nvmesh_7486x3,nvme1138.mtl.nbulabs.nvidia.com, ,28-01-2026 11:46:29, (KC),RoCE, , , , , , , , ,509701/89%,932337/86%, , , , ,28-01-2026 11:48:22, (KC), , , , , , , ,347422/80%,1889453/78%, , , , ,28-01-2026 11:50:13, (KC), , , , , , , ,588575/65%,3637572/45%, , , , , , , , , , , , , , , , , , , , , , , , , , , , , , , , , ,28-01-2026 11:52:04, (KC), , , , , , , ,137310/70%,6882877/27%, , , , , , , , , , , , , , , , , , 
c7674c7,perf_test_branch,nvme1138.mec01.nbulabs.nvidia.com, ,02-02-2026 09:49:21, (KC),RoCE, , , , , , , , ,540938/89%,935745/85%, , , , ,02-02-2026 09:51:14, (KC), , , , , , , ,380251/78%,1886211/81%, , , , ,02-02-2026 09:53:04, (KC), , , , , , , ,621392/62%,3657118/60%, , , , , , , , , , , , , , , , , , , , , , , , , , , , , , , , , ,02-02-2026 09:54:54, (KC), , , , , , , ,159535/63%,8601406/25%, , , , , , , , , , , , , , , , , , 
c7674c7,perf_test_branch,nvme1138.mec01.nbulabs.nvidia.com, ,02-02-2026 10:14:48, (KC),RoCE, , , , , , , , ,519500/89%,933014/85%, , , , ,02-02-2026 10:16:40, (KC), , , , , , , ,373592/79%,1882519/81%, , , , ,02-02-2026 10:18:32, (KC), , , , , , , ,642201/62%,3659828/60%, , , , , , , , , , , , , , , , , , , , , , , , , , , , , , , , , ,02-02-2026 10:20:23, (KC), , , , , , , ,158385/61%,9696470/26%, , , , , , , , , , , , , , , , , , 
c7674c7,perf_test_branch,nvme1138.mec01.nbulabs.nvidia.com, ,02-02-2026 10:49:48, (KC),RoCE, , , , , , , , ,536649/88%,1082831/86%, , , , ,02-02-2026 10:51:42, (KC), , , , , , , ,403804/78%,2189512/75%, , , , ,02-02-2026 10:53:33, (KC), , , , , , , ,621156/62%,4242630/55%, , , , , , , , , , , , , , , , , , , , , , , , , , , , , , , , , ,02-02-2026 10:55:23, (KC), , , , , , , ,157364/63%,10028259/24%, , , , , , , , , , , , , , , , , , 
c7674c7,perf_test_branch,nvme1138.mec01.nbulabs.nvidia.com, ,02-02-2026 11:06:21, (KC),RoCE, , , , , , , , ,505202/89%,1087384/86%, , , , ,02-02-2026 11:08:15, (KC), , , , , , , ,379311/80%,2182275/76%, , , , ,02-02-2026 11:10:06, (KC), , , , , , , ,629785/61%,4238749/57%, , , , , , , , , , , , , , , , , , , , , , , , , , , , , , , , , ,02-02-2026 11:11:56, (KC), , , , , , , ,155470/61%,9707148/23%, , , , , , , , , , , , , , , , , , 
c7674c7,perf_test_branch,nvme1138.mec01.nbulabs.nvidia.com, ,02-02-2026 11:25:38, (KC),RoCE, , , , , , , , ,527296/88%,1087442/68%, , , , ,02-02-2026 11:27:31, (KC), , , , , , , ,357988/78%,2192125/65%, , , , ,02-02-2026 11:29:23, (KC), , , , , , , ,654736/60%,4244404/47%, , , , , , , , , , , , , , , , , , , , , , , , , , , , , , , , , ,02-02-2026 11:31:14, (KC), , , , , , , ,153526/62%,9661924/24%, , , , , , , , , , , , , , , , , , 
c7674c7,perf_test_branch,nvme1138.mec01.nbulabs.nvidia.com, ,02-02-2026 12:11:35, (KC),RoCE, , , , , , , , ,567781/83%,1093552/67%, , , , ,02-02-2026 12:13:29, (KC), , , , , , , ,322642/80%,2217854/66%, , , , ,02-02-2026 12:15:20, (KC), , , , , , , ,745706/51%,4251533/52%, , , , , , , , , , , , , , , , , , , , , , , , , , , , , , , , , ,02-02-2026 12:17:11, (KC), , , , , , , ,165635/64%,9131210/22%, , , , , , , , , , , , , , , , , , 
0e84da3,3.3.2,nvme1138.mec01.nbulabs.nvidia.com, ,02-02-2026 12:32:22, (KC),RoCE, , , , , , , , ,499582/88%,936325/77%, , , , ,02-02-2026 12:34:16, (KC), , , , , , , ,333361/79%,1900301/74%, , , , ,02-02-2026 12:36:08, (KC), , , , , , , ,633519/62%,3646447/57%, , , , , , , , , , , , , , , , , , , , , , , , , , , , , , , , , ,02-02-2026 12:37:58, (KC), , , , , , , ,134322/72%,9021629/33%, , , , , , , , , , , , , , , , , , 
0e84da3,3.3.2,nvme1138.mec01.nbulabs.nvidia.com, ,02-02-2026 14:21:39, (KC),RoCE, ,3788,2764,3250/99%,5984/95%,142.0/99%<RED>,159.0/99%<RED>,376.6/98%<RED>,523962/88%,932513/79%,267245/85%,109303/97%,108968/89%,3714/96%,02-02-2026 14:31:53, (KC),3686,1945,4416/96%,13022/93%,160.0/99%<RED>,172.0/99%<RED>,377.6/98%<RED>,369708/79%,2158671/76%,588555/80%,124710/91%,122922/90%,4373/94%,02-02-2026 14:42:12, (KC),4300,1843,8850/92%,25929/88%,234.0/99%<RED>,228.0/99%<RED>,407.8/98%<RED>,634382/62%,4232687/57%,1131037/70%,257972/80%,257337/81%,8762/87%, , , , , , , , , , , , , , , , , , , , , , , , , , , , , ,02-02-2026 14:52:30, (KC),2252,666,3138/93%,47700/77%,663.0/99%,775.0/99%,442.4/98%,133038/72%,8431606/35%,2106583/46%,25227/86%,90260/78%,11371/84%,2432/92%,45836/73%,843.0/99%,760.4/97%,17688/89%,348354/67%,6038/83%,2641/91%,45478/73%,902.0/99%,741.6/97%,340538/67%,16984/88%,6079/82%
da72cc2,perf_test_branch,nvme1138.mec01.nbulabs.nvidia.com, ,02-02-2026 15:33:28, (KC),RoCE, ,3788,3584,3293/99%,6002/95%,81.0/99%<RED>,153.0/99%<RED>,386.0/98%<RED>,517578/88%,930896/86%,264627/86%,123984/96%,123624/89%,4218/96%,02-02-2026 15:43:38, (KC),3686,1945,4378/96%,12928/93%,163.0/99%<RED>,164.0/99%<RED>,385.8/98%<RED>,385316/79%,2155049/73%,584486/81%,128247/91%,128249/88%,4365/94%,02-02-2026 15:53:57, (KC),4403,1843,8627/93%,25825/87%,227.0/99%<RED>,229.0/99%<RED>,412.8/98%<RED>,633851/61%,4219201/54%,1126003/69%,247978/79%,247373/77%,8400/88%, , , , , , , , , , , , , , , , , , , , , , , , , , , , , ,02-02-2026 16:04:15, (KC),2252,690,5961/88%,47463/76%,670.0/99%,816.0/99%,451.2/98%,148875/63%,8505501/27%,2117395/35%,32773/86%,86530/76%,11151/80%,4186/85%,45498/67%,858.0/99%,760.0/97%,23271/88%,349392/63%,8455/77%,3781/86%,45273/70%,913.0/99%,752.0/97%,338789/64%,20604/88%,8252/76%
64747ea,perf_340_x,nvme1138.mec01.nbulabs.nvidia.com, ,02-02-2026 21:41:24, (KC),RoCE, ,3686,2662,2716/99%,5956/95%,147.0/99%<RED>,171.0/99%<RED>,407.4/98%<RED>,503245/89%,935658/85%,267426/87%,124116/97%,123108/89%,4188/96%,02-02-2026 21:51:39, (KC),3686,1945,4378/96%,13040/93%,166.0/99%<RED>,166.0/99%<RED>,387.8/98%<RED>,408400/78%,2153025/73%,582770/83%,128276/91%,123531/88%,4164/94%,02-02-2026 22:01:58, (KC),4608,1843,8779/93%,25682/86%,235.0/99%<RED>,242.0/99%<RED>,416.6/98%<RED>,614569/61%,4230545/54%,1124375/67%,258845/79%,256381/79%,8772/88%, , , , , , , , , , , , , , , , , , , , , , , , , , , , , ,02-02-2026 22:12:15, (KC),2252,660,5856/88%,47916/76%,680.0/99%,833.0/99%,453.0/98%,155061/61%,8522128/26%,2118464/36%,32710/86%,71267/75%,10939/81%,4101/86%,45311/71%,865.0/99%,760.6/97%,24376/87%,347287/64%,7692/76%,3869/86%,45241/70%,918.0/99%,752.4/97%,338251/61%,20634/88%,8161/74%
1b5e0b2f6,perf_340_x_test,nvme1138.mec01.nbulabs.nvidia.com, ,04-02-2026 23:15:44, (KC),RoCE, ,3686,2662,2809/99%,5971/95%,154.0/99%<RED>,135.0/99%<RED>,380.4/98%<RED>,493958/89%,938863/80%,266162/86%,123294/97%,123142/89%,4210/96%,04-02-2026 23:25:58, (KC),3686,1945,4399/97%,13009/93%,155.0/99%<RED>,164.0/99%<RED>,370.2/98%<RED>,363239/79%,2149794/70%,583693/81%,128927/91%,128744/90%,4383/94%,04-02-2026 23:36:15, (KC),4403,1843,8773/93%,25716/87%,236.0/99%<RED>,233.0/99%<RED>,411.2/98%<RED>,635681/62%,4238596/46%,1132624/67%,258347/79%,256621/82%,8789/89%, , , , , , , , , , , , , , , , , , , , , , , , , , , , , ,04-02-2026 23:46:35, (KC),2560,701,5858/88%,47908/76%,675.0/99%,818.0/99%,434.0/98%,145814/65%,7506189/30%,2118691/34%,32706/86%,103580/74%,11794/80%,4143/86%,45515/68%,869.0/99%,755.4/97%,23954/87%,347027/64%,9314/76%,3688/86%,45126/70%,923.0/99%,740.4/97%,337571/60%,20675/88%,9247/75%
6e5532c,perf_340_x_test,nvme1138.mec01.nbulabs.nvidia.com, ,05-02-2026 19:17:41, (KC),RoCE, ,3788,3174,2837/99%,5826/95%,156.0/99%<RED>,175.0/99%<RED>,385.2/98%<RED>,516684/89%,927918/79%,264938/86%,124186/97%,124021/89%,4219/96%,05-02-2026 19:27:52, (KC),3686,1945,4431/97%,13063/93%,153.0/99%<RED>,161.0/99%<RED>,369.8/98%<RED>,382998/79%,2155807/73%,589156/81%,129349/91%,129306/93%,4422/95%,05-02-2026 19:38:09, (KC),4198,1843,8842/93%,25838/87%,231.0/99%<RED>,235.0/99%<RED>,405.2/98%<RED>,626194/62%,4203156/54%,1118295/71%,257909/80%,257596/82%,8796/89%, , , , , , , , , , , , , , , , , , , , , , , , , , , , , ,05-02-2026 19:48:27, (KC),2252,656,5906/89%,47678/75%,671.0/99%,818.0/99%,431.0/98%,156373/60%,8492187/26%,2095334/33%,32864/86%,77306/75%,10845/82%,4207/86%,45668/71%,864.0/99%,751.4/97%,23676/87%,347167/64%,7807/76%,3961/86%,45316/71%,928.0/99%,738.6/97%,338608/65%,20892/89%,7231/75%
ec89784,perf_340_x_test,nvme1138.mec01.nbulabs.nvidia.com, ,06-02-2026 11:03:52, (KC),RoCE, ,3788,2662,3457/99%,5936/95%,161.0/99%<RED>,178.0/99%<RED>,393.0/98%<RED>,519547/89%,930454/84%,264279/86%,123917/97%,123939/89%,4216/96%,06-02-2026 11:14:07, (KC),3686,1945,4422/96%,13045/93%,164.0/99%<RED>,166.0/99%<RED>,380.8/98%<RED>,363177/77%,2156895/71%,587108/82%,129525/92%,129291/88%,4390/94%,06-02-2026 11:24:26, (KC),4096,1843,8839/93%,25561/87%,233.0/99%<RED>,233.0/99%<RED>,410.6/98%<RED>,620737/61%,4232172/53%,1130083/71%,258486/80%,257999/77%,8808/89%, , , , , , , , , , , , , , , , , , , , , , , , , , , , , ,06-02-2026 11:34:45, (KC),2150,667,6044/89%,47683/75%,681.0/99%,836.0/99%,435.8/98%,156306/62%,8466845/26%,2097636/34%,33315/86%,76321/74%,10826/82%,3984/86%,45662/67%,871.0/99%,751.2/97%,23457/88%,347560/62%,7812/75%,3643/87%,45277/66%,938.0/99%,740.6/97%,339264/63%,21331/88%,7522/75%
cf57d4e,3.4.0,nvme1138.mec01.nbulabs.nvidia.com, ,08-02-2026 19:04:46, (KC),RoCE, ,3891,2560,3291/99%,6141/95%,136.0/99%<RED>,140.0/99%<RED>,381.6/98%<RED>,503841/89%,1079670/84%,294095/85%,130044/97%,130053/88%,4435/96%,08-02-2026 19:15:01, (KC),3686,1945,4426/96%,13071/92%,165.0/99%<RED>,167.0/99%<RED>,387.8/98%<RED>,408996/79%,2163356/73%,587306/82%,129445/92%,129627/93%,4420/94%,08-02-2026 19:25:17, (KC),4198,1843,8810/93%,25953/88%,192.0/99%<RED>,197.0/99%<RED>,394.6/98%<RED>,618704/63%,4230787/53%,1121415/69%,258078/80%,257609/81%,8803/89%, , , , , , , , , , , , , , , , , , , , , , , , , , , , , ,08-02-2026 19:35:35, (KC),2252,650,6532/88%,48004/75%,739.0/99%,845.0/99%,452.8/98%,147260/62%,8515800/26%,2060092/34%,31201/86%,76540/73%,10873/81%,4410/85%,45515/69%,865.0/99%,780.2/97%,23905/87%,348384/64%,7769/76%,3996/85%,45449/70%,910.0/99%,767.8/97%,339082/64%,20517/87%,7438/74%
cf57d4e,3.4.0,nvme1138.mec01.nbulabs.nvidia.com, ,09-02-2026 15:18:09, (KC),RoCE, ,3891,2662,2881/99%,6210/95%,129.0/99%<RED>,137.0/99%<RED>,383.0/98%<RED>,532597/88%,1080795/86%,295118/86%,130108/96%,130007/89%,4435/96%,09-02-2026 15:28:21, (KC),3686,1945,4428/96%,12999/93%,217.0/99%<RED>,220.0/99%<RED>,379.2/98%<RED>,402929/78%,2157552/69%,586506/79%,129700/91%,129248/91%,4424/94%,09-02-2026 15:38:38, (KC),4300,1843,8819/93%,25683/88%,164.0/99%<RED>,164.0/99%<RED>,384.4/98%<RED>,612014/63%,4223824/51%,1129002/76%,259036/80%,258851/79%,8812/89%, , , , , , , , , , , , , , , , , , , , , , , , , , , , , ,09-02-2026 15:48:56, (KC),2252,707,6652/87%,47857/76%,682.0/99%,798.0/99%,437.2/98%,147008/62%,8504390/26%,2114888/33%,30967/86%,72708/74%,10626/81%,4416/84%,45609/70%,824.0/99%,760.4/97%,24669/87%,349370/65%,7417/76%,4055/85%,45443/70%,877.0/99%,756.8/97%,339887/63%,20530/87%,7318/75%
55954fa,NVMESH-7635,nvme1138.mec01.nbulabs.nvidia.com, ,15-02-2026 10:55:31, (KC),RoCE, ,3788,2662,3665/99%,5933/95%,194.0/99%<RED>,221.0/99%<RED>,402.0/98%<RED>,492736/89%,931943/75%,267082/83%,124675/97%,123895/87%,4231/96%,15-02-2026 11:05:43, (KC),3686,1945,4431/96%,12912/93%,238.0/99%<RED>,238.0/99%<RED>,385.0/98%<RED>,383333/79%,2155640/71%,588370/79%,128723/91%,129332/88%,4429/94%,15-02-2026 11:15:59, (KC),4300,1843,8821/93%,25860/88%,197.0/99%<RED>,199.0/99%<RED>,403.0/98%<RED>,421699/73%,4225668/60%,1122990/69%,258024/80%,257504/81%,8743/89%, , , , , , , , , , , , , , , , , , , , , , , , , , , , , ,15-02-2026 11:26:14, (KC),2457,646,6506/87%,47629/76%,768.0/99%,880.0/99%,487.4/98%,142347/65%,8368805/34%,2108634/40%,31129/85%,64884/78%,9951/83%,4008/86%,45368/72%,918.0/99%,791.6/97%,23680/87%,349401/68%,6532/80%,3637/86%,45174/72%,986.0/99%,785.8/97%,341277/68%,20410/87%,6408/78%
f8e62c2,NVMESH-7635,nvme1138.mec01.nbulabs.nvidia.com, , , , , , , , , , , , , , , , , , , , , , , , , , , , , , , , , , , , , , , , , , , , , , , , , , , , , , , , , , , , , , , , , , , , , , , , , , , , , ,15-02-2026 13:11:02, (KC),RoCE,2355,610,6331/89%,45913/75%,818.0/99%,947.0/99%,512.0/98%,143175/65%,7452673/35%,2040806/42%,31527/85%,59134/78%,9638/84%,4020/86%,45662/71%,866.0/99%,792.6/97%,23546/88%,348777/67%,5926/81%,3720/86%,45384/69%,941.0/99%,781.2/97%,335847/59%,20398/88%,5753/80%
f8e62c2,NVMESH-7635,nvme1138.mec01.nbulabs.nvidia.com, ,15-02-2026 14:18:32, (KC),RoCE, ,3788,2662,2729/99%,5899/95%,234.0/99%<RED>,229.0/99%<RED>,399.4/98%<RED>,513702/89%,929957/75%,266781/83%,120319/97%,109707/87%,3721/96%,15-02-2026 14:28:45, (KC),3686,1945,4395/96%,12986/92%,167.0/99%<RED>,169.0/99%<RED>,396.6/98%<RED>,359924/80%,2154022/80%,585142/81%,128687/91%,128399/90%,4371/94%,15-02-2026 14:39:01, (KC),4096,1843,8829/93%,25779/88%,188.0/99%<RED>,193.0/99%<RED>,409.6/98%<RED>,443207/72%,4222482/57%,1123937/68%,257524/81%,255739/82%,8717/89%, , , , , , , , , , , , , , , , , , , , , , , , , , , , , ,15-02-2026 14:49:18, (KC),2150,631,6406/88%,47923/75%,737.0/99%,850.0/99%,481.4/98%,142759/65%,8437178/31%,2086440/41%,30523/86%,76939/77%,9620/83%,4046/85%,45837/74%,891.0/99%,791.4/97%,23939/87%,349306/67%,6393/80%,3609/86%,45199/71%,939.0/99%,777.4/97%,338801/69%,20315/87%,6213/78%
bea6073,3.4.0+NVMESH-7635,nvme1138.mec01.nbulabs.nvidia.com, ,15-02-2026 18:47:33, (KC),RoCE, ,3686,2560,3649/99%,5957/95%,114.0/99%<RED>,144.0/99%<RED>,401.2/98%<RED>,506541/89%,929222/78%,265427/86%,124449/97%,123819/89%,4211/96%,15-02-2026 18:57:46, (KC),3686,1945,4392/96%,12988/93%,164.0/99%<RED>,165.0/99%<RED>,397.8/98%<RED>,374030/80%,2150941/74%,584380/81%,128742/91%,128143/89%,4394/93%,15-02-2026 19:08:04, (KC),4198,1843,8854/93%,25759/88%,232.0/99%<RED>,235.0/99%<RED>,418.0/98%<RED>,627104/62%,4218936/55%,1126082/69%,256909/80%,256924/81%,8777/89%, , , , , , , , , , , , , , , , , , , , , , , , , , , , , ,15-02-2026 19:18:22, (KC),2252,677,6469/88%,47230/75%,725.0/99%,833.0/99%,448.8/98%,144159/62%,8508337/26%,2119343/33%,31448/85%,78425/74%,10740/82%,4111/85%,45191/72%,870.0/99%,769.8/97%,23931/87%,348316/60%,6380/77%,3843/85%,45436/69%,932.0/99%,768.4/97%,339846/65%,20488/87%,7299/75%
8b2d511,3.4.0,nvme1138.mec01.nbulabs.nvidia.com, ,16-02-2026 11:34:40, (KC),RoCE, ,3686,2457,3009/99%,5990/95%,166.0/99%<RED>,179.0/99%<RED>,406.4/98%<RED>,520512/89%,928218/77%,264536/85%,123135/96%,122361/88%,4179/95%,16-02-2026 11:44:57, (KC),3584,1945,4375/96%,13029/93%,158.0/99%<RED>,162.0/99%<RED>,399.0/98%<RED>,418422/78%,2160897/75%,585117/81%,126632/91%,127407/93%,4367/94%,16-02-2026 11:55:18, (KC),4096,1843,8752/93%,25778/87%,234.0/99%<RED>,235.0/99%<RED>,419.0/98%<RED>,619621/61%,4225781/56%,1125439/70%,255887/80%,244648/77%,8327/88%, , , , , , , , , , , , , , , , , , , , , , , , , , , , , ,16-02-2026 12:05:35, (KC),2252,665,6301/88%,46940/71%,736.0/99%,855.0/99%,454.2/98%,145838/62%,8506719/26%,2117691/34%,30794/85%,81011/72%,10451/82%,4314/85%,45072/71%,907.0/99%,773.4/97%,23711/87%,345998/62%,6918/77%,3881/85%,45492/69%,946.0/99%,771.0/97%,338075/60%,20617/87%,6638/76%
e22bb33,3.3.1,nvme241.mtl.nbulabs.nvidia.com, , , , , , , , , , , , , , , , , , ,16-02-2026 12:32:23, (KC),RoCE,1536,1331,2038/90%,6509/97%,58.0/97%,84.0/97%<RED>,102.83333333333333/97%,323601/40%,1407052/24%,381311/82%,61312/80%,61392/94%,16-02-2026 12:43:09, (KC),2150,1433,2290/92%,12834/93%<RED>,60.0/96%,87.0/97%,101.16666666666667/97%,303615/36%<RED>,2591219/15%,717791/65%,69798/74%,69210/93%,2290/97%, , , , , , , , , , , , , , , , , , , , , , , , , , , , , ,16-02-2026 12:53:42, (KC),1331,611,3100/58%,25258/80%,261.0/97%,358.0/96%,111.16666666666667/98%,58951/35%,1124313/35%,476421/33%,17927/52%,28390/47%,3236/92%,2185/64%,24663/49%,531.0/96%,173.66666666666666/95%,14418/54%,187559/50%,2590/88%,1783/68%,24467/40%,508.0/96%,171.83333333333334/95%,180804/41%,12096/58%,2410/88%
339553c,3.4.0+NVMESH-7635,nvme1138.mec01.nbulabs.nvidia.com, ,16-02-2026 13:31:32, (KC),RoCE, ,3686,2560,3609/99%,6021/95%,166.0/99%<RED>,181.0/99%<RED>,415.6/98%<RED>,500595/89%,929665/84%,265848/86%,122537/97%,122527/89%,4176/96%,16-02-2026 13:41:47, (KC),3584,1843,4358/96%,12934/93%,166.0/99%<RED>,166.0/99%<RED>,395.6/98%<RED>,325032/81%,2146373/76%,584044/80%,128228/91%,128080/88%,4364/94%,16-02-2026 13:52:05, (KC),4198,1843,8773/93%,25887/87%,235.0/99%<RED>,237.0/99%<RED>,421.8/98%<RED>,623385/62%,4191572/52%,1122881/69%,256163/79%,254735/81%,8715/88%, , , , , , , , , , , , , , , , , , , , , , , , , , , , , ,16-02-2026 14:02:23, (KC),2150,685,6516/87%,47359/75%,714.0/99%,839.0/99%,477.0/98%,143211/63%,8487966/26%,2094100/36%,31688/86%,88234/73%,10843/81%,4135/85%,45428/69%,889.0/99%,794.6/97%,23749/87%,347951/62%,7333/76%,3668/86%,45060/71%,921.0/99%,767.0/97%,339460/65%,21292/87%,7655/75%
0f888e2e14,3.3.1-HF6,nvme241.mtl.nbulabs.nvidia.com, , , , , , , , , , , , , , , , , , ,16-02-2026 14:24:54, (KC),RoCE,1126,1331,2007/89%,6569/97%,57.0/97%,84.0/97%<RED>,102.66666666666667/97%,314590/41%,1415793/27%,381530/76%,61483/79%,61242/93%,16-02-2026 14:35:54, (KC),2048,1433,2244/92%<RED>,13070/94%,62.0/96%,88.0/97%,102.5/97%,293962/34%<RED>,1689576/42%<RED>,717833/52%,68206/75%,67886/93%,2247/96%, , , , , , , , , , , , , , , , , , , , , , , , , , , , , ,16-02-2026 14:46:40, (KC),1433,607,2318/63%,25418/77%,261.0/97%,358.0/96%,111.33333333333333/97%,59669/35%,1125064/28%,471043/24%,18044/49%,27828/45%,3209/92%,2197/63%,24660/47%,536.0/96%,173.16666666666666/95%,14195/54%,189401/50%,2588/88%,1792/68%,24554/42%,507.0/96%,172.0/95%,180798/36%,12118/58%,2398/88%
f8e62c2,NVMESH-7635,nvme1138.mec01.nbulabs.nvidia.com, , , ,RoCE, , , , , , , , , , , , , , , , , , , , , , , , , , , , , , , , , , , , , , , , , , , , , , , , , , , , , , , , , , , , , , , , , , , , , , , , , ,16-02-2026 21:21:36, (KC),2150,568,6362/88%,45891/75%,857.0/99%,976.0/99%,533.4/98%,141828/65%,7453139/35%,2090115/41%,31522/85%,65272/77%,9551/83%,4046/86%,45704/72%,907.0/99%,790.4/97%,23130/87%,346712/60%,6731/78%,3660/86%,45073/72%,974.0/99%,780.0/97%,338201/69%,21065/87%,6799/77%
f8e62c2,NVMESH-7635,nvme1138.mec01.nbulabs.nvidia.com, , , ,RoCE, , , , , , , , , , , , , , , , , , , , , , , , , , , , , , , , , , , , , , , , , , , , , , , , , , , , , , , , , , , , , , , , , , , , , , , , , ,17-02-2026 12:35:12, (KC),2150,624,6400/87%,47726/76%,756.0/99%,867.0/99%,488.6/98%,138802/65%,8494205/31%,2111302/39%,30167/86%,61614/77%,9837/83%,4028/86%,45518/71%,891.0/99%,787.2/97%,24265/86%,346396/63%,5133/82%,3640/86%,45093/71%,980.0/99%,771.2/97%,339901/65%,20129/87%,6317/78%
e5140a5,3.4.0,nvme1138.mec01.nbulabs.nvidia.com, ,17-02-2026 14:09:03, (KC),RoCE, ,602,556,3956/95%,6034/84%,137.0/99%<RED>,284.0/99%<RED>,561.2/97%<RED>,677163/67%,937301/74%,286602/82%,130340/90%,128661/77%,4404/87%,17-02-2026 14:21:17, (KC),1024,476,4383/87%,13118/83%,859.0/99%<RED>,883.0/99%<RED>,598.6/97%<RED>,247020/75%,2074465/60%,584935/75%,127702/75%,128089/76%,4369/85%,17-02-2026 14:33:14, (KC),1331,564,6939/80%,26166/77%,971.0/99%<RED>,1030.0/99%<RED>,587.8/97%<RED>,254242/73%<RED>,1968140/57%<RED>,1116306/56%,125943/74%,255367/62%,8708/80%, , , , , , , , , , , , , , , , , , , , , , , , , , , , , ,17-02-2026 14:44:45, (KC),1331,307,1490/95%,46511/70%,2238.0/99%,2116.0/99%,901.0/98%,31389/82%,1482467/56%,599918/57%,9675/92%,45851/77%,4188/86%,1100/93%,27476/70%,2182.0/99%,1332.0/96%,5764/94%,240448/60%,3599/85%,1128/91%,26745/70%,2306.0/99%,1309.8/96%,226288/60%,5611/94%,3409/84%
68fafb9,3.3.2,nvme1138.mec01.nbulabs.nvidia.com, ,17-02-2026 16:20:31, (KC),RoCE, ,148,189,4057/95%,6271/85%,90.0/99%<RED>,195.0/99%<RED>,474.0/96%<RED>,663496/68%,1084482/66%,292588/79%,128339/90%,128302/75%,4369/88%,17-02-2026 16:38:51, (KC),93.1,112,1286/96%,8039/87%,847.0/99%<RED>,860.0/99%<RED>,618.6/97%<RED>,268922/73%,2122767/59%,587591/71%,128051/73%,127698/76%,4181/86%,17-02-2026 17:02:31, (KC),98.4,126,1136/96%<RED>,23969/79%,968.0/99%<RED>,1027.0/99%<RED>,589.2/97%<RED>,282854/69%<RED>,2177554/56%,1122926/58%,147393/70%,253208/61%,2856/85%, , , , , , , , , , , , , , , , , , , , , , , , , , , , , ,17-02-2026 17:25:10, (KC),1331,310,2986/86%,46809/67%,2229.0/99%,2121.0/99%,928.4/98%,35021/72%,1535909/54%,642163/55%,11906/78%,31889/68%,10044/79%,1746/86%,29245/68%,2179.0/99%,1342.0/96%,10848/81%,254096/58%,5586/78%,1546/87%,28134/68%,2281.0/99%,1327.0/96%,238916/58%,9622/81%,5150/78%
68fafb9,3.3.2,nvme1138.mec01.nbulabs.nvidia.com, ,17-02-2026 19:36:45, (KC),RoCE, ,175,250,4064/96%,6305/89%,98.0/99%<RED>,275.0/99%<RED>,512.4/97%<RED>,711566/66%,1084519/69%,294891/79%,128296/91%,128115/79%,4350/90%,17-02-2026 19:53:27, (KC),98.7,140,3967/91%,9475/89%,786.0/99%<RED>,852.0/99%<RED>,575.2/97%<RED>,341616/67%,2129594/60%,584199/74%,128197/74%,127499/77%,4347/84%,17-02-2026 20:15:26, (KC),120,233,1267/97%<RED>,26219/79%,935.0/99%<RED>,979.0/99%<RED>,576.8/97%<RED>,330598/66%,2692109/52%,1126114/58%,195602/64%,255279/62%,3052/86%, , , , , , , , , , , , , , , , , , , , , , , , , , , , , ,17-02-2026 20:34:10, (KC),1536,343,4237/83%,47445/71%,2096.0/99%,1963.0/99%,891.8/98%,42319/70%,1604467/54%,715882/54%,14569/75%,36311/69%,12460/77%,2220/84%,34710/68%,2014.0/99%,1298.8/96%,14454/77%,302521/57%,6824/76%,1929/85%,33779/67%,2124.0/99%,1281.4/96%,284592/58%,12134/79%,6211/76%
e6ee1bf,3.4.0,nvme1138.mec01.nbulabs.nvidia.com, ,17-02-2026 21:13:45, (KC),RoCE, ,627,564,3903/96%,6078/87%,100.0/99%<RED>,334.0/99%<RED>,517.2/97%<RED>,689335/69%,936149/76%,279492/84%,131412/91%,128304/80%,4363/89%,17-02-2026 21:25:55, (KC),1126,456,4371/90%,13097/85%,806.0/99%<RED>,846.0/99%<RED>,570.2/97%<RED>,296077/72%,2128070/58%,582799/75%,128699/77%,128640/77%,4367/85%,17-02-2026 21:37:50, (KC),1638,567,8725/80%,26215/82%,956.0/99%<RED>,993.0/99%<RED>,588.6/97%<RED>,294339/72%<RED>,2586230/54%,1120133/58%,176853/70%,254736/62%,8703/81%, , , , , , , , , , , , , , , , , , , , , , , , , , , , , ,17-02-2026 21:49:14, (KC),1536,339,2320/93%,48239/73%,2099.0/99%,1962.0/99%,887.4/98%,41907/78%,1612276/54%,711375/55%,11944/91%,52726/74%,8437/84%,1339/92%,34711/68%,2004.0/99%,1317.8/96%,8455/92%,300055/56%,6353/77%,1347/91%,33835/69%,2132.0/99%,1281.0/96%,280576/55%,7905/92%,5768/78%
68fafb9,3.3.2,nvme1138.mec01.nbulabs.nvidia.com, ,17-02-2026 22:28:33, (KC),RoCE, ,3788,2662,3077/99%,5972/96%,66.0/99%,157.0/99%<RED>,402.2/98%<RED>,531024/88%,930356/72%,265653/87%,123586/97%,123393/90%,4199/97%,17-02-2026 22:38:46, (KC),3686,2048,4398/96%,13055/94%,162.0/99%<RED>,168.0/99%<RED>,400.8/98%<RED>,430394/78%,2159317/74%,585016/81%,128833/91%,128646/90%,4386/95%,17-02-2026 22:49:04, (KC),4608,1945,8747/93%,25849/90%,224.0/99%<RED>,230.0/99%<RED>,419.0/98%<RED>,692133/60%,4227535/59%,1123771/69%,255477/80%,247395/79%,8388/90%, , , , , , , , , , , , , , , , , , , , , , , , , , , , , ,17-02-2026 22:59:18, (KC),2560,707,6211/89%,47922/76%,684.0/99%,798.0/99%,462.4/98%,167653/66%,8395112/35%,2177140/47%,34559/82%,119508/77%,12237/84%,3077/90%,45678/75%,829.0/99%,795.8/97%,25295/85%,347703/68%,7843/81%,2984/89%,45572/74%,900.0/99%,778.8/97%,341327/70%,21910/85%,7479/80%
e6ee1bf,3.4.0,nvme1138.mec01.nbulabs.nvidia.com, ,17-02-2026 23:37:30, (KC),RoCE, ,3788,2560,2995/99%,5931/96%,131.0/99%<RED>,145.0/99%<RED>,400.8/98%<RED>,542429/88%,932925/81%,263604/87%,123650/97%,122993/90%,4220/97%,17-02-2026 23:47:44, (KC),3686,1945,4248/96%,13070/95%,161.0/99%<RED>,163.0/99%<RED>,406.2/98%<RED>,425992/78%,2161973/76%,586559/83%,124272/91%,124157/90%,4226/95%,17-02-2026 23:58:02, (KC),4608,1945,8717/92%,25798/89%,234.0/99%<RED>,233.0/99%<RED>,420.8/98%<RED>,669176/62%,4217326/55%,1121906/69%,256088/78%,255722/80%,8432/90%, , , , , , , , , , , , , , , , , , , , , , , , , , , , , ,18-02-2026 00:08:17, (KC),2560,682,7071/87%,47748/76%,698.0/99%,840.0/99%,463.4/98%,175578/59%,8523298/28%,2117494/36%,35598/85%,132949/72%,12268/78%,4804/85%,45440/72%,882.0/99%,788.0/97%,25637/87%,347077/64%,9527/74%,4014/85%,45197/70%,937.0/99%,780.8/97%,340007/66%,22655/87%,8940/73%
aa8cc69,3.4.0,nvme1138.mec01.nbulabs.nvidia.com, ,18-02-2026 13:03:42, (KC),RoCE, ,3788,3379,3243/99%,5967/96%,124.0/99%<RED>,140.0/99%<RED>,406.4/98%<RED>,549407/88%,929160/81%,264401/87%,123879/97%,123600/89%,4206/97%,18-02-2026 13:13:52, (KC),3686,1945,4408/96%,12983/94%,160.0/99%<RED>,164.0/99%<RED>,414.4/98%<RED>,414845/78%,2159813/75%,585241/82%,129583/91%,129217/90%,4394/95%,18-02-2026 13:24:10, (KC),4710,1945,8399/93%,25968/89%,231.0/99%<RED>,236.0/99%<RED>,420.6/98%<RED>,659371/62%,4232312/56%,1126447/69%,246897/79%,245075/81%,8376/90%, , , , , , , , , , , , , , , , , , , , , , , , , , , , , ,18-02-2026 13:34:25, (KC),2560,692,7029/87%,47773/76%,694.0/99%,827.0/99%,475.8/98%,174178/59%,8518960/28%,2101063/39%,35962/85%,114718/70%,12243/80%,4515/85%,45159/70%,874.0/99%,788.6/97%,26044/86%,348082/65%,7831/75%,3905/85%,45529/71%,913.0/99%,779.0/97%,337848/65%,23603/86%,8760/74%
13db572,3.4.0,nvme1138.mec01.nbulabs.nvidia.com, ,19-02-2026 11:07:11, (KC),RoCE, ,660,569,4017/96%,5974/86%,150.0/99%<RED>,307.0/99%<RED>,553.2/97%<RED>,692942/68%,938681/74%,278866/82%,131780/91%,129190/79%,4407/88%,19-02-2026 11:19:16, (KC),1024,470,4403/89%,13154/83%,831.0/99%<RED>,850.0/99%<RED>,607.4/97%<RED>,315187/71%,2129085/57%,584194/72%,128663/77%,128034/76%,4376/84%,19-02-2026 11:31:13, (KC),1740,616,8790/81%,26192/83%,963.0/99%<RED>,991.0/99%<RED>,576.4/97%<RED>,281320/72%<RED>,2514808/55%,1124242/59%,166100/71%,257325/63%,8763/81%, , , , , , , , , , , , , , , , , , , , , , , , , , , , , ,19-02-2026 11:42:29, (KC),1536,338,2560/92%,47793/72%,2105.0/99%,1976.0/99%,894.4/98%,41141/75%,1570292/55%,695845/55%,12852/90%,53598/73%,9370/83%,1460/91%,33922/69%,2032.0/99%,1308.0/96%,9755/91%,294920/57%,6066/78%,1474/90%,32925/69%,2130.0/99%,1301.2/96%,275801/57%,8559/91%,5888/77%
68fafb9,3.3.2,nvme1138.mec01.nbulabs.nvidia.com, ,19-02-2026 12:38:17, (KC),RoCE, ,202,251,3913/96%,6259/88%,112.0/99%<RED>,223.0/99%<RED>,485.6/97%<RED>,713302/66%,1092080/69%,293847/80%,128242/91%,128403/78%,4355/89%,19-02-2026 12:54:26, (KC),103,97.2,3399/93%,9747/88%,809.0/99%<RED>,845.0/99%<RED>,584.2/97%<RED>,321709/69%,2129016/59%,582130/73%,128236/76%,127953/76%,4365/84%,19-02-2026 13:18:19, (KC),129,231,1330/96%<RED>,25123/81%,952.0/99%<RED>,987.0/99%<RED>,585.8/97%<RED>,330146/67%,2695344/53%,1123567/57%,190008/65%,256295/62%,2560/87%, , , , , , , , , , , , , , , , , , , , , , , , , , , , , ,19-02-2026 13:36:39, (KC),1536,342,4072/84%,47741/72%,2115.0/99%,1989.0/99%,895.2/98%,35682/71%,1534489/53%,708018/54%,13949/76%,36139/68%,12357/77%,2143/85%,34467/67%,2027.0/99%,1316.0/96%,13877/79%,295106/56%,6927/75%,1858/85%,33685/67%,2151.0/99%,1308.8/96%,276294/55%,11618/79%,6127/76%
13db572,3.4.0,nvme1138.mec01.nbulabs.nvidia.com, ,19-02-2026 14:11:11, (KC),RoCE, ,642,547,3883/96%,6001/87%,165.0/99%<RED>,321.0/99%<RED>,566.4/97%<RED>,691614/72%,937481/75%,292417/83%,130053/91%,128356/81%,4382/89%,19-02-2026 14:23:22, (KC),1024,442,4372/90%,13133/85%,815.0/99%<RED>,849.0/99%<RED>,564.0/97%<RED>,288287/73%,2126256/58%,583018/75%,127780/77%,127861/76%,4382/87%,19-02-2026 14:35:22, (KC),1638,604,8752/79%,26229/81%,953.0/99%<RED>,999.0/99%<RED>,590.6/97%<RED>,298907/70%<RED>,2485156/54%,1124958/57%,171664/69%,256949/62%,8741/81%, , , , , , , , , , , , , , , , , , , , , , , , , , , , , ,19-02-2026 14:46:43, (KC),1638,336,2326/93%,48103/70%,2115.0/99%,1978.0/99%,894.2/98%,39740/78%,1590639/54%,691365/55%,12189/91%,53640/75%,8310/84%,1339/92%,33764/70%,2033.0/99%,1301.8/96%,8733/92%,286781/57%,6184/78%,1392/90%,32818/69%,2133.0/99%,1290.2/96%,271263/57%,7967/92%,5881/77%
68fafb9,3.3.2,nvme1138.mec01.nbulabs.nvidia.com, ,19-02-2026 16:59:06, (KC),RoCE, ,268,166,4218/95%,6365/85%,98.0/99%<RED>,190.0/99%<RED>,460.2/97%<RED>,684408/68%,1083661/67%,293086/78%,128619/90%,128505/75%,4391/87%,19-02-2026 17:15:48, (KC),87.8,142,2896/92%,8750/87%,823.0/99%<RED>,884.0/99%<RED>,574.8/97%<RED>,294419/70%,2128520/59%,586162/70%,128289/70%,127857/75%,4360/84%,19-02-2026 17:38:36, (KC),116,177,1158/96%<RED>,25357/77%,976.0/99%<RED>,1019.0/99%<RED>,614.0/97%<RED>,270340/70%<RED>,2183827/54%,1113972/56%,142024/70%,255857/59%,3050/84%, , , , , , , , , , , , , , , , , , , , , , , , , , , , , ,19-02-2026 17:58:29, (KC),1331,311,3305/84%,46929/69%,2202.0/99%,2103.0/99%,942.6/98%,36400/72%,1513154/55%,630551/56%,12235/77%,31347/69%,11062/79%,1867/85%,28921/69%,2161.0/99%,1355.4/96%,11797/80%,258179/58%,5894/77%,1649/86%,28218/68%,2277.0/99%,1333.6/95%,241279/59%,10133/81%,5459/77%
6f11188,3.4.0,nvme1138.mec01.nbulabs.nvidia.com, ,19-02-2026 18:38:28, (KC),RoCE, ,622,564,3998/95%,5970/85%,160.0/99%<RED>,271.0/99%<RED>,567.8/97%<RED>,685660/67%,937240/73%,291381/82%,128735/90%,129019/80%,4384/87%,19-02-2026 18:50:39, (KC),1024,448,4366/87%,13127/83%,847.0/99%<RED>,912.0/99%<RED>,600.2/97%<RED>,233122/76%<RED>,2085940/60%,586911/71%,117187/77%,127934/75%,4367/85%,19-02-2026 19:02:40, (KC),1740,583,7041/80%,26389/77%,986.0/99%<RED>,1027.0/99%<RED>,607.4/97%<RED>,242072/74%<RED>,2041507/56%<RED>,1126274/56%,117505/76%,254801/60%,8669/79%, , , , , , , , , , , , , , , , , , , , , , , , , , , , , ,19-02-2026 19:14:02, (KC),1433,303,1657/94%,46654/70%,2228.0/99%,2112.0/99%,904.2/98%,28979/84%,1489943/57%,593781/59%,10055/91%,44894/77%,5099/86%,1125/92%,27349/71%,2163.0/99%,1338.6/96%,5729/94%,236844/60%,3655/84%,1159/91%,26623/71%,2301.0/99%,1314.8/96%,222750/59%,5879/93%,3646/84%
68fafb9,3.3.2,nvme1138.mec01.nbulabs.nvidia.com, ,19-02-2026 20:00:57, (KC),RoCE, ,3686,2457,2746/99%,5871/95%,140.0/99%<RED>,173.0/99%<RED>,378.4/98%<RED>,521482/89%,928996/79%,265435/85%,122727/96%,122418/89%,4163/96%,19-02-2026 20:11:11, (KC),3686,1945,4391/96%,12821/93%,159.0/99%<RED>,170.0/99%<RED>,392.2/98%<RED>,448600/78%,2156075/74%,584599/80%,128310/91%,128030/88%,4365/95%,19-02-2026 20:21:27, (KC),4403,1945,8752/92%,25996/88%,236.0/99%<RED>,236.0/99%<RED>,406.4/98%<RED>,639373/62%,4225373/59%,1124903/69%,256028/81%,255713/79%,8677/88%, , , , , , , , , , , , , , , , , , , , , , , , , , , , , ,19-02-2026 20:31:43, (KC),2252,641,5794/89%,47838/77%,724.0/99%,840.0/99%,477.8/98%,134444/68%,8379239/34%,1627972/52%,29682/82%,99015/77%,11465/84%,2939/90%,45590/75%,872.0/99%,782.0/97%,22922/85%,344978/65%,5747/84%,2635/90%,45623/73%,927.0/99%,763.8/97%,339385/61%,20522/85%,4417/82%
6f11188,3.4.0,nvme1138.mec01.nbulabs.nvidia.com, ,19-02-2026 21:09:57, (KC),RoCE, ,3788,2662,3310/99%,6009/95%,116.0/99%<RED>,129.0/99%<RED>,381.4/98%<RED>,501785/89%,930778/85%,266599/86%,122749/97%,122366/89%,4181/96%,19-02-2026 21:20:11, (KC),3686,1945,4387/96%,12884/93%,163.0/99%<RED>,164.0/99%<RED>,386.8/98%<RED>,382722/79%,2149986/71%,583582/83%,128710/91%,128538/88%,4377/94%,19-02-2026 21:30:27, (KC),4300,1843,8751/93%,25921/86%,235.0/99%<RED>,235.0/99%<RED>,415.2/98%<RED>,642123/63%,4222182/54%,1127927/70%,254206/80%,254015/82%,8652/89%, , , , , , , , , , , , , , , , , , , , , , , , , , , , , ,19-02-2026 21:40:43, (KC),2457,683,6474/88%,47467/76%,714.0/99%,846.0/99%,451.4/98%,144448/62%,8469265/26%,2110970/34%,31133/86%,83250/73%,10695/82%,4402/85%,45521/70%,889.0/99%,784.2/97%,24767/87%,347199/58%,7032/76%,3920/85%,45261/70%,940.0/99%,773.6/97%,340350/65%,20638/87%,7237/75%
ae43f4f,340_no_shaper,nvme1138.mec01.nbulabs.nvidia.com, ,20-02-2026 11:54:15, (KC),RoCE, ,624,552,4003/95%,6035/84%,105.0/99%<RED>,284.0/99%<RED>,561.0/97%<RED>,648798/71%,969812/70%,295823/81%,133026/90%,129364/77%,4427/86%,20-02-2026 12:06:28, (KC),1126,447,4403/86%,13124/82%,864.0/99%<RED>,915.0/99%<RED>,581.2/97%<RED>,260584/73%,2086758/62%,587421/71%,128493/73%,128897/75%,4384/84%,20-02-2026 12:18:25, (KC),1536,556,6744/79%,25982/76%,1001.0/99%<RED>,1012.0/99%<RED>,596.2/97%<RED>,233727/73%<RED>,2004581/57%<RED>,1126640/56%,123898/73%,255022/60%,8722/80%, , , , , , , , , , , , , , , , , , , , , , , , , , , , , ,20-02-2026 12:29:53, (KC),1433,308,2773/89%,46493/70%,2215.0/99%,2102.0/99%,895.4/97%,25853/86%,1465277/55%,605274/58%,12992/87%,45899/80%,9534/83%,1390/90%,27554/71%,2150.0/99%,1325.0/96%,10221/88%,239729/61%,4325/84%,1264/90%,26806/71%,2283.0/99%,1299.6/96%,225787/61%,9029/88%,3400/85%
ae43f4f,340_no_shaper,nvme1138.mec01.nbulabs.nvidia.com, ,20-02-2026 13:21:33, (KC),RoCE, ,611,548,4079/95%,6317/85%,95.0/99%<RED>,192.0/99%<RED>,529.8/97%<RED>,667142/67%,1085442/70%,296203/81%,130002/90%,130105/79%,4430/86%,20-02-2026 13:33:48, (KC),1126,461,4423/87%,13069/84%,830.0/99%<RED>,864.0/99%<RED>,590.4/97%<RED>,268257/72%,2103506/62%,590678/72%,128097/73%,129744/75%,4417/85%,20-02-2026 13:45:42, (KC),1433,579,6647/79%,26222/79%,918.0/99%<RED>,959.0/99%<RED>,574.2/97%<RED>,234998/72%<RED>,1964142/57%<RED>,1127035/57%,124462/73%,256845/60%,8757/80%, , , , , , , , , , , , , , , , , , , , , , , , , , , , , ,20-02-2026 13:57:09, (KC),1433,305,2673/90%,46825/69%,2252.0/99%,2123.0/99%,913.6/98%,22630/89%,1446242/55%,599328/56%,13314/87%,46874/78%,9629/82%,1373/90%,28226/70%,2180.0/99%,1339.4/96%,10220/89%,238440/61%,4417/83%,1241/90%,27440/69%,2280.0/99%,1288.2/96%,224090/60%,9226/88%,3884/82%
68fafb9,3.3.2,nvme1138.mec01.nbulabs.nvidia.com, ,20-02-2026 15:45:47, (KC),RoCE, ,161,174,4336/95%,6346/85%,102.0/99%<RED>,114.0/99%<RED>,526.6/97%<RED>,679168/69%,1085525/66%,295686/78%,129810/90%,129763/75%,4416/87%,20-02-2026 16:04:00, (KC),91.1,105,1151/96%,8430/87%,842.0/99%<RED>,904.0/99%<RED>,582.2/97%<RED>,296060/70%,2118026/59%,586757/70%,129504/71%,129317/75%,4406/85%,20-02-2026 16:28:16, (KC),125,83.6,1227/96%<RED>,24612/78%,993.0/99%<RED>,1021.0/99%<RED>,574.0/97%<RED>,257145/70%<RED>,2200225/55%,1124982/56%,138214/70%,253556/61%,2767/85%, , , , , , , , , , , , , , , , , , , , , , , , , , , , , ,20-02-2026 16:52:05, (KC),1433,313,3114/85%,46513/69%,2211.0/99%,2092.0/99%,921.6/98%,34601/72%,1535506/54%,640619/55%,12154/77%,31875/68%,10431/79%,1816/86%,28713/69%,2156.0/99%,1344.2/96%,11434/80%,256441/59%,5735/78%,1650/86%,28063/68%,2287.0/99%,1328.8/96%,240627/59%,9789/80%,5274/78%
d976870,tcp_no_double2,nvme1138.mec01.nbulabs.nvidia.com, ,20-02-2026 21:45:13, (KC),RoCE, ,761,566,3913/95%,6057/84%,103.0/99%<RED>,274.0/99%<RED>,550.8/97%<RED>,670508/70%,938512/71%,286420/81%,131711/90%,129901/76%,4422/86%,20-02-2026 21:57:12, (KC),1331,411,4425/87%,13086/83%,855.0/99%<RED>,847.0/99%<RED>,580.8/97%<RED>,279486/71%,2108419/59%,588372/71%,129504/72%,129183/74%,4421/84%,20-02-2026 22:09:12, (KC),1638,592,7842/75%,26242/77%,939.0/99%<RED>,991.0/99%<RED>,579.0/97%<RED>,277668/68%<RED>,2011011/56%<RED>,1122197/57%,141790/71%,255911/60%,8723/80%, , , , , , , , , , , , , , , , , , , , , , , , , , , , , ,20-02-2026 22:20:34, (KC),1433,308,3609/86%,47102/69%,2198.0/99%,2100.0/99%,903.2/97%,42655/73%,1459485/57%,603483/57%,16349/83%,53062/73%,11267/78%,1710/87%,29073/69%,2148.0/99%,1335.4/96%,13315/84%,254028/59%,5710/78%,1581/86%,28485/69%,2262.0/99%,1309.8/96%,238061/59%,11531/84%,5359/77%
d976870,tcp_no_double2,nvme1138.mec01.nbulabs.nvidia.com, ,20-02-2026 22:59:59, (KC),RoCE, ,616,543,3857/95%,6025/85%,162.0/99%<RED>,269.0/99%<RED>,536.8/97%<RED>,677246/69%,961575/74%,293927/82%,131678/90%,129568/79%,4428/87%,20-02-2026 23:12:12, (KC),1331,455,4428/87%,13118/83%,835.0/99%<RED>,840.0/99%<RED>,553.6/97%<RED>,271253/71%,2111376/60%,586114/72%,125607/72%,129016/75%,4414/84%,20-02-2026 23:24:03, (KC),1638,572,7764/74%,26151/78%,994.0/99%<RED>,1024.0/99%<RED>,577.6/97%<RED>,279884/69%<RED>,2086654/56%,1118915/57%,143603/69%,255893/60%,8719/79%, , , , , , , , , , , , , , , , , , , , , , , , , , , , , ,20-02-2026 23:35:28, (KC),1536,311,3500/86%,47015/69%,2206.0/99%,2093.0/99%,889.4/98%,37862/74%,1503910/55%,617925/57%,15919/83%,51638/73%,10748/79%,1689/87%,28672/69%,2155.0/99%,1327.4/96%,13373/83%,251757/59%,5905/78%,1566/86%,27875/69%,2267.0/99%,1330.4/96%,236127/59%,11437/84%,5346/77%
d976870,tcp_no_double3,nvme1138.mec01.nbulabs.nvidia.com, ,21-02-2026 21:55:25, (KC),RoCE, ,620,551,4044/95%,6041/85%,110.0/99%<RED>,253.0/99%<RED>,549.2/97%<RED>,685504/66%,942635/74%,293597/82%,130911/90%,129661/79%,4415/88%,21-02-2026 22:07:38, (KC),1228,455,4428/86%,13168/83%,830.0/99%<RED>,881.0/99%<RED>,586.2/97%<RED>,292674/69%,2110707/61%,585929/72%,129564/71%,129144/75%,4420/85%,21-02-2026 22:19:32, (KC),1433,570,7352/77%,26108/78%,982.0/99%<RED>,991.0/99%<RED>,576.0/97%<RED>,274250/68%<RED>,2025182/57%<RED>,1121097/57%,142690/69%,231577/63%,8721/80%, , , , , , , , , , , , , , , , , , , , , , , , , , , , , ,21-02-2026 22:31:01, (KC),1433,303,3606/86%,47326/68%,2217.0/99%,2097.0/99%,909.0/97%,42589/73%,1517069/54%,620113/56%,16758/82%,52646/73%,10955/79%,1723/87%,29184/69%,2172.0/99%,1329.0/96%,13580/84%,254965/58%,5624/78%,1594/86%,28437/69%,2287.0/99%,1327.4/96%,239140/58%,11733/84%,5276/78%
68fafb9,3.3.2,nvme1138.mec01.nbulabs.nvidia.com, ,21-02-2026 23:12:41, (KC),RoCE, ,152,193,4381/95%,6381/86%,101.0/99%<RED>,207.0/99%<RED>,506.4/97%<RED>,670155/67%,1088511/66%,294874/78%,129583/90%,129290/75%,4406/87%,21-02-2026 23:30:49, (KC),87.6,139,1227/96%,8310/87%,796.0/99%<RED>,871.0/99%<RED>,594.2/97%<RED>,280852/71%,2128873/56%,586134/71%,129246/73%,129338/74%,4001/82%,21-02-2026 23:53:47, (KC),111,169,1112/96%<RED>,24843/78%,1002.0/99%<RED>,1041.0/99%<RED>,586.0/97%<RED>,266186/68%<RED>,2227188/55%,1125293/55%,140548/69%,255824/61%,2728/85%, , , , , , , , , , , , , , , , , , , , , , , , , , , , , ,22-02-2026 00:14:07, (KC),1433,310,3189/85%,46591/69%,2228.0/99%,2073.0/99%,922.0/98%,35046/72%,1552329/54%,640950/57%,12100/77%,31834/69%,10791/79%,1822/86%,28513/69%,2154.0/99%,1353.4/96%,11483/81%,252071/60%,5987/78%,1607/86%,27656/69%,2273.0/99%,1329.4/96%,236651/60%,9925/81%,5354/78%
6ec1308,nvmesh_7839,nvme1138.mec01.nbulabs.nvidia.com, ,22-02-2026 09:31:16, (KC),RoCE, ,608,542,3840/95%,5981/85%,201.0/99%<RED>,293.0/99%<RED>,555.2/97%<RED>,691244/65%,940755/73%,294503/80%,130914/90%,130759/79%,4409/86%,22-02-2026 09:43:29, (KC),948,451,4423/87%,13131/83%,849.0/99%<RED>,887.0/99%<RED>,559.8/97%<RED>,251189/76%,2118127/59%,586971/73%,125981/77%,129289/75%,4225/84%,22-02-2026 09:55:36, (KC),1536,560,7086/78%,25796/77%,957.0/99%<RED>,1025.0/99%<RED>,576.6/97%<RED>,247759/74%<RED>,1993499/56%<RED>,1122751/57%,124579/75%,248920/62%,8431/80%, , , , , , , , , , , , , , , , , , , , , , , , , , , , , ,22-02-2026 10:07:04, (KC),1433,304,1955/93%,46507/71%,2224.0/99%,2124.0/99%,908.8/98%,38641/78%,1434825/56%,598013/57%,11290/90%,47397/76%,6446/85%,1177/92%,27498/71%,2178.0/99%,1361.6/96%,7625/92%,242142/60%,5117/80%,1248/90%,27011/71%,2305.0/99%,1338.0/96%,228194/60%,6860/92%,4846/79%
3f38fdf,nvmesh_7839,nvme1138.mec01.nbulabs.nvidia.com, ,22-02-2026 11:01:44, (KC),RoCE, ,613,538,3743/95%,5988/84%,99.0/99%<RED>,218.0/99%<RED>,549.2/96%<RED>,675839/68%,940314/72%,288784/82%,129763/90%,128431/76%,4373/86%,22-02-2026 11:13:58, (KC),955,460,4233/87%,13272/84%,832.0/99%<RED>,900.0/99%<RED>,589.4/97%<RED>,256833/77%,2111434/61%,586814/74%,123413/76%,123214/77%,4206/86%,22-02-2026 11:25:58, (KC),1536,590,7225/79%,26198/77%,982.0/99%<RED>,1003.0/99%<RED>,595.6/97%<RED>,244980/74%<RED>,2109842/56%,1122891/56%,129637/75%,255363/61%,8730/79%, , , , , , , , , , , , , , , , , , , , , , , , , , , , , ,22-02-2026 11:37:21, (KC),1433,302,1814/93%,46829/70%,2241.0/99%,2119.0/99%,894.4/97%,37332/78%,1508920/56%,619242/58%,11235/90%,47850/76%,6433/85%,1189/92%,28183/71%,2171.0/99%,1356.2/96%,7095/93%,246685/60%,4806/81%,1236/90%,27367/70%,2299.0/99%,1320.2/95%,231840/60%,6829/92%,4838/80%
68fafb9,3.3.2,nvme1138.mec01.nbulabs.nvidia.com, , , ,TCP, , , , , , , , , , , , , , , , , , , , , , , , , , , , , , , , , , , , , , , , , , , , , , , , , , , , , , , , , , , , , , , , , , , , , , , , , ,22-02-2026 14:19:58, (KC),1331,294,3313/84%,45211/69%,2332.0/99%,2247.0/99%,960.8/98%,35387/71%,1526910/56%,632818/57%,12511/76%,30612/70%,10549/80%,1869/85%,28327/70%,2166.0/99%,1343.8/96%,11835/79%,249125/59%,5684/78%,1677/85%,27852/70%,2283.0/99%,1318.2/96%,235417/59%,9824/79%,5329/78%
d976870,tcp_no_double3,nvme1138.mec01.nbulabs.nvidia.com, , , ,TCP, , , , , , , , , , , , , , , , , , , , , , , , , , , , , , , , , , , , , , , , , , , , , , , , , , , , , , , , , , , , , , , , , , , , , , , , , ,22-02-2026 14:56:32, (KC),1433,291,3724/85%,45328/70%,2362.0/99%,2260.0/99%,937.2/98%,38203/73%,1475072/57%,599414/57%,16397/82%,51802/74%,10551/80%,1736/86%,27922/70%,2165.0/99%,1350.4/96%,13603/83%,246383/60%,5497/79%,1601/86%,27315/69%,2284.0/99%,1332.4/96%,231612/60%,11622/83%,5233/78%
a8fb4de,nvmesh_7839,nvme1138.mec01.nbulabs.nvidia.com, , , ,TCP, , , , , , , , , , , , , , , , , , , , , , , , , , , , , , , , , , , , , , , , , , , , , , , , , , , , , , , , , , , , , , , , , , , , , , , , , ,22-02-2026 15:44:28, (KC),1228,303,1409/95%,45151/71%,2347.0/99%,2258.0/99%,935.6/98%,35833/80%,1434041/56%,594684/58%,10669/91%,40157/81%,4272/86%,891/94%,27322/71%,2168.0/99%,1332.0/96%,6311/94%,243664/61%,3844/83%,876/93%,26732/71%,2295.0/99%,1334.8/96%,228189/61%,6208/93%,3956/82%
a8fb4de,nvmesh_7839,nvme1138.mec01.nbulabs.nvidia.com, , , ,TCP, , , , , , , , , , , , , , , , , , , , , , , , , , , , , , , , , , , , , , , , , , , , , , , , , , , , , , , , , , , , , , , , , , , , , , , , , ,22-02-2026 16:12:41, (KC), , , , , , , , , , , , , , , , , ,6957/93%, , , , , , , , , 
a8fb4de,nvmesh_7839,nvme1138.mec01.nbulabs.nvidia.com, , , ,TCP, , , , , , , , , , , , , , , , , , , , , , , , , , , , , , , , , , , , , , , , , , , , , , , , , , , , , , , , , , , , , , , , , , , , , , , , , ,22-02-2026 16:19:07, (KC), , , , , , , , , , , , , , , , , ,7397/92%, , , , , , , , , 
a8fb4de,nvmesh_7839,nvme1138.mec01.nbulabs.nvidia.com, , , ,TCP, , , , , , , , , , , , , , , , , , , , , , , , , , , , , , , , , , , , , , , , , , , , , , , , , , , , , , , , , , , , , , , , , , , , , , , , , ,22-02-2026 16:31:14, (KC), , , , , , , , , , , , , , , , , ,14854/79%, , , , , , , , , 
a8fb4de,nvmesh_7839,nvme1138.mec01.nbulabs.nvidia.com, , , ,TCP, , , , , , , , , , , , , , , , , , , , , , , , , , , , , , , , , , , , , , , , , , , , , , , , , , , , , , , , , , , , , , , , , , , , , , , , , ,22-02-2026 16:46:23, (KC), , , , , , , , , , , , , , , , , ,16783/71%, , , , , , , , , 
a8fb4de,nvmesh_7839,nvme1138.mec01.nbulabs.nvidia.com, , , ,TCP, , , , , , , , , , , , , , , , , , , , , , , , , , , , , , , , , , , , , , , , , , , , , , , , , , , , , , , , , , , , , , , , , , , , , , , , , ,22-02-2026 16:51:39, (KC), , , , , , , , , , , , , , , , , ,6609/92%, , , , , , , , , 
a8fb4de,nvmesh_7839,nvme1138.mec01.nbulabs.nvidia.com, , , ,TCP, , , , , , , , , , , , , , , , , , , , , , , , , , , , , , , , , , , , , , , , , , , , , , , , , , , , , , , , , , , , , , , , , , , , , , , , , ,22-02-2026 16:55:48, (KC), , , , , , , , , , , , , , , , , ,15138/79%, , , , , , , , , 
cf4f59b,nvmesh_7839,nvme1138.mec01.nbulabs.nvidia.com, , , ,TCP, , , , , , , , , , , , , , , , , , , , , , , , , , , , , , , , , , , , , , , , , , , , , , , , , , , , , , , , , , , , , , , , , , , , , , , , , ,22-02-2026 17:16:53, (KC),1331,297,3665/84%,45831/68%,2323.0/99%,2246.0/99%,999.8/98%,36885/75%,1513083/55%,613137/56%,16271/82%,54548/73%,12031/77%,1893/82%,29609/67%,2156.0/99%,1434.0/96%,13922/82%,246150/59%,6420/74%,1625/83%,28729/67%,2290.0/99%,1374.8/96%,230262/58%,11570/83%,5819/75%
cf4f59b,nvmesh_7839,nvme1138.mec01.nbulabs.nvidia.com, , , ,TCP, , , , , , , , , , , , , , , , , , , , , , , , , , , , , , , , , , , , , , , , , , , , , , , , , , , , , , , , , , , , , , , , , , , , , , , , , ,22-02-2026 17:54:47, (KC),1331,310,3595/84%,47443/68%,2187.0/99%,2105.0/99%,988.6/98%,36414/76%,1467512/55%,593661/56%,16427/81%,54334/74%,11896/77%,1871/83%,29497/68%,2162.0/99%,1424.8/96%,13947/82%,244844/59%,6615/74%,1621/83%,28580/67%,2288.0/99%,1400.4/96%,230081/58%,11627/83%,5652/75%
cf4f59b,nvmesh_7839,nvme1138.mec01.nbulabs.nvidia.com, ,22-02-2026 18:49:10, (KC),RoCE, ,610,514,4001/95%,6022/85%,173.0/99%<RED>,330.0/99%<RED>,611.4/97%<RED>,648945/62%,970982/72%,294400/82%,129978/89%,129155/79%,4418/87%,22-02-2026 19:01:30, (KC),837,450,4378/86%,13033/84%,874.0/99%<RED>,902.0/99%<RED>,657.4/97%<RED>,278175/73%,2113080/58%,584411/69%,128006/73%,128007/75%,4378/85%,22-02-2026 19:13:40, (KC),1536,557,7171/78%,26289/77%,1000.0/99%<RED>,985.0/99%<RED>,638.4/97%<RED>,267318/72%<RED>,2082410/53%,1126951/53%,127562/73%,244281/61%,8306/80%, , , , , , , , , , , , , , , , , , , , , , , , , , , , , ,22-02-2026 19:25:09, (KC),1331,313,3539/85%,47393/67%,2196.0/99%,2092.0/99%,995.8/98%,36223/75%,1527139/55%,625150/56%,16429/81%,54559/74%,12030/77%,1883/83%,29520/67%,2157.0/99%,1412.0/96%,13872/82%,245556/59%,6245/75%,1606/83%,28674/67%,2299.0/99%,1409.0/95%,230006/58%,11608/83%,5765/76%
cf4f59b,nvmesh_7839,nvme1138.mec01.nbulabs.nvidia.com, ,22-02-2026 20:04:54, (KC),TCP,ENABLED,624,537,3954/95%,5961/85%,111.0/99%<RED>,290.0/99%<RED>,607.8/97%<RED>,658724/60%,938046/72%,294007/81%,131614/89%,129607/77%,4420/87%,22-02-2026 20:17:06, (KC),914,448,4197/87%,13102/84%,876.0/99%<RED>,876.0/99%<RED>,628.2/97%<RED>,302258/71%,2108909/59%,586172/69%,123126/73%,122755/76%,4190/85%,22-02-2026 20:29:14, (KC),1638,570,7225/77%,26326/76%,939.0/99%<RED>,963.0/99%<RED>,638.0/97%<RED>,283404/69%<RED>,2087346/55%,1116420/55%,138889/70%,247445/61%,8369/79%, , , , , , , , , , , , , , , , , , , , , , , , , , , , , ,22-02-2026 20:40:40, (KC),1331,311,3557/85%,47209/69%,2197.0/99%,2092.0/99%,986.0/98%,36619/77%,1469120/54%,592143/55%,16037/82%,54238/73%,12267/76%,1861/83%,28878/67%,2160.0/99%,1429.4/96%,13812/83%,240830/59%,6377/75%,1598/84%,28187/67%,2290.0/99%,1392.0/96%,225598/59%,11416/84%,5456/75%
4e1f5aa,nvmesh_7839,nvme1138.mec01.nbulabs.nvidia.com, ,22-02-2026 21:40:25, (KC),631,539,3943/95%,5995/85%,100.0/99%<RED>,286.0/99%<RED>,505.2/97%<RED>,693615/67%,937862/71%,292906/81%,132347/89%,129498/78%,4418/86%, , ,22-02-2026 21:52:36, (KC),990,437,4410/87%,13133/84%,875.0/99%<RED>,908.0/99%<RED>,560.0/97%<RED>,284061/67%,2126608/57%,587002/67%,129422/69%,129438/71%,4393/85%,22-02-2026 22:04:41, (KC),1536,575,7784/73%,26271/77%,979.0/99%<RED>,1018.0/99%<RED>,596.8/97%<RED>,276460/65%<RED>,2089018/53%,1119309/53%,146228/66%,244449/58%,8322/79%, , , , , , , , , , , , , , , , , , , , , , , , , , , , , ,22-02-2026 22:16:07, (KC),1331,317,3161/85%,47404/59%,2236.0/99%,2109.0/99%,901.8/98%,39725/69%,1454149/52%,596045/53%,15854/78%,50830/65%,11229/71%,1674/82%,29342/62%,2174.0/99%,1359.6/96%,12597/81%,248384/53%,6186/68%,1499/83%,28533/62%,2299.0/99%,1342.4/96%,233451/52%,10791/81%,5445/67%
68fafb9,3.3.2,nvme1138.mec01.nbulabs.nvidia.com, ,22-02-2026 23:07:46, (KC),144,178,4327/95%,6341/84%,93.0/99%<RED>,225.0/99%<RED>,529.2/97%<RED>,654461/70%,1085797/64%,294703/78%,129641/90%,129090/75%,4389/87%, , ,22-02-2026 23:26:29, (KC),89.2,101,1150/96%,9983/85%,850.0/99%<RED>,803.0/99%<RED>,574.0/97%<RED>,286726/70%,2116744/59%,587809/72%,129284/72%,128974/73%,4385/84%,22-02-2026 23:51:09, (KC),114,134,1162/96%<RED>,23822/78%,991.0/99%<RED>,1041.0/99%<RED>,604.6/97%<RED>,293695/67%<RED>,2083202/56%,1120867/56%,149175/69%,253970/62%,2680/85%, , , , , , , , , , , , , , , , , , , , , , , , , , , , , ,23-02-2026 00:12:24, (KC),1433,313,3078/85%,46368/68%,2222.0/99%,2100.0/99%,961.8/98%,35142/71%,1541941/54%,621860/55%,12160/77%,31768/68%,10661/78%,1831/85%,27932/68%,2153.0/99%,1382.6/96%,11392/80%,244710/59%,5621/78%,1595/85%,27170/68%,2271.0/99%,1349.0/96%,230508/59%,9884/80%,5287/77%
9353c83,nvmesh_7839,nvme1138.mec01.nbulabs.nvidia.com, ,23-02-2026 00:53:35, (KC),621,525,3902/95%,5871/85%,122.0/99%<RED>,242.0/99%<RED>,527.4/96%<RED>,687805/65%,937978/74%,293488/82%,130635/90%,129759/78%,4420/87%, , ,23-02-2026 01:05:52, (KC),939,467,4402/89%,13177/83%,794.0/99%<RED>,832.0/99%<RED>,583.2/97%<RED>,69729/93%<RED>,2148180/58%,684207/63%,59036/90%,128611/78%,4401/85%,23-02-2026 01:17:52, (KC),1536,579,4411/90%,26530/78%,962.0/99%<RED>,987.0/99%<RED>,572.4/97%<RED>,108218/89%<RED>,2056814/54%<RED>,1250380/55%,82294/86%,135670/79%,8309/80%, , , , , , , , , , , , , , , , , , , , , , , , , , , , , ,23-02-2026 01:29:18, (KC),1228,318,2401/91%,47369/66%,2211.0/99%,2118.0/99%,909.0/98%,41074/80%,904375/65%,388564/60%,12498/89%,52531/71%,8852/80%,1267/90%,27752/66%,2161.0/99%,1326.4/96%,9375/90%,207062/59%,5839/73%,1152/90%,27459/66%,2281.0/99%,1288.6/96%,187953/59%,8420/90%,5211/72%
aea26d3,nvmesh_7839,nvme1138.mec01.nbulabs.nvidia.com, ,23-02-2026 07:34:20, (KC),641,568,3763/95%,5943/84%,308.0/99%<RED>,258.0/99%<RED>,600.0/96%<RED>,688940/65%,937323/60%,292609/76%,130835/89%,128636/74%,4367/87%, , ,23-02-2026 07:46:29, (KC),915,472,2186/94%,13176/80%,834.0/99%<RED>,879.0/99%<RED>,671.4/97%<RED>,65180/93%<RED>,2124505/52%,698002/61%,52771/91%,128656/76%,4406/85%,23-02-2026 07:58:30, (KC),1433,571,5664/84%,26150/75%,967.0/99%<RED>,989.0/99%<RED>,686.8/97%<RED>,102464/90%<RED>,1955983/53%<RED>,1214414/54%,73221/87%,176718/72%,8705/76%, , , , , , , , , , , , , , , , , , , , , , , , , , , , , ,23-02-2026 08:09:58, (KC),1433,307,3622/81%,47990/57%,2218.0/99%,2125.0/99%,978.8/98%,45074/75%,1039201/59%,500455/54%,17239/79%,53926/64%,11255/67%,1824/80%,30102/59%,2160.0/99%,1455.6/96%,13906/78%,249839/53%,6143/65%,1598/79%,29429/60%,2295.0/99%,1415.2/95%,235799/53%,11657/80%,5357/65%
9146ee1,nvmesh_7839,nvme1138.mec01.nbulabs.nvidia.com, ,23-02-2026 09:45:58, (KC),629,529,3897/95%,6032/84%,226.0/99%<RED>,310.0/99%<RED>,548.0/97%<RED>,686616/67%,938617/70%,290165/79%,128742/90%,128414/78%,4381/86%, , , , , , , , , , , , , , , , , , , , , , , , , , , , , , , , , , , , , , , , , , , , , , , , , , , , , , , , , , , , , , , , , , , , , , , , , , , , , , , , , , , , , , , , , , 
7b7c9ae,nvmesh_7839,nvme1138.mec01.nbulabs.nvidia.com, ,23-02-2026 14:41:48, (KC),921,799,4096/95%,6322/84%,75.0/99%<RED>,154.0/99%<RED>,492.6/96%<RED>,614678/79%,1083572/67%,293175/76%,128462/90%,128240/74%,4366/86%, , , , , , , , , , , , , , , , , , , , , , , , , , , , , , , , , , , , , , , , , , , , , , , , , , , , , , , , , , , , , , , , , , , , , , , , , , , , , , , , , , , , , , , , , , 
7b7c9ae,nvmesh_7839,nvme1138.mec01.nbulabs.nvidia.com, ,23-02-2026 15:04:58, (KC),885,792,4297/95%,6408/85%,83.0/99%<RED>,113.0/99%<RED>,464.4/96%<RED>,732188/73%,1084166/66%,293595/77%,128546/89%,128523/74%,4402/86%, , , , , , , , , , , , , , , , , , , , , , , , , , , , , , , , , , , , , , , , , , , , , , , , , , , , , , , , , , , , , , , , , , , , , , , , , , , , , , , , , , , , , , , , , , 
7b7c9ae,nvmesh_7839,nvme1138.mec01.nbulabs.nvidia.com, , , ,TCP, , , , , , , , , , , , , , ,23-02-2026 15:24:12, (KC),1126,501,4293/88%,13132/83%,780.0/99%<RED>,847.0/99%<RED>,560.6/97%<RED>,60685/94%<RED>,2121137/54%,706255/61%,58527/90%,125335/78%,4369/85%, , , , , , , , , , , , , , , , , , , , , , , , , , , , , , , , , , , , , , , , , , , , , , , , , , , , , , , , , , , , , , , , , , , , , , , , , 
31ef5a6,nvmesh_7839,nvme1138.mec01.nbulabs.nvidia.com, , , ,TCP, , , , , , , , , , , , , , ,23-02-2026 16:39:23, (KC),1126,474,4176/86%,12776/82%,923.0/99%<RED>,988.0/99%<RED>,629.8/97%<RED>,263986/70%,1878436/55%,583304/64%,129571/69%,128207/64%,4375/82%, , , , , , , , , , , , , , , , , , , , , , , , , , , , , , , , , , , , , , , , , , , , , , , , , , , , , , , , , , , , , , , , , , , , , , , , , 
25543c4,unbound_try,nvme1138.mec01.nbulabs.nvidia.com, ,23-02-2026 17:12:50, (KC),583,548,3926/95%,6026/84%,190.0/99%<RED>,284.0/99%<RED>,614.2/97%<RED>,642299/64%,954864/72%,293845/79%,131799/89%,129733/78%,4408/86%, , ,23-02-2026 17:25:07, (KC),973,441,4388/86%,13243/82%,849.0/99%<RED>,884.0/99%<RED>,645.4/97%<RED>,272067/74%,2091751/57%,583473/68%,127987/74%,128123/74%,4342/84%,23-02-2026 17:37:13, (KC),1536,577,7147/76%,26248/76%,1010.0/99%<RED>,1042.0/99%<RED>,643.4/97%<RED>,297462/69%<RED>,2061472/55%<RED>,1113397/55%,148628/69%,254371/60%,8724/79%, , , , , , , , , , , , , , , , , , , , , , , , , , , , , ,23-02-2026 17:48:39, (KC),1536,304,3070/87%,47168/68%,2202.0/99%,2105.0/99%,991.8/98%,38882/75%,1467249/56%,587951/57%,16141/82%,53314/74%,11163/79%,1690/85%,29174/68%,2165.0/99%,1423.4/96%,13778/82%,243088/58%,6217/77%,1479/86%,28328/68%,2286.0/99%,1402.8/95%,225475/59%,10783/84%,5694/77%
fb0ace4,fuck,nvme1138.mec01.nbulabs.nvidia.com, ,23-02-2026 18:30:01, (KC),606,533,3944/95%,5983/85%,119.0/99%<RED>,265.0/99%<RED>,622.0/97%<RED>,666544/61%,983610/72%,293984/81%,131710/89%,129639/77%,4418/87%, , ,23-02-2026 18:42:18, (KC),1126,387,4374/86%,13172/83%,815.0/99%<RED>,841.0/99%<RED>,637.4/97%<RED>,266336/68%,2088850/58%,586715/70%,128406/69%,128186/74%,4369/84%,23-02-2026 18:54:28, (KC),1740,498,7879/73%,26282/77%,921.0/99%<RED>,943.0/99%<RED>,650.6/97%<RED>,252775/64%<RED>,1994338/54%<RED>,1120604/53%,141820/66%,255320/60%,8712/79%, , , , , , , , , , , , , , , , , , , , , , , , , , , , , ,23-02-2026 19:06:00, (KC),1536,297,3435/85%,46631/68%,2129.0/99%,2063.0/99%,1051.4/98%,36205/67%,1485209/53%,589537/55%,15719/81%,53870/73%,11997/77%,1738/84%,28939/67%,2103.0/99%,1500.4/96%,13238/82%,239404/57%,6501/76%,1530/84%,28325/68%,2250.0/99%,1467.4/96%,222983/57%,11099/83%,5800/76%
c57c190,fuck,nvme1138.mec01.nbulabs.nvidia.com, ,23-02-2026 19:47:36, (KC),TCP,ENABLED,613,534,4129/95%,5987/85%,106.0/99%<RED>,312.0/99%<RED>,625.6/97%<RED>,654268/62%,964368/73%,293884/81%,130956/89%,129701/78%,4375/87%,23-02-2026 19:59:50, (KC),932,453,4384/84%,13189/84%,866.0/99%<RED>,905.0/99%<RED>,651.4/97%<RED>,274821/66%,2088535/60%,585302/69%,127793/67%,128009/72%,4375/83%,23-02-2026 20:11:55, (KC),1433,564,7882/70%,26315/78%,1016.0/99%<RED>,1046.0/99%<RED>,649.8/97%<RED>,272879/63%<RED>,1998578/54%<RED>,1119237/55%,146487/64%,248144/57%,8410/78%, , , , , , , , , , , , , , , , , , , , , , , , , , , , , ,23-02-2026 20:23:26, (KC),1536,300,3213/86%,47575/66%,2226.0/99%,2124.0/99%,1063.0/98%,37080/69%,1477925/52%,590767/53%,16043/78%,53441/69%,11879/75%,1776/83%,28919/65%,2184.0/99%,1485.6/96%,13307/80%,238392/57%,6496/75%,1562/84%,28296/65%,2323.0/99%,1470.4/96%,224649/57%,10951/82%,5833/75%
3a7736f,fuck,nvme1138.mec01.nbulabs.nvidia.com, ,23-02-2026 21:05:26, (KC),TCP,ENABLED,602,536,4098/95%,6048/85%,124.0/99%<RED>,293.0/99%<RED>,615.6/97%<RED>,642449/62%,1005997/73%,293836/81%,128073/89%,129239/79%,4404/87%,23-02-2026 21:17:42, (KC),858,460,4380/86%,13099/80%,823.0/99%<RED>,900.0/99%<RED>,657.6/97%<RED>,284874/64%,2060829/57%,588444/68%,128664/68%,128290/74%,4372/84%,23-02-2026 21:29:49, (KC),1331,501,7022/77%,26398/77%,1006.0/99%<RED>,1048.0/99%<RED>,643.2/97%<RED>,255659/67%<RED>,1998230/54%<RED>,1122620/55%,139217/68%,254155/58%,8746/79%, , , , , , , , , , , , , , , , , , , , , , , , , , , , , ,23-02-2026 21:41:29, (KC),1433,302,3324/85%,47083/68%,2182.0/99%,2091.0/99%,1001.6/98%,37404/69%,1472573/53%,605007/54%,16170/79%,52800/73%,11677/78%,1773/84%,28986/67%,2157.0/99%,1418.4/96%,13445/81%,240199/57%,6405/76%,1558/84%,28104/67%,2298.0/99%,1390.4/96%,224680/57%,11004/83%,5820/77%
25543c4,fuck,nvme1138.mec01.nbulabs.nvidia.com, ,23-02-2026 22:23:17, (KC),TCP,ENABLED,584,534,3970/95%,6056/85%,133.0/99%<RED>,280.0/99%<RED>,581.2/97%<RED>,659010/62%,947741/74%,294187/81%,130590/89%,128586/79%,4384/87%,23-02-2026 22:35:38, (KC),975,442,4401/86%,13166/83%,857.0/99%<RED>,891.0/99%<RED>,647.2/97%<RED>,285925/73%,2090231/59%,587690/69%,128915/73%,128939/74%,4407/86%,23-02-2026 22:47:44, (KC),1536,586,7336/77%,26401/77%,943.0/99%<RED>,1035.0/99%<RED>,652.6/97%<RED>,279411/71%<RED>,1993402/55%<RED>,1116482/56%,131878/72%,248972/62%,8431/80%, , , , , , , , , , , , , , , , , , , , , , , , , , , , , ,23-02-2026 22:59:10, (KC),1433,298,3040/88%,46890/68%,2192.0/99%,2102.0/99%,997.6/98%,39087/75%,1538854/54%,602488/56%,16414/82%,54649/73%,11779/78%,1712/85%,29324/68%,2175.0/99%,1428.6/96%,13895/82%,236068/58%,6615/76%,1471/86%,28560/68%,2311.0/99%,1385.8/96%,219852/58%,10770/85%,5928/76%
1bae40e,fuck,nvme1138.mec01.nbulabs.nvidia.com, ,23-02-2026 23:40:56, (KC),TCP,ENABLED,804,676,3986/96%,6038/82%,99.0/99%<RED>,172.0/99%<RED>,564.4/97%<RED>,658625/61%,945428/63%,265943/75%,125531/90%,128373/72%,4381/86%,23-02-2026 23:52:40, (KC),1024,452,4408/85%,13112/81%,930.0/99%<RED>,938.0/99%<RED>,643.6/97%<RED>,273830/65%,2109029/55%,584282/64%,129282/68%,128414/69%,4414/79%,24-02-2026 00:04:39, (KC),1536,587,8193/69%,26276/74%,1037.0/99%<RED>,1060.0/99%<RED>,664.2/97%<RED>,267365/63%<RED>,1957140/55%<RED>,1116101/54%,150937/64%,235956/55%,8739/74%, , , , , , , , , , , , , , , , , , , , , , , , , , , , , ,24-02-2026 00:16:02, (KC),1433,296,3167/86%,46591/63%,2282.0/99%,2175.0/99%,1102.4/97%,36955/69%,1250393/53%,526121/53%,15712/79%,49639/68%,11527/74%,1715/85%,27746/63%,2235.0/99%,1502.6/96%,12878/81%,216984/54%,6086/74%,1497/85%,27125/63%,2376.0/99%,1490.6/95%,205699/54%,10446/83%,5464/74%
c2b9ded,fuck,nvme1138.mec01.nbulabs.nvidia.com, ,24-02-2026 07:42:52, (KC),TCP,ENABLED,743,658,3459/96%,5909/83%,91.0/99%<RED>,163.0/99%<RED>,512.2/97%<RED>,546003/82%,937994/67%,268956/77%,130155/90%,128248/73%,4365/86%,24-02-2026 07:54:41, (KC),1126,432,4427/86%,13045/81%,844.0/99%<RED>,932.0/99%<RED>,571.0/97%<RED>,227672/77%<RED>,2120145/59%,588973/67%,124034/75%,128935/72%,4382/83%,24-02-2026 08:06:42, (KC),1536,598,7494/78%,26124/76%,971.0/99%<RED>,1025.0/99%<RED>,591.4/97%<RED>,215175/73%<RED>,2124651/55%,1125261/56%,126152/73%,223142/60%,8737/78%, , , , , , , , , , , , , , , , , , , , , , , , , , , , , ,24-02-2026 08:18:05, (KC),1331,297,1605/94%,44237/70%,2246.0/99%,2167.0/99%,980.4/97%,33230/80%,1232729/58%,531913/58%,8995/92%,43090/79%,6028/83%,1065/92%,26475/71%,2228.0/99%,1338.4/96%,6301/93%,219052/62%,1929/83%,1071/91%,25517/71%,2346.0/99%,1343.8/95%,208413/62%,6080/92%,4020/81%
a1ce66b,fuck,nvme1138.mec01.nbulabs.nvidia.com, ,24-02-2026 09:33:31, (KC),TCP,ENABLED,767,688,3900/96%,6032/84%,88.0/99%<RED>,208.0/99%<RED>,466.6/97%<RED>,537072/83%,932223/69%,264662/80%,128032/91%,128964/75%,4398/87%, , , , , , , , , , , , , , , , , , , , , , , , , , , , , , , , , , , , , , , , , , , , , , , , , , , , , , , , , , , , , , , , , , , , , , , , , , , , , , , , , , , , , , , , 
1e9b4cc,fuck,nvme1138.mec01.nbulabs.nvidia.com, ,24-02-2026 09:59:22, (KC),TCP,ENABLED,627,533,3983/95%,6052/85%,127.0/99%<RED>,295.0/99%<RED>,551.0/97%<RED>,590272/81%,981817/74%,295929/82%,131290/90%,129549/78%,4399/87%, , , , , , , , , , , , , , , , , , , , , , , , , , , , , , , , , , , , , , , , , , , , , , , , , , , , , , , , , , , , , , , , , , , , , , , , , , , , , , , , , , , , , , , , 
a288580,try_refactor_pollers,nvme1138.mec01.nbulabs.nvidia.com, , , ,TCP,ENABLED, , , , , , , , , , , , , ,24-02-2026 10:34:14, (KC),942,460,4211/87%,12745/84%,881.0/99%<RED>,916.0/99%<RED>,632.8/97%<RED>,193874/80%<RED>,2036294/63%,588672/75%,123156/77%,128222/76%,4358/85%, , , , , , , , , , , , , , , , , , , , , , , , , , , , , , , , , , , , , , , , , , , , , , , , , , , , , , , , , , , , , , , , , , , , , , , , , 
a288580,try_refactor_pollers,nvme1138.mec01.nbulabs.nvidia.com, , , ,TCP,ENABLED, , , , , , , , , , , , , ,24-02-2026 10:59:58, (KC), , , , , , , ,272976/69%, , , , , , , , , , , , , , , , , , , , , , , , , , , , , , , , , , , , , , , , , , , , , , , , , , , , , , , , , , , , , , , , , , , , , , , , , , , , , , 
d3f00a4,try_refactor_pollers,nvme1138.mec01.nbulabs.nvidia.com, ,24-02-2026 11:28:25, (KC),TCP,ENABLED,596,545,4077/95%,6040/86%,110.0/99%<RED>,295.0/99%<RED>,525.4/97%<RED>,693640/69%,939015/72%,293870/79%,131087/89%,129835/79%,4412/87%,24-02-2026 11:40:42, (KC),929,430,4392/86%,13160/83%,840.0/99%<RED>,892.0/99%<RED>,553.0/97%<RED>,288305/66%,2126542/56%,580404/66%,128087/70%,127979/70%,4359/84%,24-02-2026 11:52:52, (KC),1536,546,8175/70%,26349/76%,992.0/99%<RED>,1039.0/99%<RED>,589.6/97%<RED>,283230/64%<RED>,2065186/54%<RED>,1118899/55%,152051/67%,255404/56%,8712/79%, , , , , , , , , , , , , , , , , , , , , , , , , , , , , ,24-02-2026 12:04:26, (KC),1536,306,3542/82%,47611/61%,2237.0/99%,2123.0/99%,923.0/98%,44331/68%,1353585/53%,586517/53%,16083/79%,51215/64%,11633/70%,1808/81%,29369/62%,2179.0/99%,1377.2/96%,13121/80%,249354/52%,6345/67%,1612/81%,28567/62%,2302.0/99%,1364.6/96%,233199/52%,11257/80%,5557/67%
b0ecff6,340_tcp_dev,nvme1138.mec01.nbulabs.nvidia.com, ,25-02-2026 01:15:03, (KC),TCP,ENABLED,514,496,4269/94%,6348/84%,89.0/99%<RED>,181.0/99%<RED>,507.6/97%<RED>,684204/72%,1087657/71%,293575/78%,130115/88%,130133/78%,4402/88%,25-02-2026 01:27:39, (KC),1126,461,4386/84%,13162/81%,792.0/99%<RED>,835.0/99%<RED>,599.0/97%<RED>,245844/58%,2079701/56%,587282/69%,128670/63%,128595/71%,4397/82%,25-02-2026 01:39:34, (KC),2048,594,7316/73%,26020/78%,874.0/99%<RED>,940.0/99%<RED>,614.4/97%<RED>,181727/56%<RED>,1877713/54%<RED>,1128410/54%,119263/62%,255024/59%,8756/74%, , , , , , , , , , , , , , , , , , , , , , , , , , , , , ,25-02-2026 01:50:51, (KC),1433,302,3322/83%,42451/65%,2043.0/99%,2001.0/99%,956.2/98%,32025/66%,1207808/52%,503592/53%,15157/78%,49984/71%,11794/76%,1732/81%,27974/66%,2085.0/99%,1410.6/96%,12579/81%,206018/55%,6267/73%,1536/82%,27385/66%,2216.0/99%,1403.4/96%,196762/55%,10534/81%,5644/74%
b0ecff6,340_tcp_dev,nvme1138.mec01.nbulabs.nvidia.com, ,25-02-2026 08:02:06, (KC),TCP,ENABLED,518,480,4277/94%,6315/84%,81.0/99%<RED>,133.0/99%<RED>,517.6/97%<RED>,657139/74%,1085563/71%,293777/79%,128311/88%,128358/78%,4380/88%,25-02-2026 08:14:44, (KC),1228,478,4398/84%,13116/82%,782.0/99%<RED>,836.0/99%<RED>,581.6/97%<RED>,228070/60%<RED>,2062687/57%,591935/68%,126766/61%,128215/71%,4372/82%,25-02-2026 08:26:34, (KC),1945,580,7534/73%,26096/79%,880.0/99%<RED>,933.0/99%<RED>,603.4/97%<RED>,185958/57%<RED>,1854025/54%<RED>,1108409/53%,118995/62%,254351/60%,8779/75%, , , , , , , , , , , , , , , , , , , , , , , , , , , , , ,25-02-2026 08:37:54, (KC),1433,302,3298/83%,41737/65%,2031.0/99%,2001.0/99%,960.6/98%,31958/68%,1158639/53%,475091/53%,15126/79%,49597/71%,11753/76%,1739/82%,27700/66%,2063.0/99%,1410.4/96%,12346/81%,206739/55%,5964/74%,1540/82%,27061/66%,2199.0/99%,1402.2/96%,192472/55%,10508/81%,5525/74%
9680a47,tcp_dev,nvme1138.mec01.nbulabs.nvidia.com, , , ,TCP,ENABLED, , , , , , , , , , , , , , , , , , , , , , , , , , , , , , , , , , , , , , , , , , , , , , , , , , , , , , , , , , , , , , , , , , , , , , , , ,25-02-2026 12:06:38, (KC),1433,292,3388/83%,43904/67%,2075.0/99%,2073.0/99%,1009.6/98%,31980/66%,1269265/53%,521166/53%,15297/78%,50509/71%,11911/76%,1751/81%,27851/67%,2070.0/99%,1412.0/96%,12726/81%,215395/54%,6489/74%,1546/82%,27359/66%,2207.0/99%,1398.0/96%,205041/54%,10750/81%,5510/75%
614b265,tcp_dev,nvme1138.mec01.nbulabs.nvidia.com, , , ,TCP,ENABLED, , , , , , , , , , , , , , , , , , , , , , , , , , , , , , , , , , , , , , , , , , , , , , , , , , , , , , , , , , , , , , , , , , , , , , , , ,25-02-2026 13:08:06, (KC),1638,283,3640/76%,45944/59%,2252.0/99%,2173.0/99%,1038.0/98%,31337/67%,1173592/52%,468251/53%,16229/72%,48197/63%,10288/68%,1952/73%,28000/60%,2226.0/99%,1453.6/96%,14204/72%,222137/53%,6061/63%,1687/74%,27698/60%,2336.0/99%,1466.0/96%,211776/54%,11929/73%,5293/63%
a5e58c3,tcp_dev,nvme1138.mec01.nbulabs.nvidia.com, , , ,TCP,ENABLED, , , , , , , , , , , , , , , , , , , , , , , , , , , , , , , , , , , , , , , , , , , , , , , , , , , , , , , , , , , , , , , , , , , , , , , , ,25-02-2026 14:15:02, (KC),1638,283,3629/76%,43719/59%,2251.0/99%,2161.0/99%,1043.4/98%,31244/66%,1207302/54%,477896/54%,16043/71%,47886/62%,10435/68%,1928/73%,28035/60%,2223.0/99%,1462.6/96%,14095/72%,216541/53%,6095/64%,1675/74%,27692/60%,2334.0/99%,1483.0/96%,205522/52%,11833/73%,5335/64%
67c0062,best_perf,nvme1138.mec01.nbulabs.nvidia.com, ,25-02-2026 16:06:28, (KC),TCP,ENABLED,621,541,3317/96%,6132/85%,119.0/99%<RED>,248.0/99%<RED>,540.8/97%<RED>,641593/70%,968089/72%,282998/81%,123992/90%,122622/79%,4186/87%, , , , , , , , , , , , , , , , , , , , , , , , , , , , , , , , , , , , , , , , , , , , , , , , , , , , , , , , , , , , , , , , , , , , , , , , , , , , , , , , , , , , , , , , 
67c0062,best_perf,nvme1138.mec01.nbulabs.nvidia.com, ,25-02-2026 20:24:44, (KC),TCP,ENABLED,643,570,4101/95%,6347/85%,92.0/99%<RED>,196.0/99%<RED>,522.2/97%<RED>,733663/73%,1086326/70%,294130/80%,128914/89%,128630/77%,4388/86%, , , , , , , , , , , , , , , , , , , , , , , , , , , , , , , , , , , , , , , , , , , , , , , , , , , , , , , , , , , , , , , , , , , , , , , , , , , , , , , , , , , , , , , , 
67c0062,best_perf,nvme1138.mec01.nbulabs.nvidia.com, , , ,TCP,ENABLED, , , , , , , , , , , , , ,25-02-2026 21:01:00, (KC),949,472,4233/86%,13204/82%,859.0/99%<RED>,885.0/99%<RED>,594.0/97%<RED>,264922/69%,2114779/58%,588395/68%,122853/71%,122949/73%,4222/82%, , , , , , , , , , , , , , , , , , , , , , , , , , , , , , , , , , , , , , , , , , , , , , , , , , , , , , , , , , , , , , , , , , , , , , , , , 
67c0062,best_perf,nvme1138.mec01.nbulabs.nvidia.com, , , ,TCP,ENABLED, , , , , , , , , , , , , , , , , , , , , , , , , , , , , , , , , , , , , , , , , , , , , , , , , , , , , , , , , , , , , , , , , , , , , , , , ,25-02-2026 21:24:40, (KC),1433,305,3403/81%,47383/63%,2235.0/99%,2132.0/99%,912.8/98%,38836/68%,1356427/54%,581790/54%,15885/77%,49497/63%,11579/71%,1770/78%,29542/63%,2173.0/99%,1358.2/96%,12965/79%,249737/54%,6343/67%,1555/79%,28725/62%,2298.0/99%,1324.2/96%,236151/53%,11090/79%,5554/67%
ceb7bda,best_perf2,nvme1138.mec01.nbulabs.nvidia.com, ,25-02-2026 23:45:44, (KC),TCP,ENABLED,625,504,4066/95%,6026/84%,99.0/99%<RED>,205.0/99%<RED>,488.2/97%<RED>,624565/75%,1009913/73%,295843/81%,132463/90%,129788/77%,4421/87%,25-02-2026 23:58:03, (KC),917,419,4371/87%,13198/83%,820.0/99%<RED>,855.0/99%<RED>,519.6/97%<RED>,259432/72%,2126345/59%,585713/72%,127480/74%,127823/75%,4368/84%,26-02-2026 00:10:14, (KC),1433,550,7620/78%,26125/77%,943.0/99%<RED>,999.0/99%<RED>,541.0/97%<RED>,257766/70%<RED>,2150712/56%,1118676/57%,141109/71%,254668/60%,8389/80%, , , , , , , , , , , , , , , , , , , , , , , , , , , , , ,26-02-2026 00:21:46, (KC),1433,317,3284/88%,47399/67%,2107.0/99%,2001.0/99%,851.2/98%,42897/75%,1596568/55%,648435/55%,15547/85%,54227/71%,11303/78%,1647/88%,30623/66%,2092.0/99%,1294.4/96%,12620/86%,261440/56%,6131/76%,1526/87%,29987/66%,2188.0/99%,1279.6/96%,241258/55%,10665/86%,5686/76%
ceb7bda,best_perf2,nvme1138.mec01.nbulabs.nvidia.com, ,26-02-2026 01:17:22, (KC),TCP,ENABLED,566,524,3965/96%,6045/84%,111.0/99%<RED>,240.0/99%<RED>,482.6/97%<RED>,617766/74%,1033428/72%,294081/82%,129249/91%,128910/77%,4400/87%,26-02-2026 01:29:47, (KC),832,403,4387/87%,13151/83%,833.0/99%<RED>,866.0/99%<RED>,502.6/97%<RED>,256709/73%,2122676/60%,586982/71%,127965/75%,128092/76%,4361/86%,26-02-2026 01:42:09, (KC),1536,528,7470/79%,26228/78%,967.0/99%<RED>,1001.0/99%<RED>,526.6/97%<RED>,262489/70%<RED>,2167748/56%,1119981/57%,141568/71%,255354/60%,8693/80%, , , , , , , , , , , , , , , , , , , , , , , , , , , , , ,26-02-2026 01:53:43, (KC),1536,317,3238/87%,47670/65%,2115.0/99%,2004.0/99%,849.8/98%,43363/74%,1538795/55%,629122/54%,15542/85%,53462/72%,11300/79%,1679/87%,30166/66%,2098.0/99%,1286.8/96%,12611/86%,253500/56%,5957/77%,1540/87%,29538/66%,2194.0/99%,1277.8/96%,241749/54%,10731/87%,5619/76%
ceb7bda,best_perf2,nvme1138.mec01.nbulabs.nvidia.com, ,26-02-2026 02:37:08, (KC),TCP,ENABLED,545,534,3916/95%,6005/84%,101.0/99%<RED>,207.0/99%<RED>,516.2/97%<RED>,629121/74%,1055562/74%,293027/82%,130777/91%,128189/78%,4370/88%,26-02-2026 02:49:33, (KC),907,412,4399/86%,13262/81%,826.0/99%<RED>,834.0/99%<RED>,518.4/97%<RED>,287365/70%,2132034/59%,583774/69%,128102/72%,127945/75%,4361/85%,26-02-2026 03:01:47, (KC),1331,562,7204/77%,26279/78%,944.0/99%<RED>,990.0/99%<RED>,531.4/97%<RED>,261781/70%<RED>,2146942/57%,1118362/58%,138261/71%,243770/59%,8348/80%, , , , , , , , , , , , , , , , , , , , , , , , , , , , , ,26-02-2026 03:13:20, (KC),1536,312,3215/88%,47081/67%,2116.0/99%,2000.0/99%,868.6/97%,42515/75%,1570031/55%,628180/55%,14986/86%,54021/73%,11118/78%,1626/88%,29640/67%,2095.0/99%,1324.8/96%,11887/87%,251741/57%,6311/76%,1503/88%,28881/67%,2196.0/99%,1293.2/96%,236840/56%,10467/87%,5616/76%
3cbbec1,best_perfx,nvme1138.mec01.nbulabs.nvidia.com, ,26-02-2026 08:23:55, (KC),TCP,ENABLED,138,179,4188/95%,6303/85%,106.0/99%<RED>,245.0/99%<RED>,549.6/96%<RED>,712927/65%,1087065/69%,295033/80%,128248/90%,128354/77%,4365/87%,26-02-2026 08:42:50, (KC),87.1,123,1070/96%<RED>,12433/82%,841.0/99%<RED>,887.0/99%<RED>,582.6/97%<RED>,282831/67%,2115775/59%,583899/65%,128868/69%,128273/71%,4403/85%,26-02-2026 09:06:30, (KC),102,141,1171/96%<RED>,26080/75%,949.0/99%<RED>,1039.0/99%<RED>,597.2/97%<RED>,275154/65%<RED>,2103817/52%,1112257/54%,149544/66%,253310/56%,2698/85%, , , , , , , , , , , , , , , , , , , , , , , , , , , , , ,26-02-2026 09:28:13, (KC),1536,306,3597/82%,47137/61%,2253.0/99%,2120.0/99%,919.6/98%,44484/67%,1410108/52%,584821/52%,16331/78%,51139/64%,11526/70%,1848/81%,29603/61%,2174.0/99%,1370.2/96%,13290/80%,250231/53%,6354/66%,1638/80%,28768/60%,2309.0/99%,1353.2/96%,234498/52%,11440/79%,5552/67%
44e4a2d,perfnew,nvme1138.mec01.nbulabs.nvidia.com, ,26-02-2026 14:29:28, (KC),TCP,ENABLED,109,194,4213/95%,6276/86%,88.0/99%<RED>,232.0/99%<RED>,497.8/96%<RED>,701422/64%,1086463/70%,295562/80%,123919/90%,123775/77%,4226/87%,26-02-2026 14:49:26, (KC),96.3,131,1167/96%,9985/84%,848.0/99%<RED>,897.0/99%<RED>,594.4/97%<RED>,280166/68%,2120028/56%,589398/67%,129699/69%,129734/73%,4416/83%,26-02-2026 15:11:57, (KC),108,145,1155/96%<RED>,26128/76%,981.0/99%<RED>,1001.0/99%<RED>,589.8/97%<RED>,273040/68%<RED>,2110099/54%,1116633/55%,141966/69%,256180/57%,2982/85%, , , , , , , , , , , , , , , , , , , , , , , , , , , , , ,26-02-2026 15:33:06, (KC),1433,307,2935/88%,47013/65%,2208.0/99%,2115.0/99%,904.8/98%,41488/71%,1449848/53%,615293/53%,13816/86%,51477/67%,10556/76%,1508/88%,30039/64%,2150.0/99%,1340.0/96%,10451/87%,253816/53%,6318/69%,1438/87%,29283/63%,2284.0/99%,1309.6/96%,238551/54%,9325/87%,5553/70%
1213886,perfnew,nvme1138.mec01.nbulabs.nvidia.com, ,26-02-2026 16:15:35, (KC),TCP,ENABLED,172,188,4193/96%,6312/85%,92.0/99%<RED>,201.0/99%<RED>,492.4/96%<RED>,735436/66%,1086904/71%,294587/81%,129122/90%,129607/79%,4433/87%,26-02-2026 16:33:16, (KC),89.9,97.8,1050/96%<RED>,12531/81%,847.0/99%<RED>,817.0/99%<RED>,550.2/97%<RED>,277866/68%,2126923/58%,588688/70%,129464/69%,129696/72%,4406/82%,26-02-2026 16:58:06, (KC),130,182,1114/96%<RED>,25996/76%,1008.0/99%<RED>,1057.0/99%<RED>,573.2/97%<RED>,268162/66%<RED>,2144026/52%,1130790/52%,143794/66%,256778/57%,2526/85%, , , , , , , , , , , , , , , , , , , , , , , , , , , , , ,26-02-2026 17:17:13, (KC),1536,303,3617/82%,47609/57%,2227.0/99%,2109.0/99%,903.2/98%,41541/70%,1414015/53%,611574/53%,16265/79%,51035/64%,11675/70%,1830/81%,30399/61%,2172.0/99%,1338.6/96%,13219/80%,250277/51%,6383/65%,1625/81%,29779/60%,2293.0/99%,1337.2/96%,239307/51%,11382/80%,5573/67%
68fafb9,3.3.2,nvme1138.mec01.nbulabs.nvidia.com, ,26-02-2026 17:54:28, (KC),TCP,ENABLED,154,165,4172/95%,6276/86%,89.0/99%<RED>,198.0/99%<RED>,529.8/97%<RED>,696523/68%,1085885/67%,294413/78%,129716/90%,129793/76%,4390/87%,26-02-2026 18:13:09, (KC),81.8,135,1069/97%<RED>,8303/87%,834.0/99%<RED>,911.0/99%<RED>,580.8/97%<RED>,264805/72%,2134041/58%,588176/71%,127090/73%,123724/75%,4123/83%,26-02-2026 18:36:50, (KC),112,107,1216/96%<RED>,25164/77%,994.0/99%<RED>,1042.0/99%<RED>,585.6/97%<RED>,274258/69%<RED>,2190414/55%,1127937/55%,134911/70%,249223/60%,2524/86%, , , , , , , , , , , , , , , , , , , , , , , , , , , , , ,26-02-2026 18:59:29, (KC),1331,315,3360/84%,46691/69%,2222.0/99%,2113.0/99%,930.6/98%,35065/71%,1540308/55%,632426/58%,12620/76%,30389/69%,10869/79%,1899/85%,28400/70%,2170.0/99%,1348.6/96%,11943/80%,254240/59%,5908/78%,1686/85%,27754/69%,2288.0/99%,1327.6/96%,238373/59%,10320/80%,5408/77%
7529287,340_tcp_dev,nvme1138.mec01.nbulabs.nvidia.com, ,27-02-2026 01:04:21, (KC),TCP,ENABLED,208,255,3612/96%,6173/84%,157.0/99%<RED>,193.0/99%<RED>,455.2/96%<RED>,695017/68%,1079385/65%,293524/74%,128681/90%,128946/77%,4368/87%,27-02-2026 01:20:20, (KC),110,84.8,4435/87%,12830/79%,920.0/99%<RED>,957.0/99%<RED>,588.0/97%<RED>,263868/68%,1818939/61%,589327/68%,128697/69%,126977/69%,4166/78%,27-02-2026 01:44:50, (KC),106,146,1869/93%<RED>,26137/73%,970.0/99%<RED>,982.0/99%<RED>,706.0/97%<RED>,241676/63%<RED>,1394217/56%<RED>,932789/56%,139658/62%,231148/59%,5073/79%, , , , , , , , , , , , , , , , , , , , , , , , , , , , , ,27-02-2026 02:06:07, (KC),1126,329,1056/95%,39242/70%,2247.0/99%,2165.0/99%,1098.4/98%,18435/87%,915597/54%,358135/54%,18474/71%,48554/66%,4661/82%,538/96%,20652/69%,2162.0/99%,1548.0/95%,16851/73%,170883/58%,2099/82%,490/96%,20947/68%,2271.0/99%,1515.0/95%,159803/58%,4239/94%,2383/80%
7529287b7c,340_tcp_dev,nvme1138.mec01.nbulabs.nvidia.com, ,28-02-2026 20:37:56, (KC),TCP,ENABLED,121,1126,3710/95%,6256/83%,388.0/99%<RED>,430.0/99%<RED>,338.4/96%<RED>,609368/43%,1085229/62%,295680/75%,128466/88%,128239/77%,4346/88%,28-02-2026 20:54:17, (KC),152,568,1551/94%,13131/80%,906.0/99%<RED>,958.0/99%<RED>,467.2/97%<RED>,293867/64%,1843575/55%,586553/69%,128334/73%,127373/77%,4317/86%,28-02-2026 21:09:56, (KC),1126,549,2373/91%,25386/70%,857.0/99%<RED>,941.0/99%<RED>,631.8/97%<RED>,279301/66%<RED>,1711624/56%<RED>,1005374/57%,165840/68%,256195/67%,8470/80%, , , , , , , , , , , , , , , , , , , , , , , , , , , , , ,28-02-2026 21:21:35, (KC),1228,296,4759/79%,39567/69%,2273.0/99%,2227.0/99%,877.0/98%,54452/73%,2268480/57%,684962/57%,20967/78%,75324/76%,9102/76%,2627/79%,26957/68%,2292.0/99%,1181.0/96%,17078/78%,235108/61%,3394/84%,2338/79%,25982/68%,2381.0/99%,1192.2/96%,219504/60%,15109/79%,3555/82%
ab733a156c,340_tcp_dev,nvme1138.mec01.nbulabs.nvidia.com, ,01-03-2026 00:40:59, (KC),TCP,ENABLED,129,1228,3665/96%,6272/83%,397.0/99%<RED>,442.0/99%<RED>,312.8/96%<RED>,648977/43%,1085371/63%,293830/74%,128306/88%,128412/77%,4373/88%,01-03-2026 00:56:54, (KC),697,630,4146/89%,13061/80%,904.0/99%<RED>,952.0/99%<RED>,538.8/97%<RED>,335236/63%,2154487/55%,585438/67%,127181/74%,127879/74%,4366/80%,01-03-2026 01:08:47, (KC),2355,621,2410/92%,26207/78%,872.0/99%<RED>,936.0/99%<RED>,441.0/97%<RED>,298184/64%<RED>,2496810/54%,1124984/61%,196415/64%,254724/67%,8664/80%, , , , , , , , , , , , , , , , , , , , , , , , , , , , , ,01-03-2026 01:19:57, (KC),1331,305,5197/76%,41629/69%,2224.0/99%,2177.0/99%,987.2/98%,59262/72%,2248873/57%,767296/55%,23295/76%,79072/74%,7381/81%,2825/77%,31251/68%,2241.0/99%,1293.0/96%,19847/77%,249097/57%,2787/84%,2501/79%,29994/68%,2371.0/99%,1230.4/96%,245253/57%,17257/77%,4488/80%
bf01439006,340_tcp_dev,nvme1138.mec01.nbulabs.nvidia.com, ,01-03-2026 15:40:05, (KC),TCP,ENABLED,132,314,4202/94%,6267/84%,97.0/99%<RED>,140.0/99%<RED>,585.8/96%<RED>,699812/46%,1080736/62%,294039/75%,126381/89%,127325/77%,4291/87%,01-03-2026 15:57:30, (KC),84.7,77.2,2719/91%,13046/85%,933.0/99%<RED>,987.0/99%<RED>,675.6/97%<RED>,322955/62%,1904958/56%,584388/69%,128489/73%,127755/77%,4376/85%,01-03-2026 16:24:43, (KC),86.9,86.3,1436/94%<RED>,26326/77%,910.0/99%<RED>,969.0/99%<RED>,644.0/97%<RED>,303361/63%<RED>,1804491/56%<RED>,1025017/58%,148803/66%,255099/67%,8686/78%, , , , , , , , , , , , , , , , , , , , , , , , , , , , , ,01-03-2026 16:50:49, (KC),997,281,1257/96%,36730/61%,2124.0/99%,2197.0/99%,1021.0/97%,30236/85%,1906506/58%,647606/57%,25300/80%,76222/73%,11806/73%,454/98%,28667/63%,2238.0/99%,1340.6/95%,21090/79%,235023/61%,2293/81%,432/98%,27659/63%,2415.0/99%,1298.0/95%,218242/58%,5532/94%,2092/82%
0a2b807,perfnew,nvme1138.mec01.nbulabs.nvidia.com, ,01-03-2026 21:54:17, (KC),TCP,ENABLED,147,313,4427/92%,6517/78%,83.0/99%<RED>,119.0/99%<RED>,582.0/96%<RED>,731467/68%,1084609/61%,294306/75%,128775/89%,128261/82%,4378/88%,01-03-2026 22:11:14, (KC),162,93.8,4108/86%,13165/80%,281.0/99%<RED>,585.0/99%<RED>,616.4/97%<RED>,327593/74%,1576583/60%,588696/68%,128528/77%,128442/78%,4265/85%,01-03-2026 22:32:54, (KC),182,76.9,3297/90%,25209/66%,675.0/99%<RED>,588.0/99%<RED>,722.0/97%<RED>,305024/73%<RED>,1521370/60%<RED>,940627/60%,157572/75%,253922/64%,8316/77%, , , , , , , , , , , , , , , , , , , , , , , , , , , , , ,01-03-2026 22:55:43, (KC),669,330,890/97%,31947/66%,1514.0/99%,1965.0/99%,936.6/97%,17889/93%,1500096/60%,482258/61%,22697/85%,54091/73%,8819/76%,465/98%,21209/66%,1723.0/99%,1215.2/95%,19035/84%,192474/63%,4295/75%,436/98%,20520/67%,1491.0/99%,1189.2/95%,176607/64%,2854/97%,2147/84%
c9f58f2,perfnew2,nvme1138.mec01.nbulabs.nvidia.com, ,02-03-2026 12:57:51, (KC),TCP,ENABLED,661,1024,3941/95%,6078/81%,356.0/99%<RED>,457.0/99%<RED>,674.4/96%<RED>,684893/57%,938422/61%,265183/77%,122784/89%,123187/76%,4373/86%,02-03-2026 13:09:22, (KC),77.8,563,1537/95%,13182/84%,856.0/99%<RED>,894.0/99%<RED>,685.0/97%<RED>,327217/63%,1817046/52%,589190/66%,126389/72%,128480/70%,4365/83%,02-03-2026 13:29:33, (KC),201,563,1344/94%<RED>,26316/80%,949.0/99%<RED>,1003.0/99%<RED>,667.6/97%<RED>,305578/61%<RED>,1440172/52%<RED>,997358/53%,159068/65%,218334/55%,8455/79%, , , , , , , , , , , , , , , , , , , , , , , , , , , , , ,02-03-2026 13:44:05, (KC),1536,309,5594/70%,28694/59%,2162.0/99%,2113.0/99%,943.4/97%,59590/68%,1371017/53%,445921/54%,25697/72%,66003/60%,12537/64%,2772/74%,23260/56%,2124.0/99%,1219.0/95%,22150/72%,191678/52%,7638/60%,2439/74%,21793/55%,2268.0/99%,1219.2/94%,179556/52%,18241/72%,6863/62%
d93b0dc,nvmesh_tcp_refincex4,nvme1138.mec01.nbulabs.nvidia.com, ,02-03-2026 17:04:28, (KC),TCP,ENABLED,173,1024,4094/95%,6045/82%,354.0/99%<RED>,346.0/99%<RED>,596.4/96%<RED>,585346/40%,1085102/62%,292875/77%,128589/89%,128143/74%,4372/85%,02-03-2026 17:19:04, (KC),78.1,580,919/97%<RED>,13136/82%,795.0/99%<RED>,831.0/99%<RED>,628.4/97%<RED>,338691/63%,2018603/54%,586158/67%,128807/72%,128415/72%,4331/82%,02-03-2026 17:39:08, (KC),153,559,1210/96%<RED>,25923/81%,923.0/99%<RED>,977.0/99%<RED>,671.6/97%<RED>,315642/62%<RED>,1538390/50%<RED>,998742/51%,163972/64%,212888/56%,7429/80%, , , , , , , , , , , , , , , , , , , , , , , , , , , , , ,02-03-2026 17:54:46, (KC),1638,306,5793/71%,28531/60%,2090.0/99%,2030.0/99%,889.8/97%,63602/67%,1417886/52%,478180/53%,26629/73%,68244/58%,12495/66%,2785/75%,24920/54%,2077.0/99%,1196.4/95%,23019/71%,211785/51%,8047/59%,2382/76%,23483/54%,2227.0/99%,1197.6/95%,195405/51%,19176/73%,7153/60%
9f8a916,nvmesh_tcp_refince,nvme1138.mec01.nbulabs.nvidia.com, ,02-03-2026 19:16:17, (KC),TCP,ENABLED,636,536,3890/96%,6013/85%,267.0/99%<RED>,284.0/99%<RED>,516.6/96%<RED>,689599/74%,937434/73%,293912/81%,129014/90%,128401/78%,4396/87%,02-03-2026 19:28:30, (KC),783,394,4390/88%,13227/83%,544.0/99%<RED>,555.0/99%<RED>,501.2/97%<RED>,327765/69%,2124917/57%,583146/68%,128502/73%,128174/72%,4371/84%,02-03-2026 19:40:57, (KC),1228,491,8608/74%,26293/76%,688.0/99%<RED>,697.0/99%<RED>,516.4/97%<RED>,329103/68%,2181751/53%,1123252/54%,165298/69%,255528/54%,8694/79%, , , , , , , , , , , , , , , , , , , , , , , , , , , , , ,02-03-2026 19:52:43, (KC),1433,284,3817/82%,45226/66%,1736.0/99%,1670.0/99%,658.6/97%,58410/72%,1717148/52%,717145/53%,19517/81%,60658/60%,11832/70%,2004/82%,28197/63%,1801.0/99%,1297.2/96%,15035/82%,253679/51%,6863/64%,1780/82%,27400/63%,2153.0/99%,1290.0/96%,237541/51%,12793/82%,6086/65%
68fafb9,3.3.2,nvme1138.mec01.nbulabs.nvidia.com, ,02-03-2026 20:36:19, (KC),TCP,ENABLED,196,168,4263/95%,6345/87%,99.0/99%<RED>,287.0/99%<RED>,507.8/96%<RED>,676657/69%,1084455/66%,292529/78%,129047/90%,128841/76%,4376/88%, , , , , , , , , , , , , , , , , , , , , , , , , , , , , , , , , , , , , , , , , , , , , , , , , , , , , , , , , , , , , , , , , , , , , , , , , , , , , , , , , , , , , , , , 
ed77b21,rfdfdsfs,nvme1138.mec01.nbulabs.nvidia.com, ,02-03-2026 21:16:44, (KC),TCP,ENABLED,672,540,4152/95%,6146/85%,150.0/99%<RED>,199.0/99%<RED>,508.2/96%<RED>,689337/73%,938995/72%,279622/82%,130763/90%,129138/78%,4395/87%, , , , , , , , , , , , , , , , , , , , , , , , , , , , , , , , , , , , , , , , , , , , , , , , , , , , , , , , , , , , , , , , , , , , , , , , , , , , , , , , , , , , , , , , 
e775e2b,hapoel_340,nvme1138.mec01.nbulabs.nvidia.com, ,02-03-2026 21:54:24, (KC),TCP,ENABLED,156,193,4366/95%,6320/87%,151.0/99%<RED>,249.0/99%<RED>,473.4/97%<RED>,722793/66%,1087825/71%,293927/81%,128927/90%,128987/78%,4368/87%, , , , , , , , , , , , , , , , , , , , , , , , , , , , , , , , , , , , , , , , , , , , , , , , , , , , , , , , , , , , , , , , , , , , , , , , , , , , , , , , , , , , , , , , 
3510b33,hapoel_340x,nvme1138.mec01.nbulabs.nvidia.com, ,02-03-2026 22:29:13, (KC),TCP,ENABLED,172,169,4057/96%,6209/87%,129.0/99%<RED>,216.0/99%<RED>,484.6/96%<RED>,729916/69%,1086456/70%,293522/81%,128324/90%,128305/78%,4368/87%, , , , , , , , , , , , , , , , , , , , , , , , , , , , , , , , , , , , , , , , , , , , , , , , , , , , , , , , , , , , , , , , , , , , , , , , , , , , , , , , , , , , , , , , 
ed65a985dc,340_tcp_dev,nvme1138, ,04-03-2026 00:09:47, (KC),TCP,ENABLED,313,1126,3396/95%,6259/79%,327.0/99%<RED>,366.0/99%<RED>,578.8/96%<RED>,578916/67%,1086683/66%,295540/68%,129930/88%,128615/78%,4391/86%, , , , , , , , , , , , , , , , , , , , , , , , , , , , , , , , , , , , , , , , , , , , , , , , , , , , , , , , , , , , , , , , , , , , , , , , , , , , , , , , , , , , , , , , 
d303e6c,better_tx,nvme1138, ,04-03-2026 11:52:08, (KC),TCP,ENABLED,877,1331,3488/96%,6016/90%,83.0/99%<RED>,125.0/99%<RED>,301.4/98%<RED>,687902/75%,934814/81%,264386/88%,123798/90%,122352/86%,4172/91%,04-03-2026 12:03:16, (KC),88.3,602,3901/89%,13001/91%,665.0/99%<RED>,686.0/99%<RED>,308.0/98%<RED>,343088/67%,2053230/70%,581702/72%,127860/75%,127679/80%,4362/90%,04-03-2026 12:22:17, (KC),92.0,572,2244/94%<RED>,25851/82%,766.0/99%<RED>,792.0/99%<RED>,365.8/98%<RED>,341555/67%,2124313/65%,1119781/65%,151570/73%,255826/68%,8673/83%, , , , , , , , , , , , , , , , , , , , , , , , , , , , , ,04-03-2026 12:41:03, (KC),1638,337,5484/75%,28235/65%,1825.0/99%,1735.0/99%,384.6/98%,60806/73%,2177362/61%,718908/61%,25884/77%,73119/68%,12472/71%,2700/76%,31182/66%,1655.0/99%,1016.6/97%,21497/76%,154538/61%,7672/69%,2377/79%,29787/67%,1940.0/99%,972.8/97%,148832/59%,17990/77%,6761/69%
9d68c38,3.4.0,nvme1138.mec01.nbulabs.nvidia.com, ,04-03-2026 15:49:58, (KC),915,1331,3800/96%,6077/88%,83.0/99%<RED>,124.0/99%<RED>,314.4/98%<RED>,594558/44%,936717/78%,264353/85%,122691/90%,121561/85%,4145/89%, , ,04-03-2026 16:01:06, (KC),89.3,597,4305/88%,12962/89%,641.0/99%<RED>,681.0/99%<RED>,296.0/98%<RED>,394283/61%,2155456/56%,584567/76%,128211/74%,127846/76%,4360/86%,04-03-2026 16:20:01, (KC),145,656,2686/92%,25965/84%,765.0/99%<RED>,798.0/99%<RED>,384.8/98%<RED>,383725/62%,2761962/58%,1126518/59%,201601/66%,255761/66%,8681/83%, , , , , , , , , , , , , , , , , , , , , , , , , , , , , ,04-03-2026 16:35:46, (KC),1638,340,6168/69%,40372/56%,1819.0/99%,1741.0/99%,395.8/98%,70980/67%,2496588/57%,944730/55%,30751/70%,96333/65%,12568/71%,3114/73%,40569/59%,1808.0/99%,1026.0/97%,26033/69%,262969/55%,9421/63%,2665/75%,39164/59%,1963.0/99%,977.0/97%,236747/55%,21211/71%,8467/65%
9d68c38,3.4.0,nvme1138, ,04-03-2026 18:09:27, (KC),571,1126,4173/95%,6261/84%,92.0/99%<RED>,222.0/99%<RED>,522.4/97%<RED>,608668/54%,1085626/69%,293854/80%,129809/89%,129436/78%,4427/85%, , ,04-03-2026 18:21:08, (KC),80.3,545,1373/95%,13037/85%,832.0/99%<RED>,855.0/99%<RED>,515.4/97%<RED>,325903/60%,2135739/57%,586172/68%,128988/69%,128832/72%,4377/84%,04-03-2026 18:41:07, (KC),165,621,1899/94%<RED>,25978/78%,981.0/99%<RED>,1022.0/99%<RED>,543.6/97%<RED>,335176/61%,2563865/54%,1122976/53%,187975/62%,256372/54%,8709/78%, , , , , , , , , , , , , , , , , , , , , , , , , , , , , ,04-03-2026 18:56:19, (KC),1843,323,5839/66%,47511/57%,2089.0/99%,1984.0/99%,825.6/98%,55117/62%,1723212/51%,789021/52%,25774/65%,63667/57%,12632/64%,2729/69%,34688/54%,2031.0/99%,1256.0/96%,22842/62%,276177/51%,8315/58%,2301/69%,33930/54%,2167.0/99%,1233.6/96%,264088/51%,17778/65%,7066/59%
68fafb9,3.3.2,nvme1138, ,04-03-2026 19:38:04, (KC),454,1024,4138/95%,6091/83%,108.0/99%<RED>,276.0/99%<RED>,520.0/97%<RED>,580882/64%,940619/68%,294792/77%,124973/90%,123811/74%,4207/86%, , ,04-03-2026 19:50:07, (KC),81.2,356,1428/95%,13141/83%,846.0/99%<RED>,860.0/99%<RED>,539.2/97%<RED>,323722/63%,2153404/56%,586732/69%,129413/70%,128966/73%,4390/84%,04-03-2026 20:10:36, (KC),139,612,1857/93%<RED>,25779/79%,932.0/99%<RED>,943.0/99%<RED>,549.4/97%<RED>,336647/64%,2529276/52%,1119495/56%,185831/65%,256638/58%,8727/78%, , , , , , , , , , , , , , , , , , , , , , , , , , , , , ,04-03-2026 20:26:38, (KC),1638,337,5640/70%,46992/65%,2109.0/99%,1996.0/99%,816.4/98%,41377/65%,1741525/53%,793811/53%,17537/66%,39300/62%,error, , , , , , , , , , , , , , 
ed65a98,340_tcp_dev,nvme1138.mec01.nbulabs.nvidia.com, ,05-03-2026 01:04:35, (KC),TCP,ENABLED,432,1126,3343/95%,6270/78%,340.0/99%<RED>,354.0/99%<RED>,524.0/97%<RED>,571100/68%,1082301/67%,294175/65%,128843/89%,129188/76%,4399/86%,05-03-2026 01:16:39, (KC),80.2,397,585/97%<RED>,13139/74%,770.0/99%<RED>,795.0/99%<RED>,613.8/97%<RED>,224024/62%<RED>,2010364/49%,591558/65%,87981/70%,129807/69%,4412/76%,05-03-2026 01:37:04, (KC),182,589,1007/95%<RED>,25828/72%,795.0/99%<RED>,803.0/99%<RED>,688.6/97%<RED>,81473/73%<RED>,1869586/46%<RED>,1178822/46%,88771/60%,243520/54%,8718/71%, , , , , , , , , , , , , , , , , , , , , , , , , , , , , ,05-03-2026 01:51:56, (KC),1740,375,4447/72%,46935/55%,1932.0/99%,1792.0/99%,984.2/97%,34656/57%,963075/48%,441881/43%,16699/65%,51178/56%,12620/66%,2121/70%,24069/48%,1840.0/99%,1351.0/95%,15456/66%,214594/41%,6667/60%,1844/70%,24532/47%,2106.0/99%,1289.0/95%,201892/40%,12771/68%,5987/59%
ed65a98,340_tcp_dev,nvme1138, ,05-03-2026 02:45:52, (KC),TCP,ENABLED,146,1126,286/99%<RED>,6772/84%,331.0/99%<RED>,267.0/99%<RED>,582.8/96%<RED>,381924/85%,1081104/77%,294014/82%,89421/93%,120724/82%,4172/87%,05-03-2026 03:01:11, (KC),74.4,490,301/98%<RED>,8109/88%,787.0/99%<RED>,810.0/99%<RED>,584.8/97%<RED>,173303/74%<RED>,2119796/67%,601409/74%,72559/78%,129447/71%,1319/90%,05-03-2026 03:22:00, (KC),81.6,703,437/98%<RED>,25937/73%,771.0/99%<RED>,820.0/99%<RED>,590.6/97%<RED>,83761/72%<RED>,1841115/61%<RED>,1119963/58%,57523/76%<RED>,224359/65%,8511/73%, , , , , , , , , , , , , , , , , , , , , , , , , , , , , ,05-03-2026 03:41:29, (KC),1843,371,3398/82%,44603/60%,1935.0/99%,1946.0/99%,965.4/97%,31641/66%,926364/52%,422412/50%,14222/74%,48343/65%,12067/69%,1778/80%,27586/58%,1851.0/99%,1302.2/95%,12740/76%,226964/54%,5912/68%,1567/77%,28444/58%,2097.0/99%,1233.8/95%,215002/53%,10442/77%,5015/69%
68fafb9,3.3.2,nvme1138.mec01.nbulabs.nvidia.com, ,05-03-2026 11:14:54, (KC),TCP,ENABLED,687,1331,3092/97%,5950/91%,84.0/99%<RED>,122.0/99%<RED>,303.8/98%<RED>,559737/82%,929268/79%,267080/82%,124827/92%,124590/84%,4406/91%,05-03-2026 11:26:14, (KC),94.4,661,2173/96%,8378/91%,654.0/99%<RED>,666.0/99%<RED>,267.4/98%<RED>,233019/82%<RED>,1687996/78%,588501/80%,103356/83%,129257/87%,4414/93%,05-03-2026 11:44:36, (KC),89.5,619,2063/95%<RED>,25993/87%,769.0/99%<RED>,797.0/99%<RED>,318.8/98%<RED>,239616/81%<RED>,1714411/74%<RED>,961621/76%,111608/83%,258397/81%,8675/88%, , , , , , , , , , , , , , , , , , , , , , , , , , , , , ,05-03-2026 12:03:29, (KC),1638,349,4236/84%,21496/76%,1807.0/99%,1728.0/99%,363.4/98%,38493/83%,1658291/70%,568586/76%,16454/82%,41333/81%,11982/84%,2416/84%,22903/81%,1711.0/99%,594.0/98%,15271/81%,119128/74%,6940/83%,2106/84%,21313/81%,1905.0/99%,527.6/98%,113093/74%,12892/82%,6047/83%
9d68c38,3.4.0,nvme1138.mec01.nbulabs.nvidia.com, ,05-03-2026 12:44:59, (KC),TCP,ENABLED,255,1126,3507/96%,5938/88%,103.0/99%<RED>,249.0/99%<RED>,570.4/97%<RED>,484507/83%,1084434/80%,292963/83%,129978/90%,129984/81%,4426/87%,05-03-2026 12:58:13, (KC),83.1,487,825/97%<RED>,13099/86%,825.0/99%<RED>,852.0/99%<RED>,524.6/97%<RED>,260557/74%,1873177/69%,589913/72%,115117/78%,129522/73%,4385/86%,05-03-2026 13:18:00, (KC),82.9,646,1267/96%<RED>,26074/77%,928.0/99%<RED>,952.0/99%<RED>,552.0/97%<RED>,274212/74%<RED>,1775865/61%<RED>,1055268/61%,129374/77%,256172/61%,8706/77%, , , , , , , , , , , , , , , , , , , , , , , , , , , , , ,05-03-2026 13:37:28, (KC),1638,340,4839/78%,38122/53%,2089.0/99%,2002.0/99%,802.0/98%,53546/73%,1806910/55%,642361/58%,23309/75%,58960/62%,12529/66%,2401/77%,29669/63%,1991.0/99%,1255.0/96%,18418/74%,191884/55%,6964/63%,2093/77%,28590/63%,2148.0/99%,1221.4/96%,175232/55%,15316/75%,6106/63%
68fafb9,3.3.2,nvme1138.mec01.nbulabs.nvidia.com, ,05-03-2026 17:39:04, (KC),RoCE,ENABLED,3788,2457,3290/99%,5948/95%,127.0/99%<RED>,165.0/99%<RED>,382.6/98%<RED>,514112/89%,929763/78%,264957/85%,123866/97%,123802/88%,4222/96%,05-03-2026 17:49:18, (KC),3686,1945,4443/96%,12979/94%,161.0/99%<RED>,169.0/99%<RED>,379.6/98%<RED>,436031/78%,2156910/75%,586865/83%,129387/91%,129434/90%,4431/94%,05-03-2026 17:59:36, (KC),4198,1843,8776/93%,25877/89%,232.0/99%<RED>,231.0/99%<RED>,406.0/98%<RED>,608232/63%,4215718/57%,1131983/70%,258219/80%,257580/80%,8774/88%, , , , , , , , , , , , , , , , , , , , , , , , , , , , , ,05-03-2026 18:09:53, (KC),2355,660,5744/89%,47616/76%,715.0/99%,850.0/99%,454.4/98%,129853/69%,8401597/33%,2083271/44%,29435/82%,102199/78%,11289/84%,2856/90%,45698/70%,891.0/99%,770.4/97%,24438/84%,347110/63%,6529/83%,2756/90%,45266/70%,946.0/99%,768.0/97%,338648/65%,19864/85%,6247/81%
9d68c38,3.4.0,nvme1138.mec01.nbulabs.nvidia.com, ,05-03-2026 18:55:17, (KC),RoCE,ENABLED,3788,2662,3552/99%,5982/95%,132.0/99%<RED>,149.0/99%<RED>,378.4/98%<RED>,457686/91%,931119/76%,266834/86%,123980/97%,123914/89%,4210/96%,05-03-2026 19:05:32, (KC),3686,1945,4438/97%,12989/94%,166.0/99%<RED>,168.0/99%<RED>,389.6/98%<RED>,392990/79%,2155266/72%,589209/84%,129993/91%,129730/90%,4401/94%,05-03-2026 19:15:49, (KC),4403,1843,8803/93%,25727/88%,233.0/99%<RED>,233.0/99%<RED>,409.0/98%<RED>,616448/63%,4209137/57%,1129529/70%,258622/80%,257731/78%,8779/89%, , , , , , , , , , , , , , , , , , , , , , , , , , , , , ,05-03-2026 19:26:04, (KC),2560,678,6363/88%,47740/76%,717.0/99%,849.0/99%,452.2/98%,146122/63%,8470537/26%,2093182/37%,31726/85%,89254/75%,10825/82%,4275/85%,45062/72%,892.0/99%,777.6/97%,24936/86%,348300/65%,7215/76%,3882/86%,45334/72%,949.0/99%,763.2/97%,339022/64%,20833/87%,7534/75%
f12c0b6,ds_mst_fix7899,nvme1138.mec01.nbulabs.nvidia.com, ,09-03-2026 18:32:25, (KC),Unknown,ENABLED,3686,1331,3710/93%,6343/95%,353.0/98%<RED>,361.0/98%<RED>,378.2/98%<RED>,731708/46%,1087045/84%,295479/87%,129328/80%,129790/89%,4439/96%,09-03-2026 18:42:55, (KC),3379,928,4445/82%,12985/94%,662.0/97%<RED>,707.0/97%<RED>,410.8/98%<RED>,351138/30%,2148807/55%,585092/83%,129493/57%,129577/85%,4429/93%,09-03-2026 18:53:36, (KC),3993,971,6919/73%,25713/89%,851.0/97%<RED>,845.0/97%<RED>,401.4/98%<RED>,536528/18%,4221855/26%,1130881/68%,204665/37%,246635/78%,8422/89%, , , , , , , , , , , , , , , , , , , , , , , , , , , , , , , , , , , , , , , , , , , , , , , , , , , , , , , , , , 
f12c0b6,ds_mst_fix7899,nvme1138.mec01.nbulabs.nvidia.com, ,09-03-2026 19:08:24, (KC),RoCE,ENABLED,3891,2560,3164/99%,6220/95%,133.0/99%<RED>,144.0/99%<RED>,392.2/98%<RED>,510445/89%,1080075/83%,294093/86%,129827/97%,129602/88%,4424/96%,09-03-2026 19:18:38, (KC),3686,1945,4438/96%,13050/93%,165.0/99%<RED>,164.0/99%<RED>,398.8/98%<RED>,420931/79%,2159670/63%,583833/83%,130018/91%,129692/86%,4400/93%,09-03-2026 19:28:55, (KC),4608,1843,8445/93%,25746/88%,239.0/99%<RED>,240.0/99%<RED>,394.6/98%<RED>,607375/64%,4223504/31%,1129706/69%,246436/81%,243969/76%,8332/89%, , , , , , , , , , , , , , , , , , , , , , , , , , , , , , , , , , , , , , , , , , , , , , , , , , , , , , , , , , 
f12c0b6,ds_mst_fix7899,nvme1138.mec01.nbulabs.nvidia.com, ,09-03-2026 19:51:52, (KC),Unknown,ENABLED,3379,1331,4074/93%,6358/95%,324.0/98%<RED>,342.0/98%<RED>,389.8/98%<RED>,731729/46%,1090033/81%,294639/86%,128362/80%,128420/90%,4364/96%,09-03-2026 20:02:22, (KC),3379,937,4408/82%,12958/93%,708.0/97%<RED>,689.0/97%<RED>,418.4/98%<RED>,332297/31%,2143754/58%,585082/82%,128158/58%,128224/85%,4365/92%,09-03-2026 20:13:04, (KC),4198,974,6919/73%,25918/88%,791.0/97%<RED>,811.0/97%<RED>,414.2/98%<RED>,536943/16%,4185426/30%,1125838/67%,204331/37%,256172/77%,8724/88%, , , , , , , , , , , , , , , , , , , , , , , , , , , , , , , , , , , , , , , , , , , , , , , , , , , , , , , , , , 
05034d0,3.4.0,nvme1138.mec01.nbulabs.nvidia.com, ,15-03-2026 12:12:15, (KC),RoCE,ENABLED,3788,2662,3525/99%,5956/95%,124.0/99%<RED>,169.0/99%<RED>,394.0/98%<RED>,328521/93%,941708/79%,268216/86%,124062/97%,123950/89%,4224/96%,15-03-2026 12:22:30, (KC),3686,1945,4437/97%,13017/93%,155.0/99%<RED>,155.0/99%<RED>,382.8/98%<RED>,415900/78%,2158115/73%,585395/82%,129827/91%,129460/88%,4428/94%,15-03-2026 12:32:47, (KC),4505,1843,8816/93%,25668/88%,232.0/99%<RED>,231.0/99%<RED>,412.2/98%<RED>,610941/62%,4240904/53%,1127455/67%,258413/80%,257916/78%,8792/90%, , , , , , , , , , , , , , , , , , , , , , , , , , , , , ,15-03-2026 12:43:03, (KC),2252,701,6526/88%,47769/75%,712.0/99%,833.0/99%,461.0/98%,147364/64%,8508418/26%,2083948/34%,30940/86%,86923/73%,10571/82%,4482/85%,45913/70%,870.0/99%,773.6/97%,24073/87%,347579/63%,6109/78%,3934/85%,45768/69%,940.0/99%,757.4/97%,339557/63%,21545/87%,8273/74%
05034d0,3.4.0,nvme1138.mec01.nbulabs.nvidia.com, ,15-03-2026 13:29:15, (KC),RoCE,ENABLED,3788,2560,3624/99%,5953/95%,156.0/99%<RED>,170.0/99%<RED>,403.6/98%<RED>,512599/90%,931824/84%,265273/86%,124357/97%,124046/88%,4225/96%,15-03-2026 13:39:29, (KC),3686,1945,4437/97%,13117/93%,167.0/99%<RED>,167.0/99%<RED>,387.0/98%<RED>,360752/81%,2151609/72%,587255/83%,129706/91%,129870/90%,4430/95%,15-03-2026 13:49:46, (KC),4608,1843,8840/93%,25916/88%,228.0/99%<RED>,230.0/99%<RED>,410.6/98%<RED>,638568/61%,4214888/53%,1124600/68%,258987/81%,257439/84%,8808/89%, , , , , , , , , , , , , , , , , , , , , , , , , , , , , ,15-03-2026 14:00:02, (KC),2560,684,6606/87%,47734/75%,716.0/99%,834.0/99%,469.4/98%,146483/64%,8478543/25%,2118333/32%,30945/86%,87405/74%,10926/81%,4564/85%,45818/70%,869.0/99%,775.2/97%,24995/87%,346063/64%,7829/77%,4103/85%,45306/71%,942.0/99%,769.2/97%,339614/65%,20638/87%,7555/76%
ecf26ec,3.4.0,nvme1138.mec01.nbulabs.nvidia.com, ,19-03-2026 11:36:59, (KC),TCP,ENABLED,281,314,4032/95%,6314/86%,357.0/99%<RED>,403.0/99%<RED>,519.6/97%<RED>,677298/72%,1085738/66%,294775/74%,130144/90%,129979/75%,4432/88%,19-03-2026 11:51:35, (KC),87.0,105,1203/96%,12251/82%,841.0/99%<RED>,891.0/99%<RED>,580.4/97%<RED>,281137/68%,2131423/57%,590318/67%,129830/70%,129931/72%,4422/82%,19-03-2026 12:16:13, (KC),108,162,964/97%<RED>,25967/79%,874.0/99%<RED>,913.0/99%<RED>,573.0/98%<RED>,280866/64%<RED>,3111293/55%,1127744/59%,153944/66%,259060/60%,2424/88%, , , , , , , , , , , , , , , , , , , , , , , , , , , , , ,19-03-2026 12:36:51, (KC),1433,299,3532/83%,47754/61%,2298.0/99%,2204.0/99%,910.6/98%,40317/70%,1460966/53%,623443/52%,16031/79%,51867/64%,11778/70%,1814/81%,30720/61%,2207.0/99%,1337.6/96%,12849/81%,255572/51%,6449/66%,1626/82%,30008/61%,2352.0/99%,1327.4/96%,240146/51%,11240/81%,5636/67%
ecf26ec,3.4.0,nvme1138.mec01.nbulabs.nvidia.com, ,19-03-2026 17:39:52, (KC),TCP,ENABLED,266,308,4206/95%,6284/85%,307.0/99%<RED>,366.0/99%<RED>,518.8/96%<RED>,733844/64%,1088082/62%,295665/73%,129996/89%,129810/74%,4375/86%,19-03-2026 17:54:39, (KC),81.7,76.4,1082/96%<RED>,12661/80%,855.0/99%<RED>,886.0/99%<RED>,585.8/97%<RED>,279166/69%,2121141/57%,585421/66%,129400/71%,129546/72%,3890/83%,19-03-2026 18:22:19, (KC),97.7,148,1006/96%<RED>,26147/79%,871.0/99%<RED>,943.0/99%<RED>,563.6/98%<RED>,266813/66%<RED>,3105448/54%,1128061/59%,143513/67%,259012/61%,2059/89%, , , , , , , , , , , , , , , , , , , , , , , , , , , , , ,19-03-2026 18:44:08, (KC),1433,302,3480/83%,47355/61%,2307.0/99%,2215.0/99%,910.2/98%,42688/71%,1433216/52%,595392/52%,15863/81%,51367/63%,11665/70%,1766/82%,29750/61%,2201.0/99%,1352.6/96%,12940/81%,249247/53%,6391/67%,1582/82%,29202/62%,2356.0/99%,1359.0/96%,236996/53%,11092/82%,5577/67%
ecf26ec,3.4.0,nvme1138.mec01.nbulabs.nvidia.com, ,19-03-2026 19:31:33, (KC),TCP,ENABLED,224,338,4111/95%,6200/85%,335.0/99%<RED>,394.0/99%<RED>,485.6/97%<RED>,717720/67%,1084072/64%,295743/73%,128547/90%,128460/74%,4330/87%,19-03-2026 19:46:35, (KC),94.1,88.9,1104/96%,12562/82%,850.0/99%<RED>,901.0/99%<RED>,579.6/97%<RED>,276492/68%,2120975/58%,587715/68%,129745/71%,129678/72%,4131/83%,19-03-2026 20:11:47, (KC),111,169,985/96%<RED>,26049/80%,887.0/99%<RED>,931.0/99%<RED>,569.0/98%<RED>,269579/66%<RED>,3092987/54%,1125776/58%,146122/67%,257563/61%,2340/88%, , , , , , , , , , , , , , , , , , , , , , , , , , , , , ,19-03-2026 20:32:07, (KC),1536,302,3542/82%,47749/60%,2293.0/99%,2233.0/99%,878.8/98%,43442/69%,1394248/53%,577505/52%,16272/79%,51383/63%,11753/70%,1814/81%,29938/62%,2213.0/99%,1361.2/96%,13218/80%,250708/53%,6409/66%,1634/81%,29067/61%,2372.0/99%,1335.2/96%,235416/54%,11338/81%,5583/66%
ecf26ec,3.4.0,nvme1138.mec01.nbulabs.nvidia.com, ,22-03-2026 19:35:02, (KC),TCP,ENABLED,272,309,4105/95%,6315/85%,369.0/99%<RED>,383.0/99%<RED>,515.4/96%<RED>,700518/64%,1084946/66%,294520/74%,129412/90%,129520/75%,4399/88%,22-03-2026 19:49:45, (KC),102,126,1156/96%,12249/81%,850.0/99%<RED>,877.0/99%<RED>,568.8/97%<RED>,283145/67%,2130630/58%,586751/67%,129524/69%,129721/73%,4427/85%,22-03-2026 20:12:06, (KC),127,73.2,991/97%<RED>,26209/80%,891.0/99%<RED>,928.0/99%<RED>,570.4/98%<RED>,261946/65%<RED>,3039054/56%,1129263/59%,139427/68%,258786/62%,2397/88%, , , , , , , , , , , , , , , , , , , , , , , , , , , , , ,22-03-2026 20:37:04, (KC),1536,304,3565/82%,47601/63%,2284.0/99%,2231.0/99%,894.4/98%,41028/69%,1445636/53%,599268/53%,16131/79%,51581/65%,11842/70%,1821/81%,29976/62%,2199.0/99%,1334.6/96%,13088/81%,252441/53%,6437/66%,1621/81%,29468/62%,2362.0/99%,1323.6/96%,237245/52%,11367/81%,5627/67%
ecf26ec,3.4.0,nvme1138.mec01.nbulabs.nvidia.com, ,24-03-2026 22:15:36, (KC),TCP,ENABLED,290,325,4045/95%,6304/86%,231.0/99%<RED>,400.0/99%<RED>,519.8/96%<RED>,721823/68%,1084995/63%,295015/73%,129118/89%,129061/74%,4358/88%,24-03-2026 22:30:04, (KC),103,129,1143/96%,11636/82%,834.0/99%<RED>,891.0/99%<RED>,592.0/97%<RED>,279836/67%,2126814/57%,588397/68%,129714/68%,129638/71%,4419/84%,24-03-2026 22:52:13, (KC),101,170,1018/96%<RED>,25863/80%,886.0/99%<RED>,926.0/99%<RED>,560.8/98%<RED>,275039/65%<RED>,3173991/54%,1122224/57%,144796/66%,258505/61%,2510/88%, , , , , , , , , , , , , , , , , , , , , , , , , , , , , ,24-03-2026 23:13:10, (KC),1433,300,3525/83%,47680/61%,2283.0/99%,2222.0/99%,890.0/98%,44740/70%,1455049/53%,602811/53%,16035/79%,51792/64%,11790/70%,1800/81%,30442/61%,2217.0/99%,1343.4/96%,13086/81%,256205/53%,6440/66%,1607/82%,29540/61%,2359.0/99%,1316.0/96%,240455/53%,11177/81%,5624/67%
